College_Name,Course,City,State,University,Average_Fees,Rating,NIRF_Rank,Institute_Type,NBA_Accreditation,NAAC_Accreditation,Website,Course_Category,Affordability_Score,Quality_Score,Overall_Score,Affordability_Tier,Quality_Tier,Ranking_Tier
Koneru Lakshmaiah Education Foundation University (K L College of Engineering),BIOTECHNOLOGY,Vaddeswaram,Andhra Pradesh,Not Available,0.0,0.0,35.0,Private,Not Available,Not Available,-,Chemical & Biotechnology,,58.4,58.4,Not Available,Average,Top 50
Koneru Lakshmaiah Education Foundation University (K L College of Engineering),CIVIL ENGINEERING,Vaddeswaram,Andhra Pradesh,Not Available,0.0,0.0,35.0,Private,Not Available,Not Available,-,Civil Engineering,,58.4,58.4,Not Available,Average,Top 50
Koneru Lakshmaiah Education Foundation University (K L College of Engineering),COMPUTER SCIENCE & ENGINEERING,Vaddeswaram,Andhra Pradesh,Not Available,0.0,0.0,35.0,Private,Not Available,Not Available,-,Computer Science & IT,,58.4,58.4,Not Available,Average,Top 50
Koneru Lakshmaiah Education Foundation University (K L College of Engineering),ELECTRICAL AND ELECTRONICS ENGINEERING,Vaddeswaram,Andhra Pradesh,Not Available,0.0,0.0,35.0,Private,Not Available,Not Available,-,Electronics & Communication,,58.4,58.4,Not Available,Average,Top 50
Koneru Lakshmaiah Education Foundation University (K L College of Engineering),ELECTRONICS & COMMUNICATION ENGG,Vaddeswaram,Andhra Pradesh,Not Available,0.0,0.0,35.0,Private,Not Available,Not Available,-,Electronics & Communication,,58.4,58.4,Not Available,Average,Top 50
Koneru Lakshmaiah Education Foundation University (K L College of Engineering),ELECTRONICS AND COMPUTER ENGINEERING,Vaddeswaram,Andhra Pradesh,Not Available,0.0,0.0,35.0,Private,Not Available,Not Available,-,Computer Science & IT,,58.4,58.4,Not Available,Average,Top 50
Koneru Lakshmaiah Education Foundation University (K L College of Engineering),INDUSTRIAL AND PRODUCTION ENGINEERING,Vaddeswaram,Andhra Pradesh,Not Available,0.0,0.0,35.0,Private,Not Available,Not Available,-,Mechanical Engineering,,58.4,58.4,Not Available,Average,Top 50
Koneru Lakshmaiah Education Foundation University (K L College of Engineering),INFORMATION SCIENCE AND TECHNOLOGY,Vaddeswaram,Andhra Pradesh,Not Available,0.0,0.0,35.0,Private,Not Available,Not Available,-,Other Engineering,,58.4,58.4,Not Available,Average,Top 50
Koneru Lakshmaiah Education Foundation University (K L College of Engineering),MECHANICAL ENGINEERING,Vaddeswaram,Andhra Pradesh,Not Available,0.0,0.0,35.0,Private,Not Available,Not Available,-,Mechanical Engineering,,58.4,58.4,Not Available,Average,Top 50
Aditya Engineering College,AGRICULTURAL ENGINEERING,Surampalem,Andhra Pradesh,"Jawaharlal Nehru Technological University, Kakinada",163440.0,0.0,,Private - Autonomous,No,No,www.aec.edu.in,Agriculture & Food Tech,67.312,20.0,38.9,Affordable,Below Average,Not Ranked
PACE Institute of Technology and Sciences,AUTOMOBILE ENGINEERING,Valluru,Andhra Pradesh,"Jawaharlal Nehru Technological University, Kakinada",150812.5,0.0,,Private,No,No,www.pace.ac.in,Mechanical Engineering,69.8375,20.0,39.9,Affordable,Below Average,Not Ranked
Sri Venkateswara College of Engineering and Technology,AUTOMOBILE ENGINEERING,Tirupati,Andhra Pradesh,"Jawaharlal Nehru Technological University, Anantapur",184629.41176470587,3.08,,Private,No,Not Available,www.svcetedu.or g,Mechanical Engineering,63.07411764705883,20.0,37.2,Affordable,Below Average,Not Ranked
Aditya College of Engineering,CIVIL ENGINEERING,Surampalem,Andhra Pradesh,"Jawaharlal Nehru Technological University, Kakinada",150500.0,2.72,,Private,No,No,www.acem.ac.in,Civil Engineering,69.9,20.0,40.0,Affordable,Below Average,Not Ranked
Sri Vasavi Engineering College,CIVIL ENGINEERING,West Godavari,Andhra Pradesh,"Jawaharlal Nehru Technological University, Kakinada",151764.70588235295,3.18,,Private,No,No,www.srivasavien gg.ac,Civil Engineering,69.6470588235294,41.8,52.9,Affordable,Average,Not Ranked
RISE Krishna Sai Gandhi Group of Institutions,CIVIL ENGINEERING,Valluru,Andhra Pradesh,"Jawaharlal Nehru Technological University, Kakinada",117250.0,0.0,,Private,No,No,www.risegroup.e du.in,Civil Engineering,76.55,20.0,42.6,Affordable,Below Average,Not Ranked
RISE Krishna Sai Prakasam Group of Institutions,CIVIL ENGINEERING,Valluru,Andhra Pradesh,"Jawaharlal Nehru Technological University, Kakinada",118214.28571428572,0.0,,Private,No,No,www.risegroup.e du.in,Civil Engineering,76.35714285714286,20.0,42.5,Affordable,Below Average,Not Ranked
PES College of Engineering,CIVIL ENGINEERING,Mandya,Karnataka,"Visvesvaraya Technological University, Belagavi",127875.0,2.99,,Private,No,No,"www.sircrrengg.a
 c.in",Civil Engineering,74.425,20.0,41.8,Affordable,Below Average,Not Ranked
Krishna Chaitanya Institute of Technology and Sciences,CIVIL ENGINEERING,Idupur,Andhra Pradesh,"Jawaharlal Nehru Technological University, Kakinada",149000.0,0.0,,Private,No,No,www.kits- anna.com,Civil Engineering,70.2,20.0,40.1,Affordable,Below Average,Not Ranked
Vishnu Institute of Technology,CIVIL ENGINEERING,Bhimavaram,Andhra Pradesh,"Jawaharlal Nehru Technological University, Kakinada",248754.54545454544,3.51,,Private,No,No,www.vishnu.edu.i n,Civil Engineering,50.24909090909091,45.1,47.2,Moderate,Average,Not Ranked
Ramachandra College of Engineering,CIVIL ENGINEERING,Kokkirapadu,Andhra Pradesh,"Jawaharlal Nehru Technological University, Kakinada",151499.99999999997,0.0,,Private,No,No,www.rcee.ac.in,Civil Engineering,69.7,20.0,39.9,Affordable,Below Average,Not Ranked
Vindhya Institute of Technology and Science,CIVIL ENGINEERING,Indore,Madhya Pradesh,"Rajiv Gandhi Proudyogiki Vishwavidyalaya, Bhopal",130353.84615384616,0.0,,Private,No,No,www.bvcits.ac.in,Civil Engineering,73.92923076923077,20.0,41.6,Affordable,Below Average,Not Ranked
Vignan's Lara Institute of Technology and Science,CIVIL ENGINEERING,Vadlamudi,Andhra Pradesh,"Jawaharlal Nehru Technological University, Kakinada",241090.9090909091,0.0,,Private,No,No,www.vignanlara. org,Civil Engineering,51.78181818181818,20.0,32.7,Moderate,Below Average,Not Ranked
Srinivasa Institute of Engineering and Technology,CIVIL ENGINEERING,Amalapuram,Andhra Pradesh,"Jawaharlal Nehru Technological University, Kakinada",102769.23076923077,0.0,,Private,No,No,www.sriniet.edu.i n,Civil Engineering,79.44615384615385,20.0,43.8,Affordable,Below Average,Not Ranked
Ramireddy Subbarami Reddy Engineering College,CIVIL ENGINEERING,Kadanuthala,Andhra Pradesh,"Jawaharlal Nehru Technological University, Anantapur",153166.66666666666,0.0,,Private,No,No,www.rsrec.in,Civil Engineering,69.36666666666667,20.0,39.7,Affordable,Below Average,Not Ranked
Gayatri Vidya Parishad College for Degree and PG Courses,CIVIL ENGINEERING,Visakhapatnam,Andhra Pradesh,"Andhra University, Visakhapatnam",201666.66666666663,0.0,,Private,No,No,www.gvpcdpgc.e du.in/,Civil Engineering,59.66666666666667,20.0,35.9,Moderate,Below Average,Not Ranked
Chalapathi Institute of Engineering and Technology,CIVIL ENGINEERING,Guntur,Andhra Pradesh,"Acharya Nagarjuna University, Guntur",190000.0,0.0,,Private,No,No,"www.chalapathie
 ngg.a",Civil Engineering,62.0,20.0,36.8,Affordable,Below Average,Not Ranked
Geethanjali Institute of Science and Technology,CIVIL ENGINEERING,Gangavaram,Andhra Pradesh,"Jawaharlal Nehru Technological University, Anantapur",160444.44444444444,0.0,,Private,No,No,www.gist.edu.in,Civil Engineering,67.91111111111111,20.0,39.2,Affordable,Below Average,Not Ranked
Pragati Engineering College,CIVIL ENGINEERING,Surampalem,Andhra Pradesh,"Jawaharlal Nehru Technological University, Kakinada",217714.2857142857,3.08,,Private - Autonomous,No,No,www.pragati.ac.i n,Civil Engineering,56.457142857142856,40.8,47.1,Moderate,Average,Not Ranked
Srinivasa Ramanujan Institute of Technology,CIVIL ENGINEERING,Chedulla,Andhra Pradesh,"Jawaharlal Nehru Technological University, Anantapur",170625.0,3.02,,Private,No,No,www.srit.ac.in,Civil Engineering,65.875,40.2,50.5,Affordable,Average,Not Ranked
NRI Institute of Technology,CIVIL ENGINEERING,Gopalapuram,Andhra Pradesh,"Jawaharlal Nehru Technological University, Kakinada",168666.6666666667,0.0,,Private,No,No,www.nrigroupofc olleg,Civil Engineering,66.26666666666667,20.0,38.5,Affordable,Below Average,Not Ranked
Dhanekula Institute of Engineering and Technology,CIVIL ENGINEERING,Gangur,Andhra Pradesh,"Jawaharlal Nehru Technological University, Kakinada",141981.81818181818,0.0,,Private,No,No,www.diet.ac.in,Civil Engineering,71.60363636363637,20.0,40.6,Affordable,Below Average,Not Ranked
Aditya Engineering College,CIVIL ENGINEERING,Surampalem,Andhra Pradesh,"Jawaharlal Nehru Technological University, Kakinada",163440.0,0.0,,Private - Autonomous,No,No,www.aec.edu.in,Civil Engineering,67.312,20.0,38.9,Affordable,Below Average,Not Ranked
PACE Institute of Technology and Sciences,CIVIL ENGINEERING,Valluru,Andhra Pradesh,"Jawaharlal Nehru Technological University, Kakinada",150812.5,0.0,,Private,No,No,www.pace.ac.in,Civil Engineering,69.8375,20.0,39.9,Affordable,Below Average,Not Ranked
Sri Venkateswara College of Engineering and Technology,CIVIL ENGINEERING,Tirupati,Andhra Pradesh,"Jawaharlal Nehru Technological University, Anantapur",184629.41176470587,3.08,,Private,No,Not Available,www.svcetedu.or g,Civil Engineering,63.07411764705883,20.0,37.2,Affordable,Below Average,Not Ranked
Sagi Ramakrishnam Raju Engineering College,CIVIL ENGINEERING,Bhimavaram,Andhra Pradesh,"Andhra University, Visakhapatnam",253666.66666666663,3.6,,Private - Autonomous,No,No,www.srkrec.ac.in,Civil Engineering,49.26666666666667,46.0,47.3,Moderate,Average,Not Ranked
Gayatri Vidya Parishad College for Degree and PG Courses,COMPUTER SCIENCE & ENGINEERING,Visakhapatnam,Andhra Pradesh,"Andhra University, Visakhapatnam",201666.66666666663,0.0,,Private,No,No,www.gvpcdpgc.e du.in/,Computer Science & IT,59.66666666666667,20.0,35.9,Moderate,Below Average,Not Ranked
Pragati Engineering College,COMPUTER SCIENCE & ENGINEERING,Surampalem,Andhra Pradesh,"Jawaharlal Nehru Technological University, Kakinada",217714.2857142857,3.08,,Private - Autonomous,No,No,www.pragati.ac.i n,Computer Science & IT,56.457142857142856,40.8,47.1,Moderate,Average,Not Ranked
Dhanekula Institute of Engineering and Technology,COMPUTER SCIENCE & ENGINEERING,Gangur,Andhra Pradesh,"Jawaharlal Nehru Technological University, Kakinada",141981.81818181818,0.0,,Private,No,No,www.diet.ac.in,Computer Science & IT,71.60363636363637,20.0,40.6,Affordable,Below Average,Not Ranked
Lendi Institute of Engineering and Technology,COMPUTER SCIENCE & ENGINEERING,Jonnada,Andhra Pradesh,"Jawaharlal Nehru Technological University, Kakinada",192888.88888888888,3.02,,Private,No,No,www.lendi.org,Computer Science & IT,61.422222222222224,40.2,48.7,Affordable,Average,Not Ranked
Vishnu Institute of Technology,COMPUTER SCIENCE & ENGINEERING,Bhimavaram,Andhra Pradesh,"Jawaharlal Nehru Technological University, Kakinada",248754.54545454544,3.51,,Private,No,No,www.vishnu.edu.i n,Computer Science & IT,50.24909090909091,45.1,47.2,Moderate,Average,Not Ranked
NRI Institute of Technology,COMPUTER SCIENCE & ENGINEERING,Gopalapuram,Andhra Pradesh,"Jawaharlal Nehru Technological University, Kakinada",168666.6666666667,0.0,,Private,No,No,www.nrigroupofc olleg,Computer Science & IT,66.26666666666667,20.0,38.5,Affordable,Below Average,Not Ranked
Geethanjali Institute of Science and Technology,COMPUTER SCIENCE AND ENGINEERING,Gangavaram,Andhra Pradesh,"Jawaharlal Nehru Technological University, Anantapur",160444.44444444444,0.0,,Private,No,No,www.gist.edu.in,Computer Science & IT,67.91111111111111,20.0,39.2,Affordable,Below Average,Not Ranked
Aditya College of Engineering,COMPUTER SCIENCE AND ENGINEERING,Surampalem,Andhra Pradesh,"Jawaharlal Nehru Technological University, Kakinada",150500.0,2.72,,Private,No,No,www.acem.ac.in,Computer Science & IT,69.9,20.0,40.0,Affordable,Below Average,Not Ranked
RISE Krishna Sai Gandhi Group of Institutions,COMPUTER SCIENCE AND ENGINEERING,Valluru,Andhra Pradesh,"Jawaharlal Nehru Technological University, Kakinada",117250.0,0.0,,Private,No,No,www.risegroup.e du.in,Computer Science & IT,76.55,20.0,42.6,Affordable,Below Average,Not Ranked
RISE Krishna Sai Prakasam Group of Institutions,COMPUTER SCIENCE AND ENGINEERING,Valluru,Andhra Pradesh,"Jawaharlal Nehru Technological University, Kakinada",118214.28571428572,0.0,,Private,No,No,www.risegroup.e du.in,Computer Science & IT,76.35714285714286,20.0,42.5,Affordable,Below Average,Not Ranked
Krishna Chaitanya Institute of Technology and Sciences,COMPUTER SCIENCE AND ENGINEERING,Idupur,Andhra Pradesh,"Jawaharlal Nehru Technological University, Kakinada",149000.0,0.0,,Private,No,No,www.kits- anna.com,Computer Science & IT,70.2,20.0,40.1,Affordable,Below Average,Not Ranked
Srinivasa Ramanujan Institute of Technology,COMPUTER SCIENCE AND ENGINEERING,Chedulla,Andhra Pradesh,"Jawaharlal Nehru Technological University, Anantapur",170625.0,3.02,,Private,No,No,www.srit.ac.in,Computer Science & IT,65.875,40.2,50.5,Affordable,Average,Not Ranked
Ramachandra College of Engineering,COMPUTER SCIENCE AND ENGINEERING,Kokkirapadu,Andhra Pradesh,"Jawaharlal Nehru Technological University, Kakinada",151499.99999999997,0.0,,Private,No,No,www.rcee.ac.in,Computer Science & IT,69.7,20.0,39.9,Affordable,Below Average,Not Ranked
Vindhya Institute of Technology and Science,COMPUTER SCIENCE AND ENGINEERING,Indore,Madhya Pradesh,"Rajiv Gandhi Proudyogiki Vishwavidyalaya, Bhopal",130353.84615384616,0.0,,Private,No,No,www.bvcits.ac.in,Computer Science & IT,73.92923076923077,20.0,41.6,Affordable,Below Average,Not Ranked
Srinivasa Institute of Engineering and Technology,COMPUTER SCIENCE AND ENGINEERING,Amalapuram,Andhra Pradesh,"Jawaharlal Nehru Technological University, Kakinada",102769.23076923077,0.0,,Private,No,No,www.sriniet.edu.i n,Computer Science & IT,79.44615384615385,20.0,43.8,Affordable,Below Average,Not Ranked
Ramireddy Subbarami Reddy Engineering College,COMPUTER SCIENCE AND ENGINEERING,Kadanuthala,Andhra Pradesh,"Jawaharlal Nehru Technological University, Anantapur",153166.66666666666,0.0,,Private,No,No,www.rsrec.in,Computer Science & IT,69.36666666666667,20.0,39.7,Affordable,Below Average,Not Ranked
Gayatri Vidya Parishad College of Engineering for Women,COMPUTER SCIENCE AND ENGINEERING,Visakhapatnam,Andhra Pradesh,"Jawaharlal Nehru Technological University, Kakinada",360199.99999999994,0.0,,Private,No,No,www.gvpcew.ac.i n,Computer Science & IT,33.980000000000004,20.0,25.6,Premium,Below Average,Not Ranked
Chalapathi Institute of Engineering and Technology,COMPUTER SCIENCE AND ENGINEERING,Guntur,Andhra Pradesh,"Acharya Nagarjuna University, Guntur",190000.0,0.0,,Private,No,No,"www.chalapathie
 ngg.a",Computer Science & IT,62.0,20.0,36.8,Affordable,Below Average,Not Ranked
PACE Institute of Technology and Sciences,COMPUTER SCIENCE AND ENGINEERING,Valluru,Andhra Pradesh,"Jawaharlal Nehru Technological University, Kakinada",150812.5,0.0,,Private,No,No,www.pace.ac.in,Computer Science & IT,69.8375,20.0,39.9,Affordable,Below Average,Not Ranked
PES College of Engineering,COMPUTER SCIENCE AND ENGINEERING,Mandya,Karnataka,"Visvesvaraya Technological University, Belagavi",127875.0,2.99,,Private,No,No,"www.sircrrengg.a
 c.in",Computer Science & IT,74.425,20.0,41.8,Affordable,Below Average,Not Ranked
Sri Venkateswara College of Engineering and Technology,COMPUTER SCIENCE AND ENGINEERING,Tirupati,Andhra Pradesh,"Jawaharlal Nehru Technological University, Anantapur",184629.41176470587,3.08,,Private,No,Not Available,www.svcetedu.or g,Computer Science & IT,63.07411764705883,20.0,37.2,Affordable,Below Average,Not Ranked
Vignan's Lara Institute of Technology and Science,COMPUTER SCIENCE AND ENGINEERING,Vadlamudi,Andhra Pradesh,"Jawaharlal Nehru Technological University, Kakinada",241090.9090909091,0.0,,Private,No,No,www.vignanlara. org,Computer Science & IT,51.78181818181818,20.0,32.7,Moderate,Below Average,Not Ranked
Aditya Engineering College,COMPUTER SCIENCE AND ENGINEERING,Surampalem,Andhra Pradesh,"Jawaharlal Nehru Technological University, Kakinada",163440.0,0.0,,Private - Autonomous,No,No,www.aec.edu.in,Computer Science & IT,67.312,20.0,38.9,Affordable,Below Average,Not Ranked
Sri Vasavi Engineering College,COMPUTER SCIENCE AND ENGINEERING,West Godavari,Andhra Pradesh,"Jawaharlal Nehru Technological University, Kakinada",151764.70588235295,3.18,,Private,No,No,www.srivasavien gg.ac,Computer Science & IT,69.6470588235294,41.8,52.9,Affordable,Average,Not Ranked
Sagi Ramakrishnam Raju Engineering College,COMPUTER SCIENCE AND ENGINEERING,Bhimavaram,Andhra Pradesh,"Andhra University, Visakhapatnam",253666.66666666663,3.6,,Private - Autonomous,No,No,www.srkrec.ac.in,Computer Science & IT,49.26666666666667,46.0,47.3,Moderate,Average,Not Ranked
Geethanjali Institute of Science and Technology,ELECTRICAL AND ELECTRONICS ENGINEERING,Gangavaram,Andhra Pradesh,"Jawaharlal Nehru Technological University, Anantapur",160444.44444444444,0.0,,Private,No,No,www.gist.edu.in,Electronics & Communication,67.91111111111111,20.0,39.2,Affordable,Below Average,Not Ranked
Aditya College of Engineering,ELECTRICAL AND ELECTRONICS ENGINEERING,Surampalem,Andhra Pradesh,"Jawaharlal Nehru Technological University, Kakinada",150500.0,2.72,,Private,No,No,www.acem.ac.in,Electronics & Communication,69.9,20.0,40.0,Affordable,Below Average,Not Ranked
RISE Krishna Sai Prakasam Group of Institutions,ELECTRICAL AND ELECTRONICS ENGINEERING,Valluru,Andhra Pradesh,"Jawaharlal Nehru Technological University, Kakinada",118214.28571428572,0.0,,Private,No,No,www.risegroup.e du.in,Electronics & Communication,76.35714285714286,20.0,42.5,Affordable,Below Average,Not Ranked
Krishna Chaitanya Institute of Technology and Sciences,ELECTRICAL AND ELECTRONICS ENGINEERING,Idupur,Andhra Pradesh,"Jawaharlal Nehru Technological University, Kakinada",149000.0,0.0,,Private,No,No,www.kits- anna.com,Electronics & Communication,70.2,20.0,40.1,Affordable,Below Average,Not Ranked
Sri Venkateswara College of Engineering and Technology,ELECTRICAL AND ELECTRONICS ENGINEERING,Tirupati,Andhra Pradesh,"Jawaharlal Nehru Technological University, Anantapur",184629.41176470587,3.08,,Private,No,Not Available,www.svcetedu.or g,Electronics & Communication,63.07411764705883,20.0,37.2,Affordable,Below Average,Not Ranked
Srinivasa Institute of Engineering and Technology,ELECTRICAL AND ELECTRONICS ENGINEERING,Amalapuram,Andhra Pradesh,"Jawaharlal Nehru Technological University, Kakinada",102769.23076923077,0.0,,Private,No,No,www.sriniet.edu.i n,Electronics & Communication,79.44615384615385,20.0,43.8,Affordable,Below Average,Not Ranked
Ramireddy Subbarami Reddy Engineering College,ELECTRICAL AND ELECTRONICS ENGINEERING,Kadanuthala,Andhra Pradesh,"Jawaharlal Nehru Technological University, Anantapur",153166.66666666666,0.0,,Private,No,No,www.rsrec.in,Electronics & Communication,69.36666666666667,20.0,39.7,Affordable,Below Average,Not Ranked
Gayatri Vidya Parishad College of Engineering for Women,ELECTRICAL AND ELECTRONICS ENGINEERING,Visakhapatnam,Andhra Pradesh,"Jawaharlal Nehru Technological University, Kakinada",360199.99999999994,0.0,,Private,No,No,www.gvpcew.ac.i n,Electronics & Communication,33.980000000000004,20.0,25.6,Premium,Below Average,Not Ranked
NRI Institute of Technology,ELECTRICAL AND ELECTRONICS ENGINEERING,Gopalapuram,Andhra Pradesh,"Jawaharlal Nehru Technological University, Kakinada",168666.6666666667,0.0,,Private,No,No,www.nrigroupofc olleg,Electronics & Communication,66.26666666666667,20.0,38.5,Affordable,Below Average,Not Ranked
Dhanekula Institute of Engineering and Technology,ELECTRICAL AND ELECTRONICS ENGINEERING,Gangur,Andhra Pradesh,"Jawaharlal Nehru Technological University, Kakinada",141981.81818181818,0.0,,Private,No,No,www.diet.ac.in,Electronics & Communication,71.60363636363637,20.0,40.6,Affordable,Below Average,Not Ranked
Chalapathi Institute of Engineering and Technology,ELECTRICAL AND ELECTRONICS ENGINEERING,Guntur,Andhra Pradesh,"Acharya Nagarjuna University, Guntur",190000.0,0.0,,Private,No,No,"www.chalapathie
 ngg.a",Electronics & Communication,62.0,20.0,36.8,Affordable,Below Average,Not Ranked
Sri Vasavi Engineering College,ELECTRICAL AND ELECTRONICS ENGINEERING,West Godavari,Andhra Pradesh,"Jawaharlal Nehru Technological University, Kakinada",151764.70588235295,3.18,,Private,No,No,www.srivasavien gg.ac,Electronics & Communication,69.6470588235294,41.8,52.9,Affordable,Average,Not Ranked
PACE Institute of Technology and Sciences,ELECTRICAL AND ELECTRONICS ENGINEERING,Valluru,Andhra Pradesh,"Jawaharlal Nehru Technological University, Kakinada",150812.5,0.0,,Private,No,No,www.pace.ac.in,Electronics & Communication,69.8375,20.0,39.9,Affordable,Below Average,Not Ranked
Pragati Engineering College,ELECTRICAL AND ELECTRONICS ENGINEERING,Surampalem,Andhra Pradesh,"Jawaharlal Nehru Technological University, Kakinada",217714.2857142857,3.08,,Private - Autonomous,No,No,www.pragati.ac.i n,Electronics & Communication,56.457142857142856,40.8,47.1,Moderate,Average,Not Ranked
Lendi Institute of Engineering and Technology,ELECTRICAL AND ELECTRONICS ENGINEERING,Jonnada,Andhra Pradesh,"Jawaharlal Nehru Technological University, Kakinada",192888.88888888888,3.02,,Private,No,No,www.lendi.org,Electronics & Communication,61.422222222222224,40.2,48.7,Affordable,Average,Not Ranked
Vishnu Institute of Technology,ELECTRICAL AND ELECTRONICS ENGINEERING,Bhimavaram,Andhra Pradesh,"Jawaharlal Nehru Technological University, Kakinada",248754.54545454544,3.51,,Private,No,No,www.vishnu.edu.i n,Electronics & Communication,50.24909090909091,45.1,47.2,Moderate,Average,Not Ranked
Srinivasa Ramanujan Institute of Technology,ELECTRICAL AND ELECTRONICS ENGINEERING,Chedulla,Andhra Pradesh,"Jawaharlal Nehru Technological University, Anantapur",170625.0,3.02,,Private,No,No,www.srit.ac.in,Electronics & Communication,65.875,40.2,50.5,Affordable,Average,Not Ranked
Ramachandra College of Engineering,ELECTRICAL AND ELECTRONICS ENGINEERING,Kokkirapadu,Andhra Pradesh,"Jawaharlal Nehru Technological University, Kakinada",151499.99999999997,0.0,,Private,No,No,www.rcee.ac.in,Electronics & Communication,69.7,20.0,39.9,Affordable,Below Average,Not Ranked
Vindhya Institute of Technology and Science,ELECTRICAL AND ELECTRONICS ENGINEERING,Indore,Madhya Pradesh,"Rajiv Gandhi Proudyogiki Vishwavidyalaya, Bhopal",130353.84615384616,0.0,,Private,No,No,www.bvcits.ac.in,Electronics & Communication,73.92923076923077,20.0,41.6,Affordable,Below Average,Not Ranked
Vignan's Lara Institute of Technology and Science,ELECTRICAL AND ELECTRONICS ENGINEERING,Vadlamudi,Andhra Pradesh,"Jawaharlal Nehru Technological University, Kakinada",241090.9090909091,0.0,,Private,No,No,www.vignanlara. org,Electronics & Communication,51.78181818181818,20.0,32.7,Moderate,Below Average,Not Ranked
Aditya Engineering College,ELECTRICAL AND ELECTRONICS ENGINEERING,Surampalem,Andhra Pradesh,"Jawaharlal Nehru Technological University, Kakinada",163440.0,0.0,,Private - Autonomous,No,No,www.aec.edu.in,Electronics & Communication,67.312,20.0,38.9,Affordable,Below Average,Not Ranked
PES College of Engineering,ELECTRICAL AND ELECTRONICS ENGINEERING,Mandya,Karnataka,"Visvesvaraya Technological University, Belagavi",127875.0,2.99,,Private,No,No,"www.sircrrengg.a
 c.in",Electronics & Communication,74.425,20.0,41.8,Affordable,Below Average,Not Ranked
Sagi Ramakrishnam Raju Engineering College,ELECTRICAL AND ELECTRONICS ENGINEERING,Bhimavaram,Andhra Pradesh,"Andhra University, Visakhapatnam",253666.66666666663,3.6,,Private - Autonomous,No,No,www.srkrec.ac.in,Electronics & Communication,49.26666666666667,46.0,47.3,Moderate,Average,Not Ranked
Gayatri Vidya Parishad College for Degree and PG Courses,ELECTRONICS & COMMUNICATION ENGG,Visakhapatnam,Andhra Pradesh,"Andhra University, Visakhapatnam",201666.66666666663,0.0,,Private,No,No,www.gvpcdpgc.e du.in/,Electronics & Communication,59.66666666666667,20.0,35.9,Moderate,Below Average,Not Ranked
RISE Krishna Sai Gandhi Group of Institutions,ELECTRONICS & COMMUNICATION ENGG,Valluru,Andhra Pradesh,"Jawaharlal Nehru Technological University, Kakinada",117250.0,0.0,,Private,No,No,www.risegroup.e du.in,Electronics & Communication,76.55,20.0,42.6,Affordable,Below Average,Not Ranked
RISE Krishna Sai Prakasam Group of Institutions,ELECTRONICS & COMMUNICATION ENGG,Valluru,Andhra Pradesh,"Jawaharlal Nehru Technological University, Kakinada",118214.28571428572,0.0,,Private,No,No,www.risegroup.e du.in,Electronics & Communication,76.35714285714286,20.0,42.5,Affordable,Below Average,Not Ranked
Krishna Chaitanya Institute of Technology and Sciences,ELECTRONICS & COMMUNICATION ENGG,Idupur,Andhra Pradesh,"Jawaharlal Nehru Technological University, Kakinada",149000.0,0.0,,Private,No,No,www.kits- anna.com,Electronics & Communication,70.2,20.0,40.1,Affordable,Below Average,Not Ranked
Vindhya Institute of Technology and Science,ELECTRONICS & COMMUNICATION ENGG,Indore,Madhya Pradesh,"Rajiv Gandhi Proudyogiki Vishwavidyalaya, Bhopal",130353.84615384616,0.0,,Private,No,No,www.bvcits.ac.in,Electronics & Communication,73.92923076923077,20.0,41.6,Affordable,Below Average,Not Ranked
Ramireddy Subbarami Reddy Engineering College,ELECTRONICS & COMMUNICATION ENGG,Kadanuthala,Andhra Pradesh,"Jawaharlal Nehru Technological University, Anantapur",153166.66666666666,0.0,,Private,No,No,www.rsrec.in,Electronics & Communication,69.36666666666667,20.0,39.7,Affordable,Below Average,Not Ranked
Gayatri Vidya Parishad College of Engineering for Women,ELECTRONICS & COMMUNICATION ENGG,Visakhapatnam,Andhra Pradesh,"Jawaharlal Nehru Technological University, Kakinada",360199.99999999994,0.0,,Private,No,No,www.gvpcew.ac.i n,Electronics & Communication,33.980000000000004,20.0,25.6,Premium,Below Average,Not Ranked
Dhanekula Institute of Engineering and Technology,ELECTRONICS & COMMUNICATION ENGG,Gangur,Andhra Pradesh,"Jawaharlal Nehru Technological University, Kakinada",141981.81818181818,0.0,,Private,No,No,www.diet.ac.in,Electronics & Communication,71.60363636363637,20.0,40.6,Affordable,Below Average,Not Ranked
Geethanjali Institute of Science and Technology,ELECTRONICS & COMMUNICATION ENGG,Gangavaram,Andhra Pradesh,"Jawaharlal Nehru Technological University, Anantapur",160444.44444444444,0.0,,Private,No,No,www.gist.edu.in,Electronics & Communication,67.91111111111111,20.0,39.2,Affordable,Below Average,Not Ranked
Sri Vasavi Engineering College,ELECTRONICS & COMMUNICATION ENGG,West Godavari,Andhra Pradesh,"Jawaharlal Nehru Technological University, Kakinada",151764.70588235295,3.18,,Private,No,No,www.srivasavien gg.ac,Electronics & Communication,69.6470588235294,41.8,52.9,Affordable,Average,Not Ranked
PACE Institute of Technology and Sciences,ELECTRONICS & COMMUNICATION ENGG,Valluru,Andhra Pradesh,"Jawaharlal Nehru Technological University, Kakinada",150812.5,0.0,,Private,No,No,www.pace.ac.in,Electronics & Communication,69.8375,20.0,39.9,Affordable,Below Average,Not Ranked
PES College of Engineering,ELECTRONICS & COMMUNICATION ENGG,Mandya,Karnataka,"Visvesvaraya Technological University, Belagavi",127875.0,2.99,,Private,No,No,"www.sircrrengg.a
 c.in",Electronics & Communication,74.425,20.0,41.8,Affordable,Below Average,Not Ranked
Vishnu Institute of Technology,ELECTRONICS & COMMUNICATION ENGG,Bhimavaram,Andhra Pradesh,"Jawaharlal Nehru Technological University, Kakinada",248754.54545454544,3.51,,Private,No,No,www.vishnu.edu.i n,Electronics & Communication,50.24909090909091,45.1,47.2,Moderate,Average,Not Ranked
NRI Institute of Technology,ELECTRONICS & COMMUNICATION ENGG,Gopalapuram,Andhra Pradesh,"Jawaharlal Nehru Technological University, Kakinada",168666.6666666667,0.0,,Private,No,No,www.nrigroupofc olleg,Electronics & Communication,66.26666666666667,20.0,38.5,Affordable,Below Average,Not Ranked
Pragati Engineering College,ELECTRONICS & COMMUNICATION ENGG,Surampalem,Andhra Pradesh,"Jawaharlal Nehru Technological University, Kakinada",217714.2857142857,3.08,,Private - Autonomous,No,No,www.pragati.ac.i n,Electronics & Communication,56.457142857142856,40.8,47.1,Moderate,Average,Not Ranked
Aditya Engineering College,ELECTRONICS & COMMUNICATION ENGG,Surampalem,Andhra Pradesh,"Jawaharlal Nehru Technological University, Kakinada",163440.0,0.0,,Private - Autonomous,No,No,www.aec.edu.in,Electronics & Communication,67.312,20.0,38.9,Affordable,Below Average,Not Ranked
Aditya College of Engineering,ELECTRONICS AND COMMUNICATIONS ENGINEERING,Surampalem,Andhra Pradesh,"Jawaharlal Nehru Technological University, Kakinada",150500.0,2.72,,Private,No,No,www.acem.ac.in,Electronics & Communication,69.9,20.0,40.0,Affordable,Below Average,Not Ranked
Srinivasa Ramanujan Institute of Technology,ELECTRONICS AND COMMUNICATIONS ENGINEERING,Chedulla,Andhra Pradesh,"Jawaharlal Nehru Technological University, Anantapur",170625.0,3.02,,Private,No,No,www.srit.ac.in,Electronics & Communication,65.875,40.2,50.5,Affordable,Average,Not Ranked
Srinivasa Institute of Engineering and Technology,ELECTRONICS AND COMMUNICATIONS ENGINEERING,Amalapuram,Andhra Pradesh,"Jawaharlal Nehru Technological University, Kakinada",102769.23076923077,0.0,,Private,No,No,www.sriniet.edu.i n,Electronics & Communication,79.44615384615385,20.0,43.8,Affordable,Below Average,Not Ranked
Chalapathi Institute of Engineering and Technology,ELECTRONICS AND COMMUNICATIONS ENGINEERING,Guntur,Andhra Pradesh,"Acharya Nagarjuna University, Guntur",190000.0,0.0,,Private,No,No,"www.chalapathie
 ngg.a",Electronics & Communication,62.0,20.0,36.8,Affordable,Below Average,Not Ranked
Lendi Institute of Engineering and Technology,ELECTRONICS AND COMMUNICATIONS ENGINEERING,Jonnada,Andhra Pradesh,"Jawaharlal Nehru Technological University, Kakinada",192888.88888888888,3.02,,Private,No,No,www.lendi.org,Electronics & Communication,61.422222222222224,40.2,48.7,Affordable,Average,Not Ranked
Ramachandra College of Engineering,ELECTRONICS AND COMMUNICATIONS ENGINEERING,Kokkirapadu,Andhra Pradesh,"Jawaharlal Nehru Technological University, Kakinada",151499.99999999997,0.0,,Private,No,No,www.rcee.ac.in,Electronics & Communication,69.7,20.0,39.9,Affordable,Below Average,Not Ranked
Vignan's Lara Institute of Technology and Science,ELECTRONICS AND COMMUNICATIONS ENGINEERING,Vadlamudi,Andhra Pradesh,"Jawaharlal Nehru Technological University, Kakinada",241090.9090909091,0.0,,Private,No,No,www.vignanlara. org,Electronics & Communication,51.78181818181818,20.0,32.7,Moderate,Below Average,Not Ranked
Sri Venkateswara College of Engineering and Technology,ELECTRONICS AND COMMUNICATIONS ENGINEERING,Tirupati,Andhra Pradesh,"Jawaharlal Nehru Technological University, Anantapur",184629.41176470587,3.08,,Private,No,Not Available,www.svcetedu.or g,Electronics & Communication,63.07411764705883,20.0,37.2,Affordable,Below Average,Not Ranked
Sagi Ramakrishnam Raju Engineering College,ELECTRONICS AND COMMUNICATIONS ENGINEERING,Bhimavaram,Andhra Pradesh,"Andhra University, Visakhapatnam",253666.66666666663,3.6,,Private - Autonomous,No,No,www.srkrec.ac.in,Electronics & Communication,49.26666666666667,46.0,47.3,Moderate,Average,Not Ranked
PACE Institute of Technology and Sciences,INFORMATION TECHNOLOGY,Valluru,Andhra Pradesh,"Jawaharlal Nehru Technological University, Kakinada",150812.5,0.0,,Private,No,No,www.pace.ac.in,Computer Science & IT,69.8375,20.0,39.9,Affordable,Below Average,Not Ranked
Pragati Engineering College,INFORMATION TECHNOLOGY,Surampalem,Andhra Pradesh,"Jawaharlal Nehru Technological University, Kakinada",217714.2857142857,3.08,,Private - Autonomous,No,No,www.pragati.ac.i n,Computer Science & IT,56.457142857142856,40.8,47.1,Moderate,Average,Not Ranked
Vishnu Institute of Technology,INFORMATION TECHNOLOGY,Bhimavaram,Andhra Pradesh,"Jawaharlal Nehru Technological University, Kakinada",248754.54545454544,3.51,,Private,No,No,www.vishnu.edu.i n,Computer Science & IT,50.24909090909091,45.1,47.2,Moderate,Average,Not Ranked
Sri Venkateswara College of Engineering and Technology,INFORMATION TECHNOLOGY,Tirupati,Andhra Pradesh,"Jawaharlal Nehru Technological University, Anantapur",184629.41176470587,3.08,,Private,No,Not Available,www.svcetedu.or g,Computer Science & IT,63.07411764705883,20.0,37.2,Affordable,Below Average,Not Ranked
Vignan's Lara Institute of Technology and Science,INFORMATION TECHNOLOGY,Vadlamudi,Andhra Pradesh,"Jawaharlal Nehru Technological University, Kakinada",241090.9090909091,0.0,,Private,No,No,www.vignanlara. org,Computer Science & IT,51.78181818181818,20.0,32.7,Moderate,Below Average,Not Ranked
Gayatri Vidya Parishad College of Engineering for Women,INFORMATION TECHNOLOGY,Visakhapatnam,Andhra Pradesh,"Jawaharlal Nehru Technological University, Kakinada",360199.99999999994,0.0,,Private,No,No,www.gvpcew.ac.i n,Computer Science & IT,33.980000000000004,20.0,25.6,Premium,Below Average,Not Ranked
NRI Institute of Technology,INFORMATION TECHNOLOGY,Gopalapuram,Andhra Pradesh,"Jawaharlal Nehru Technological University, Kakinada",168666.6666666667,0.0,,Private,No,No,www.nrigroupofc olleg,Computer Science & IT,66.26666666666667,20.0,38.5,Affordable,Below Average,Not Ranked
Aditya Engineering College,INFORMATION TECHNOLOGY,Surampalem,Andhra Pradesh,"Jawaharlal Nehru Technological University, Kakinada",163440.0,0.0,,Private - Autonomous,No,No,www.aec.edu.in,Computer Science & IT,67.312,20.0,38.9,Affordable,Below Average,Not Ranked
PES College of Engineering,INFORMATION TECHNOLOGY,Mandya,Karnataka,"Visvesvaraya Technological University, Belagavi",127875.0,2.99,,Private,No,No,"www.sircrrengg.a
 c.in",Computer Science & IT,74.425,20.0,41.8,Affordable,Below Average,Not Ranked
Sagi Ramakrishnam Raju Engineering College,INFORMATION TECHNOLOGY,Bhimavaram,Andhra Pradesh,"Andhra University, Visakhapatnam",253666.66666666663,3.6,,Private - Autonomous,No,No,www.srkrec.ac.in,Computer Science & IT,49.26666666666667,46.0,47.3,Moderate,Average,Not Ranked
Geethanjali Institute of Science and Technology,MECHANICAL ENGINEERING,Gangavaram,Andhra Pradesh,"Jawaharlal Nehru Technological University, Anantapur",160444.44444444444,0.0,,Private,No,No,www.gist.edu.in,Mechanical Engineering,67.91111111111111,20.0,39.2,Affordable,Below Average,Not Ranked
Aditya College of Engineering,MECHANICAL ENGINEERING,Surampalem,Andhra Pradesh,"Jawaharlal Nehru Technological University, Kakinada",150500.0,2.72,,Private,No,No,www.acem.ac.in,Mechanical Engineering,69.9,20.0,40.0,Affordable,Below Average,Not Ranked
RISE Krishna Sai Prakasam Group of Institutions,MECHANICAL ENGINEERING,Valluru,Andhra Pradesh,"Jawaharlal Nehru Technological University, Kakinada",118214.28571428572,0.0,,Private,No,No,www.risegroup.e du.in,Mechanical Engineering,76.35714285714286,20.0,42.5,Affordable,Below Average,Not Ranked
Krishna Chaitanya Institute of Technology and Sciences,MECHANICAL ENGINEERING,Idupur,Andhra Pradesh,"Jawaharlal Nehru Technological University, Kakinada",149000.0,0.0,,Private,No,No,www.kits- anna.com,Mechanical Engineering,70.2,20.0,40.1,Affordable,Below Average,Not Ranked
Vindhya Institute of Technology and Science,MECHANICAL ENGINEERING,Indore,Madhya Pradesh,"Rajiv Gandhi Proudyogiki Vishwavidyalaya, Bhopal",130353.84615384616,0.0,,Private,No,No,www.bvcits.ac.in,Mechanical Engineering,73.92923076923077,20.0,41.6,Affordable,Below Average,Not Ranked
Ramireddy Subbarami Reddy Engineering College,MECHANICAL ENGINEERING,Kadanuthala,Andhra Pradesh,"Jawaharlal Nehru Technological University, Anantapur",153166.66666666666,0.0,,Private,No,No,www.rsrec.in,Mechanical Engineering,69.36666666666667,20.0,39.7,Affordable,Below Average,Not Ranked
Gayatri Vidya Parishad College for Degree and PG Courses,MECHANICAL ENGINEERING,Visakhapatnam,Andhra Pradesh,"Andhra University, Visakhapatnam",201666.66666666663,0.0,,Private,No,No,www.gvpcdpgc.e du.in/,Mechanical Engineering,59.66666666666667,20.0,35.9,Moderate,Below Average,Not Ranked
Chalapathi Institute of Engineering and Technology,MECHANICAL ENGINEERING,Guntur,Andhra Pradesh,"Acharya Nagarjuna University, Guntur",190000.0,0.0,,Private,No,No,"www.chalapathie
 ngg.a",Mechanical Engineering,62.0,20.0,36.8,Affordable,Below Average,Not Ranked
Sri Vasavi Engineering College,MECHANICAL ENGINEERING,West Godavari,Andhra Pradesh,"Jawaharlal Nehru Technological University, Kakinada",151764.70588235295,3.18,,Private,No,No,www.srivasavien gg.ac,Mechanical Engineering,69.6470588235294,41.8,52.9,Affordable,Average,Not Ranked
PACE Institute of Technology and Sciences,MECHANICAL ENGINEERING,Valluru,Andhra Pradesh,"Jawaharlal Nehru Technological University, Kakinada",150812.5,0.0,,Private,No,No,www.pace.ac.in,Mechanical Engineering,69.8375,20.0,39.9,Affordable,Below Average,Not Ranked
PES College of Engineering,MECHANICAL ENGINEERING,Mandya,Karnataka,"Visvesvaraya Technological University, Belagavi",127875.0,2.99,,Private,No,No,"www.sircrrengg.a
 c.in",Mechanical Engineering,74.425,20.0,41.8,Affordable,Below Average,Not Ranked
Lendi Institute of Engineering and Technology,MECHANICAL ENGINEERING,Jonnada,Andhra Pradesh,"Jawaharlal Nehru Technological University, Kakinada",192888.88888888888,3.02,,Private,No,No,www.lendi.org,Mechanical Engineering,61.422222222222224,40.2,48.7,Affordable,Average,Not Ranked
Vishnu Institute of Technology,MECHANICAL ENGINEERING,Bhimavaram,Andhra Pradesh,"Jawaharlal Nehru Technological University, Kakinada",248754.54545454544,3.51,,Private,No,No,www.vishnu.edu.i n,Mechanical Engineering,50.24909090909091,45.1,47.2,Moderate,Average,Not Ranked
Srinivasa Ramanujan Institute of Technology,MECHANICAL ENGINEERING,Chedulla,Andhra Pradesh,"Jawaharlal Nehru Technological University, Anantapur",170625.0,3.02,,Private,No,No,www.srit.ac.in,Mechanical Engineering,65.875,40.2,50.5,Affordable,Average,Not Ranked
Ramachandra College of Engineering,MECHANICAL ENGINEERING,Kokkirapadu,Andhra Pradesh,"Jawaharlal Nehru Technological University, Kakinada",151499.99999999997,0.0,,Private,No,No,www.rcee.ac.in,Mechanical Engineering,69.7,20.0,39.9,Affordable,Below Average,Not Ranked
Srinivasa Institute of Engineering and Technology,MECHANICAL ENGINEERING,Amalapuram,Andhra Pradesh,"Jawaharlal Nehru Technological University, Kakinada",102769.23076923077,0.0,,Private,No,No,www.sriniet.edu.i n,Mechanical Engineering,79.44615384615385,20.0,43.8,Affordable,Below Average,Not Ranked
Dhanekula Institute of Engineering and Technology,MECHANICAL ENGINEERING,Gangur,Andhra Pradesh,"Jawaharlal Nehru Technological University, Kakinada",141981.81818181818,0.0,,Private,No,No,www.diet.ac.in,Mechanical Engineering,71.60363636363637,20.0,40.6,Affordable,Below Average,Not Ranked
Vignan's Lara Institute of Technology and Science,MECHANICAL ENGINEERING,Vadlamudi,Andhra Pradesh,"Jawaharlal Nehru Technological University, Kakinada",241090.9090909091,0.0,,Private,No,No,www.vignanlara. org,Mechanical Engineering,51.78181818181818,20.0,32.7,Moderate,Below Average,Not Ranked
NRI Institute of Technology,MECHANICAL ENGINEERING,Gopalapuram,Andhra Pradesh,"Jawaharlal Nehru Technological University, Kakinada",168666.6666666667,0.0,,Private,No,No,www.nrigroupofc olleg,Mechanical Engineering,66.26666666666667,20.0,38.5,Affordable,Below Average,Not Ranked
Aditya Engineering College,MECHANICAL ENGINEERING,Surampalem,Andhra Pradesh,"Jawaharlal Nehru Technological University, Kakinada",163440.0,0.0,,Private - Autonomous,No,No,www.aec.edu.in,Mechanical Engineering,67.312,20.0,38.9,Affordable,Below Average,Not Ranked
Pragati Engineering College,MECHANICAL ENGINEERING,Surampalem,Andhra Pradesh,"Jawaharlal Nehru Technological University, Kakinada",217714.2857142857,3.08,,Private - Autonomous,No,No,www.pragati.ac.i n,Mechanical Engineering,56.457142857142856,40.8,47.1,Moderate,Average,Not Ranked
Sri Venkateswara College of Engineering and Technology,MECHANICAL ENGINEERING,Tirupati,Andhra Pradesh,"Jawaharlal Nehru Technological University, Anantapur",184629.41176470587,3.08,,Private,No,Not Available,www.svcetedu.or g,Mechanical Engineering,63.07411764705883,20.0,37.2,Affordable,Below Average,Not Ranked
Sagi Ramakrishnam Raju Engineering College,MECHANICAL ENGINEERING,Bhimavaram,Andhra Pradesh,"Andhra University, Visakhapatnam",253666.66666666663,3.6,,Private - Autonomous,No,No,www.srkrec.ac.in,Mechanical Engineering,49.26666666666667,46.0,47.3,Moderate,Average,Not Ranked
Aditya Engineering College,MINING ENGINEERING,Surampalem,Andhra Pradesh,"Jawaharlal Nehru Technological University, Kakinada",163440.0,0.0,,Private - Autonomous,No,No,www.aec.edu.in,Mining & Metallurgy,67.312,20.0,38.9,Affordable,Below Average,Not Ranked
Aditya Engineering College,PETROLEUM TECHNOLOGY,Surampalem,Andhra Pradesh,"Jawaharlal Nehru Technological University, Kakinada",163440.0,0.0,,Private - Autonomous,No,No,www.aec.edu.in,Other Engineering,67.312,20.0,38.9,Affordable,Below Average,Not Ranked
RVR and JC College of Engineering,CHEMICAL ENGINEERING,Guntur,Andhra Pradesh,"Acharya Nagarjuna University, Guntur",304200.0,3.19,,"Private -
 Autonomous",Yes,Yes,www.rvrjcce.ac.in,Chemical & Biotechnology,39.58,75.2,61.0,Premium,Good,Not Ranked
Anil Neerukonda Institute of Technology and Sciences,CHEMICAL ENGINEERING,Visakhapatnam,Andhra Pradesh,"Andhra University, Visakhapatnam",281666.6666666667,3.01,,Private - Autonomous,Yes,Yes,www.anits.edu.in,Chemical & Biotechnology,43.666666666666664,73.4,61.5,Moderate,Good,Not Ranked
Maharaj Vijayaram Gajapathi Raj College of Engineering,CHEMICAL ENGINEERING,Vizianagaram,Andhra Pradesh,"Jawaharlal Nehru Technological University, Kakinada",241533.3333333333,3.14,,Private - Autonomous,Yes,Yes,"www.mvgrce.edu
 .in",Chemical & Biotechnology,51.693333333333335,74.7,65.5,Moderate,Good,Not Ranked
Gayatri Vidya Parishad College of Engineering,CHEMICAL ENGINEERING,Visakhapatnam,Andhra Pradesh,"Jawaharlal Nehru Technological University, Kakinada",239380.9523809524,3.47,,Private - Autonomous,Yes,Yes,www.gvpce.ac.in,Chemical & Biotechnology,52.12380952380952,78.0,67.6,Moderate,Good,Not Ranked
GMR Institute of Technology,CHEMICAL ENGINEERING,Srikakulam,Andhra Pradesh,"Jawaharlal Nehru Technological University, Kakinada",301846.1538461539,3.16,,Private - Autonomous,Yes,Yes,www.gmrit.org,Chemical & Biotechnology,39.815384615384616,74.9,60.9,Premium,Good,Not Ranked
JNTUA College of Engineering,CHEMICAL ENGINEERING,Anantapur,Andhra Pradesh,"Jawaharlal Nehru Technological University, Anantapur",56464.28571428572,0.0,,Government,Yes,Not Available,www.jntuacea.ac. in,Chemical & Biotechnology,88.70714285714286,66.7,75.5,Budget-Friendly,Good,Not Ranked
Madanapalle Institute of Technology and Science,CIVIL ENGINEERING,Madanapalle,Andhra Pradesh,"Jawaharlal Nehru Technological University, Anantapur",277812.5,0.0,,Private - Autonomous,Yes,Yes,www.mits.ac.in,Civil Engineering,44.4375,86.7,69.8,Moderate,Excellent,Not Ranked
Shri Vishnu Engineering College for Women,CIVIL ENGINEERING,West Godavari,Andhra Pradesh,"Jawaharlal Nehru Technological University, Kakinada",242500.0,3.09,,Private - Autonomous,Yes,Yes,www.svecw.edu.i n,Civil Engineering,51.5,74.2,65.1,Moderate,Good,Not Ranked
Anil Neerukonda Institute of Technology and Sciences,CIVIL ENGINEERING,Visakhapatnam,Andhra Pradesh,"Andhra University, Visakhapatnam",281666.6666666667,3.01,,Private - Autonomous,Yes,Yes,www.anits.edu.in,Civil Engineering,43.666666666666664,73.4,61.5,Moderate,Good,Not Ranked
Raipur Institute of Technology,CIVIL ENGINEERING,Naya Raipur,Chhattisgarh,"Chhattisgarh Swami Vivekanand Technical University, Bhilai",203526.31578947368,0.0,,Private,Yes,Yes,www.raghuinstec h.com,Civil Engineering,59.294736842105266,86.7,75.7,Moderate,Excellent,Not Ranked
Prasad V Potluri Siddhartha Institute of Technology,CIVIL ENGINEERING,Vijayawada,Andhra Pradesh,"Jawaharlal Nehru Technological University, Kakinada",276636.36363636365,3.38,,Private - Autonomous,Yes,Yes,www.pvpsiddhart ha.ac,Civil Engineering,44.67272727272727,77.1,64.1,Moderate,Good,Not Ranked
QIS College of Engineering and Technology,CIVIL ENGINEERING,Vegamukkapalem,Andhra Pradesh,"Jawaharlal Nehru Technological University, Kakinada",184450.0,0.0,,Private - Autonomous,Yes,Yes,www.qiscet.edu.i n,Civil Engineering,63.11,86.7,77.3,Affordable,Excellent,Not Ranked
University College of Engineering,CIVIL ENGINEERING,Hyderabad,Telangana,"Osmania University, Hyderabad",93203.58974358976,0.0,101.0,Government Autonomous,Yes,Yes,www.jntucek.ac..i n,Civil Engineering,81.35928205128205,70.7,75.0,Budget-Friendly,Good,Top 200
Raghu Engineering College,CIVIL ENGINEERING,Visakhapatnam,Andhra Pradesh,"Jawaharlal Nehru Technological University, Kakinada",227000.0,3.06,,Private - Autonomous,Yes,Yes,www.raghuenggc ollege,Civil Engineering,54.6,73.9,66.2,Moderate,Good,Not Ranked
JNTUA College of Engineering,CIVIL ENGINEERING,Anantapur,Andhra Pradesh,"Jawaharlal Nehru Technological University, Anantapur",56464.28571428572,0.0,,Government,Yes,Not Available,www.jntuacea.ac. in,Civil Engineering,88.70714285714286,66.7,75.5,Budget-Friendly,Good,Not Ranked
Aditya Institute of Technology and Management,CIVIL ENGINEERING,K Kotturu,Andhra Pradesh,"Jawaharlal Nehru Technological University, Kakinada",159875.0,0.0,,Private - Autonomous,Yes,Yes,www.adityatekka li.ed,Civil Engineering,68.025,86.7,79.2,Affordable,Excellent,Not Ranked
Vasireddy Venkatadri Institute of Technology,CIVIL ENGINEERING,Guntur,Andhra Pradesh,"Jawaharlal Nehru Technological University, Kakinada",228857.14285714287,3.09,,Private,Yes,Yes,www.vvitguntur.c om,Civil Engineering,54.22857142857143,74.2,66.2,Moderate,Good,Not Ranked
Sree Vidyanikethan Engineering College,CIVIL ENGINEERING,Tirupati,Andhra Pradesh,"Jawaharlal Nehru Technological University, Anantapur",202090.9090909091,2.95,,Private - Autonomous,Yes,Yes,www.vidyaniketh an.ed,Civil Engineering,59.581818181818186,72.8,67.5,Moderate,Good,Not Ranked
Maharaj Vijayaram Gajapathi Raj College of Engineering,CIVIL ENGINEERING,Vizianagaram,Andhra Pradesh,"Jawaharlal Nehru Technological University, Kakinada",241533.3333333333,3.14,,Private - Autonomous,Yes,Yes,"www.mvgrce.edu
 .in",Civil Engineering,51.693333333333335,74.7,65.5,Moderate,Good,Not Ranked
Gayatri Vidya Parishad College of Engineering,CIVIL ENGINEERING,Visakhapatnam,Andhra Pradesh,"Jawaharlal Nehru Technological University, Kakinada",239380.9523809524,3.47,,Private - Autonomous,Yes,Yes,www.gvpce.ac.in,Civil Engineering,52.12380952380952,78.0,67.6,Moderate,Good,Not Ranked
GMR Institute of Technology,CIVIL ENGINEERING,Srikakulam,Andhra Pradesh,"Jawaharlal Nehru Technological University, Kakinada",301846.1538461539,3.16,,Private - Autonomous,Yes,Yes,www.gmrit.org,Civil Engineering,39.815384615384616,74.9,60.9,Premium,Good,Not Ranked
Gudlavalleru Engineering College,CIVIL ENGINEERING,Gudlavalleru,Andhra Pradesh,"Jawaharlal Nehru Technological University, Kakinada",236241.66666666663,3.07,,Private - Autonomous,Yes,Yes,www.gecgudlaval leru.,Civil Engineering,52.75166666666667,74.0,65.5,Moderate,Good,Not Ranked
RVR and JC College of Engineering,CIVIL ENGINEERING,Guntur,Andhra Pradesh,"Acharya Nagarjuna University, Guntur",304200.0,3.19,,"Private -
 Autonomous",Yes,Yes,www.rvrjcce.ac.in,Civil Engineering,39.58,75.2,61.0,Premium,Good,Not Ranked
Vignan's Institute of Information Technology,CIVIL ENGINEERING,Visakhapatnam,Andhra Pradesh,"Jawaharlal Nehru Technological University, Kakinada",251466.66666666663,3.41,,Private - Autonomous,Yes,Yes,www.vignaniit.co m,Civil Engineering,49.70666666666668,77.4,66.3,Moderate,Good,Not Ranked
Velagapudi Ramakrishna Siddhartha Engineering College,CIVIL ENGINEERING,Vijayawada,Andhra Pradesh,"Jawaharlal Nehru Technological University, Kakinada",277277.7777777777,3.17,151.0,Private - Autonomous,Yes,Yes,www.vrsiddharth a.ac.,Civil Engineering,44.544444444444466,64.7,56.6,Moderate,Good,Top 200
Madanapalle Institute of Technology and Science,COMPUTER ENGINEERING,Madanapalle,Andhra Pradesh,"Jawaharlal Nehru Technological University, Anantapur",277812.5,0.0,,Private - Autonomous,Yes,Yes,www.mits.ac.in,Computer Science & IT,44.4375,86.7,69.8,Moderate,Excellent,Not Ranked
University College of Engineering,COMPUTER SCEINCE & ENGINEERING,Hyderabad,Telangana,"Osmania University, Hyderabad",93203.58974358976,0.0,101.0,Government Autonomous,Yes,Yes,www.jntucek.ac..i n,Other Engineering,81.35928205128205,70.7,75.0,Budget-Friendly,Good,Top 200
Shri Vishnu Engineering College for Women,COMPUTER SCEINCE & ENGINEERING,West Godavari,Andhra Pradesh,"Jawaharlal Nehru Technological University, Kakinada",242500.0,3.09,,Private - Autonomous,Yes,Yes,www.svecw.edu.i n,Other Engineering,51.5,74.2,65.1,Moderate,Good,Not Ranked
Madanapalle Institute of Technology and Science,COMPUTER SCIENCE & ENGINEERING,Madanapalle,Andhra Pradesh,"Jawaharlal Nehru Technological University, Anantapur",277812.5,0.0,,Private - Autonomous,Yes,Yes,www.mits.ac.in,Computer Science & IT,44.4375,86.7,69.8,Moderate,Excellent,Not Ranked
Raipur Institute of Technology,COMPUTER SCIENCE & ENGINEERING,Naya Raipur,Chhattisgarh,"Chhattisgarh Swami Vivekanand Technical University, Bhilai",203526.31578947368,0.0,,Private,Yes,Yes,www.raghuinstec h.com,Computer Science & IT,59.294736842105266,86.7,75.7,Moderate,Excellent,Not Ranked
Raghu Engineering College,COMPUTER SCIENCE & ENGINEERING,Visakhapatnam,Andhra Pradesh,"Jawaharlal Nehru Technological University, Kakinada",227000.0,3.06,,Private - Autonomous,Yes,Yes,www.raghuenggc ollege,Computer Science & IT,54.6,73.9,66.2,Moderate,Good,Not Ranked
Madanapalle Institute of Technology and Science,COMPUTER SCIENCE & TECHNOLOGY,Madanapalle,Andhra Pradesh,"Jawaharlal Nehru Technological University, Anantapur",277812.5,0.0,,Private - Autonomous,Yes,Yes,www.mits.ac.in,Computer Science & IT,44.4375,86.7,69.8,Moderate,Excellent,Not Ranked
JNTUA College of Engineering,COMPUTER SCIENCE AND ENGINEERING,Anantapur,Andhra Pradesh,"Jawaharlal Nehru Technological University, Anantapur",56464.28571428572,0.0,,Government,Yes,Not Available,www.jntuacea.ac. in,Computer Science & IT,88.70714285714286,66.7,75.5,Budget-Friendly,Good,Not Ranked
Prasad V Potluri Siddhartha Institute of Technology,COMPUTER SCIENCE AND ENGINEERING,Vijayawada,Andhra Pradesh,"Jawaharlal Nehru Technological University, Kakinada",276636.36363636365,3.38,,Private - Autonomous,Yes,Yes,www.pvpsiddhart ha.ac,Computer Science & IT,44.67272727272727,77.1,64.1,Moderate,Good,Not Ranked
Aditya Institute of Technology and Management,COMPUTER SCIENCE AND ENGINEERING,K Kotturu,Andhra Pradesh,"Jawaharlal Nehru Technological University, Kakinada",159875.0,0.0,,Private - Autonomous,Yes,Yes,www.adityatekka li.ed,Computer Science & IT,68.025,86.7,79.2,Affordable,Excellent,Not Ranked
RVR and JC College of Engineering,COMPUTER SCIENCE AND ENGINEERING,Guntur,Andhra Pradesh,"Acharya Nagarjuna University, Guntur",304200.0,3.19,,"Private -
 Autonomous",Yes,Yes,www.rvrjcce.ac.in,Computer Science & IT,39.58,75.2,61.0,Premium,Good,Not Ranked
Anil Neerukonda Institute of Technology and Sciences,COMPUTER SCIENCE AND ENGINEERING,Visakhapatnam,Andhra Pradesh,"Andhra University, Visakhapatnam",281666.6666666667,3.01,,Private - Autonomous,Yes,Yes,www.anits.edu.in,Computer Science & IT,43.666666666666664,73.4,61.5,Moderate,Good,Not Ranked
Maharaj Vijayaram Gajapathi Raj College of Engineering,COMPUTER SCIENCE AND ENGINEERING,Vizianagaram,Andhra Pradesh,"Jawaharlal Nehru Technological University, Kakinada",241533.3333333333,3.14,,Private - Autonomous,Yes,Yes,"www.mvgrce.edu
 .in",Computer Science & IT,51.693333333333335,74.7,65.5,Moderate,Good,Not Ranked
GMR Institute of Technology,COMPUTER SCIENCE AND ENGINEERING,Srikakulam,Andhra Pradesh,"Jawaharlal Nehru Technological University, Kakinada",301846.1538461539,3.16,,Private - Autonomous,Yes,Yes,www.gmrit.org,Computer Science & IT,39.815384615384616,74.9,60.9,Premium,Good,Not Ranked
Velagapudi Ramakrishna Siddhartha Engineering College,COMPUTER SCIENCE AND ENGINEERING,Vijayawada,Andhra Pradesh,"Jawaharlal Nehru Technological University, Kakinada",277277.7777777777,3.17,151.0,Private - Autonomous,Yes,Yes,www.vrsiddharth a.ac.,Computer Science & IT,44.544444444444466,64.7,56.6,Moderate,Good,Top 200
Vasireddy Venkatadri Institute of Technology,COMPUTER SCIENCE AND ENGINEERING,Guntur,Andhra Pradesh,"Jawaharlal Nehru Technological University, Kakinada",228857.14285714287,3.09,,Private,Yes,Yes,www.vvitguntur.c om,Computer Science & IT,54.22857142857143,74.2,66.2,Moderate,Good,Not Ranked
Gudlavalleru Engineering College,COMPUTER SCIENCE AND ENGINEERING,Gudlavalleru,Andhra Pradesh,"Jawaharlal Nehru Technological University, Kakinada",236241.66666666663,3.07,,Private - Autonomous,Yes,Yes,www.gecgudlaval leru.,Computer Science & IT,52.75166666666667,74.0,65.5,Moderate,Good,Not Ranked
Sree Vidyanikethan Engineering College,COMPUTER SCIENCE AND ENGINEERING,Tirupati,Andhra Pradesh,"Jawaharlal Nehru Technological University, Anantapur",202090.9090909091,2.95,,Private - Autonomous,Yes,Yes,www.vidyaniketh an.ed,Computer Science & IT,59.581818181818186,72.8,67.5,Moderate,Good,Not Ranked
Gayatri Vidya Parishad College of Engineering,COMPUTER SCIENCE AND ENGINEERING,Visakhapatnam,Andhra Pradesh,"Jawaharlal Nehru Technological University, Kakinada",239380.9523809524,3.47,,Private - Autonomous,Yes,Yes,www.gvpce.ac.in,Computer Science & IT,52.12380952380952,78.0,67.6,Moderate,Good,Not Ranked
Vignan's Institute of Information Technology,COMPUTER SCIENCE AND ENGINEERING,Visakhapatnam,Andhra Pradesh,"Jawaharlal Nehru Technological University, Kakinada",251466.66666666663,3.41,,Private - Autonomous,Yes,Yes,www.vignaniit.co m,Computer Science & IT,49.70666666666668,77.4,66.3,Moderate,Good,Not Ranked
QIS College of Engineering and Technology,COMPUTER SCIENCE AND ENGINEERING,Vegamukkapalem,Andhra Pradesh,"Jawaharlal Nehru Technological University, Kakinada",184450.0,0.0,,Private - Autonomous,Yes,Yes,www.qiscet.edu.i n,Computer Science & IT,63.11,86.7,77.3,Affordable,Excellent,Not Ranked
Madanapalle Institute of Technology and Science,COMPUTER SCIENCE AND INFORMATION TECHNOLOGY,Madanapalle,Andhra Pradesh,"Jawaharlal Nehru Technological University, Anantapur",277812.5,0.0,,Private - Autonomous,Yes,Yes,www.mits.ac.in,Computer Science & IT,44.4375,86.7,69.8,Moderate,Excellent,Not Ranked
Madanapalle Institute of Technology and Science,COMPUTER SCIENCE AND SYSTEMS ENGINEERING,Madanapalle,Andhra Pradesh,"Jawaharlal Nehru Technological University, Anantapur",277812.5,0.0,,Private - Autonomous,Yes,Yes,www.mits.ac.in,Computer Science & IT,44.4375,86.7,69.8,Moderate,Excellent,Not Ranked
Sree Vidyanikethan Engineering College,COMPUTER SCIENCE AND SYSTEMS ENGINEERING,Tirupati,Andhra Pradesh,"Jawaharlal Nehru Technological University, Anantapur",202090.9090909091,2.95,,Private - Autonomous,Yes,Yes,www.vidyaniketh an.ed,Computer Science & IT,59.581818181818186,72.8,67.5,Moderate,Good,Not Ranked
Raipur Institute of Technology,ELECTRICAL AND ELECTRONICS ENGINEERING,Naya Raipur,Chhattisgarh,"Chhattisgarh Swami Vivekanand Technical University, Bhilai",203526.31578947368,0.0,,Private,Yes,Yes,www.raghuinstec h.com,Electronics & Communication,59.294736842105266,86.7,75.7,Moderate,Excellent,Not Ranked
University College of Engineering,ELECTRICAL AND ELECTRONICS ENGINEERING,Hyderabad,Telangana,"Osmania University, Hyderabad",93203.58974358976,0.0,101.0,Government Autonomous,Yes,Yes,www.jntucek.ac..i n,Electronics & Communication,81.35928205128205,70.7,75.0,Budget-Friendly,Good,Top 200
JNTUA College of Engineering,ELECTRICAL AND ELECTRONICS ENGINEERING,Anantapur,Andhra Pradesh,"Jawaharlal Nehru Technological University, Anantapur",56464.28571428572,0.0,,Government,Yes,Not Available,www.jntuacea.ac. in,Electronics & Communication,88.70714285714286,66.7,75.5,Budget-Friendly,Good,Not Ranked
Shri Vishnu Engineering College for Women,ELECTRICAL AND ELECTRONICS ENGINEERING,West Godavari,Andhra Pradesh,"Jawaharlal Nehru Technological University, Kakinada",242500.0,3.09,,Private - Autonomous,Yes,Yes,www.svecw.edu.i n,Electronics & Communication,51.5,74.2,65.1,Moderate,Good,Not Ranked
Maharaj Vijayaram Gajapathi Raj College of Engineering,ELECTRICAL AND ELECTRONICS ENGINEERING,Vizianagaram,Andhra Pradesh,"Jawaharlal Nehru Technological University, Kakinada",241533.3333333333,3.14,,Private - Autonomous,Yes,Yes,"www.mvgrce.edu
 .in",Electronics & Communication,51.693333333333335,74.7,65.5,Moderate,Good,Not Ranked
Gayatri Vidya Parishad College of Engineering,ELECTRICAL AND ELECTRONICS ENGINEERING,Visakhapatnam,Andhra Pradesh,"Jawaharlal Nehru Technological University, Kakinada",239380.9523809524,3.47,,Private - Autonomous,Yes,Yes,www.gvpce.ac.in,Electronics & Communication,52.12380952380952,78.0,67.6,Moderate,Good,Not Ranked
Prasad V Potluri Siddhartha Institute of Technology,ELECTRICAL AND ELECTRONICS ENGINEERING,Vijayawada,Andhra Pradesh,"Jawaharlal Nehru Technological University, Kakinada",276636.36363636365,3.38,,Private - Autonomous,Yes,Yes,www.pvpsiddhart ha.ac,Electronics & Communication,44.67272727272727,77.1,64.1,Moderate,Good,Not Ranked
GMR Institute of Technology,ELECTRICAL AND ELECTRONICS ENGINEERING,Srikakulam,Andhra Pradesh,"Jawaharlal Nehru Technological University, Kakinada",301846.1538461539,3.16,,Private - Autonomous,Yes,Yes,www.gmrit.org,Electronics & Communication,39.815384615384616,74.9,60.9,Premium,Good,Not Ranked
Velagapudi Ramakrishna Siddhartha Engineering College,ELECTRICAL AND ELECTRONICS ENGINEERING,Vijayawada,Andhra Pradesh,"Jawaharlal Nehru Technological University, Kakinada",277277.7777777777,3.17,151.0,Private - Autonomous,Yes,Yes,www.vrsiddharth a.ac.,Electronics & Communication,44.544444444444466,64.7,56.6,Moderate,Good,Top 200
Aditya Institute of Technology and Management,ELECTRICAL AND ELECTRONICS ENGINEERING,K Kotturu,Andhra Pradesh,"Jawaharlal Nehru Technological University, Kakinada",159875.0,0.0,,Private - Autonomous,Yes,Yes,www.adityatekka li.ed,Electronics & Communication,68.025,86.7,79.2,Affordable,Excellent,Not Ranked
Madanapalle Institute of Technology and Science,ELECTRICAL AND ELECTRONICS ENGINEERING,Madanapalle,Andhra Pradesh,"Jawaharlal Nehru Technological University, Anantapur",277812.5,0.0,,Private - Autonomous,Yes,Yes,www.mits.ac.in,Electronics & Communication,44.4375,86.7,69.8,Moderate,Excellent,Not Ranked
Vasireddy Venkatadri Institute of Technology,ELECTRICAL AND ELECTRONICS ENGINEERING,Guntur,Andhra Pradesh,"Jawaharlal Nehru Technological University, Kakinada",228857.14285714287,3.09,,Private,Yes,Yes,www.vvitguntur.c om,Electronics & Communication,54.22857142857143,74.2,66.2,Moderate,Good,Not Ranked
Gudlavalleru Engineering College,ELECTRICAL AND ELECTRONICS ENGINEERING,Gudlavalleru,Andhra Pradesh,"Jawaharlal Nehru Technological University, Kakinada",236241.66666666663,3.07,,Private - Autonomous,Yes,Yes,www.gecgudlaval leru.,Electronics & Communication,52.75166666666667,74.0,65.5,Moderate,Good,Not Ranked
RVR and JC College of Engineering,ELECTRICAL AND ELECTRONICS ENGINEERING,Guntur,Andhra Pradesh,"Acharya Nagarjuna University, Guntur",304200.0,3.19,,"Private -
 Autonomous",Yes,Yes,www.rvrjcce.ac.in,Electronics & Communication,39.58,75.2,61.0,Premium,Good,Not Ranked
Anil Neerukonda Institute of Technology and Sciences,ELECTRICAL AND ELECTRONICS ENGINEERING,Visakhapatnam,Andhra Pradesh,"Andhra University, Visakhapatnam",281666.6666666667,3.01,,Private - Autonomous,Yes,Yes,www.anits.edu.in,Electronics & Communication,43.666666666666664,73.4,61.5,Moderate,Good,Not Ranked
Vignan's Institute of Information Technology,ELECTRICAL AND ELECTRONICS ENGINEERING,Visakhapatnam,Andhra Pradesh,"Jawaharlal Nehru Technological University, Kakinada",251466.66666666663,3.41,,Private - Autonomous,Yes,Yes,www.vignaniit.co m,Electronics & Communication,49.70666666666668,77.4,66.3,Moderate,Good,Not Ranked
QIS College of Engineering and Technology,ELECTRICAL AND ELECTRONICS ENGINEERING,Vegamukkapalem,Andhra Pradesh,"Jawaharlal Nehru Technological University, Kakinada",184450.0,0.0,,Private - Autonomous,Yes,Yes,www.qiscet.edu.i n,Electronics & Communication,63.11,86.7,77.3,Affordable,Excellent,Not Ranked
Raghu Engineering College,ELECTRICAL AND ELECTRONICS ENGINEERING,Visakhapatnam,Andhra Pradesh,"Jawaharlal Nehru Technological University, Kakinada",227000.0,3.06,,Private - Autonomous,Yes,Yes,www.raghuenggc ollege,Electronics & Communication,54.6,73.9,66.2,Moderate,Good,Not Ranked
Sree Vidyanikethan Engineering College,ELECTRICAL AND ELECTRONICS ENGINEERING,Tirupati,Andhra Pradesh,"Jawaharlal Nehru Technological University, Anantapur",202090.9090909091,2.95,,Private - Autonomous,Yes,Yes,www.vidyaniketh an.ed,Electronics & Communication,59.581818181818186,72.8,67.5,Moderate,Good,Not Ranked
University College of Engineering,ELECTRONICS & COMMUNICATION ENGG,Hyderabad,Telangana,"Osmania University, Hyderabad",93203.58974358976,0.0,101.0,Government Autonomous,Yes,Yes,www.jntucek.ac..i n,Electronics & Communication,81.35928205128205,70.7,75.0,Budget-Friendly,Good,Top 200
Prasad V Potluri Siddhartha Institute of Technology,ELECTRONICS & COMMUNICATION ENGG,Vijayawada,Andhra Pradesh,"Jawaharlal Nehru Technological University, Kakinada",276636.36363636365,3.38,,Private - Autonomous,Yes,Yes,www.pvpsiddhart ha.ac,Electronics & Communication,44.67272727272727,77.1,64.1,Moderate,Good,Not Ranked
Aditya Institute of Technology and Management,ELECTRONICS & COMMUNICATION ENGG,K Kotturu,Andhra Pradesh,"Jawaharlal Nehru Technological University, Kakinada",159875.0,0.0,,Private - Autonomous,Yes,Yes,www.adityatekka li.ed,Electronics & Communication,68.025,86.7,79.2,Affordable,Excellent,Not Ranked
Shri Vishnu Engineering College for Women,ELECTRONICS & COMMUNICATION ENGG,West Godavari,Andhra Pradesh,"Jawaharlal Nehru Technological University, Kakinada",242500.0,3.09,,Private - Autonomous,Yes,Yes,www.svecw.edu.i n,Electronics & Communication,51.5,74.2,65.1,Moderate,Good,Not Ranked
Raipur Institute of Technology,ELECTRONICS & COMMUNICATION ENGG,Naya Raipur,Chhattisgarh,"Chhattisgarh Swami Vivekanand Technical University, Bhilai",203526.31578947368,0.0,,Private,Yes,Yes,www.raghuinstec h.com,Electronics & Communication,59.294736842105266,86.7,75.7,Moderate,Excellent,Not Ranked
Vignan's Institute of Information Technology,ELECTRONICS & COMMUNICATION ENGG,Visakhapatnam,Andhra Pradesh,"Jawaharlal Nehru Technological University, Kakinada",251466.66666666663,3.41,,Private - Autonomous,Yes,Yes,www.vignaniit.co m,Electronics & Communication,49.70666666666668,77.4,66.3,Moderate,Good,Not Ranked
GMR Institute of Technology,ELECTRONICS & COMMUNICATION ENGG,Srikakulam,Andhra Pradesh,"Jawaharlal Nehru Technological University, Kakinada",301846.1538461539,3.16,,Private - Autonomous,Yes,Yes,www.gmrit.org,Electronics & Communication,39.815384615384616,74.9,60.9,Premium,Good,Not Ranked
Madanapalle Institute of Technology and Science,ELECTRONICS & COMMUNICATION ENGG,Madanapalle,Andhra Pradesh,"Jawaharlal Nehru Technological University, Anantapur",277812.5,0.0,,Private - Autonomous,Yes,Yes,www.mits.ac.in,Electronics & Communication,44.4375,86.7,69.8,Moderate,Excellent,Not Ranked
Gudlavalleru Engineering College,ELECTRONICS & COMMUNICATION ENGG,Gudlavalleru,Andhra Pradesh,"Jawaharlal Nehru Technological University, Kakinada",236241.66666666663,3.07,,Private - Autonomous,Yes,Yes,www.gecgudlaval leru.,Electronics & Communication,52.75166666666667,74.0,65.5,Moderate,Good,Not Ranked
Gayatri Vidya Parishad College of Engineering,ELECTRONICS & COMMUNICATION ENGG,Visakhapatnam,Andhra Pradesh,"Jawaharlal Nehru Technological University, Kakinada",239380.9523809524,3.47,,Private - Autonomous,Yes,Yes,www.gvpce.ac.in,Electronics & Communication,52.12380952380952,78.0,67.6,Moderate,Good,Not Ranked
QIS College of Engineering and Technology,ELECTRONICS & COMMUNICATION ENGG,Vegamukkapalem,Andhra Pradesh,"Jawaharlal Nehru Technological University, Kakinada",184450.0,0.0,,Private - Autonomous,Yes,Yes,www.qiscet.edu.i n,Electronics & Communication,63.11,86.7,77.3,Affordable,Excellent,Not Ranked
Raghu Engineering College,ELECTRONICS & COMMUNICATION ENGG,Visakhapatnam,Andhra Pradesh,"Jawaharlal Nehru Technological University, Kakinada",227000.0,3.06,,Private - Autonomous,Yes,Yes,www.raghuenggc ollege,Electronics & Communication,54.6,73.9,66.2,Moderate,Good,Not Ranked
Velagapudi Ramakrishna Siddhartha Engineering College,ELECTRONICS & COMMUNICATION ENGG,Vijayawada,Andhra Pradesh,"Jawaharlal Nehru Technological University, Kakinada",277277.7777777777,3.17,151.0,Private - Autonomous,Yes,Yes,www.vrsiddharth a.ac.,Electronics & Communication,44.544444444444466,64.7,56.6,Moderate,Good,Top 200
JNTUA College of Engineering,ELECTRONICS AND COMMUNICATIONS ENGINEERING,Anantapur,Andhra Pradesh,"Jawaharlal Nehru Technological University, Anantapur",56464.28571428572,0.0,,Government,Yes,Not Available,www.jntuacea.ac. in,Electronics & Communication,88.70714285714286,66.7,75.5,Budget-Friendly,Good,Not Ranked
Vasireddy Venkatadri Institute of Technology,ELECTRONICS AND COMMUNICATIONS ENGINEERING,Guntur,Andhra Pradesh,"Jawaharlal Nehru Technological University, Kakinada",228857.14285714287,3.09,,Private,Yes,Yes,www.vvitguntur.c om,Electronics & Communication,54.22857142857143,74.2,66.2,Moderate,Good,Not Ranked
RVR and JC College of Engineering,ELECTRONICS AND COMMUNICATIONS ENGINEERING,Guntur,Andhra Pradesh,"Acharya Nagarjuna University, Guntur",304200.0,3.19,,"Private -
 Autonomous",Yes,Yes,www.rvrjcce.ac.in,Electronics & Communication,39.58,75.2,61.0,Premium,Good,Not Ranked
Anil Neerukonda Institute of Technology and Sciences,ELECTRONICS AND COMMUNICATIONS ENGINEERING,Visakhapatnam,Andhra Pradesh,"Andhra University, Visakhapatnam",281666.6666666667,3.01,,Private - Autonomous,Yes,Yes,www.anits.edu.in,Electronics & Communication,43.666666666666664,73.4,61.5,Moderate,Good,Not Ranked
Maharaj Vijayaram Gajapathi Raj College of Engineering,ELECTRONICS AND COMMUNICATIONS ENGINEERING,Vizianagaram,Andhra Pradesh,"Jawaharlal Nehru Technological University, Kakinada",241533.3333333333,3.14,,Private - Autonomous,Yes,Yes,"www.mvgrce.edu
 .in",Electronics & Communication,51.693333333333335,74.7,65.5,Moderate,Good,Not Ranked
Sree Vidyanikethan Engineering College,ELECTRONICS AND COMMUNICATIONS ENGINEERING,Tirupati,Andhra Pradesh,"Jawaharlal Nehru Technological University, Anantapur",202090.9090909091,2.95,,Private - Autonomous,Yes,Yes,www.vidyaniketh an.ed,Electronics & Communication,59.581818181818186,72.8,67.5,Moderate,Good,Not Ranked
Vignan's Institute of Information Technology,ELECTRONICS AND COMPUTER ENGINEERING,Visakhapatnam,Andhra Pradesh,"Jawaharlal Nehru Technological University, Kakinada",251466.66666666663,3.41,,Private - Autonomous,Yes,Yes,www.vignaniit.co m,Computer Science & IT,49.70666666666668,77.4,66.3,Moderate,Good,Not Ranked
Sree Vidyanikethan Engineering College,ELECTRONICS AND INSTRUMENTATION ENGINEERING,Tirupati,Andhra Pradesh,"Jawaharlal Nehru Technological University, Anantapur",202090.9090909091,2.95,,Private - Autonomous,Yes,Yes,www.vidyaniketh an.ed,Electronics & Communication,59.581818181818186,72.8,67.5,Moderate,Good,Not Ranked
Velagapudi Ramakrishna Siddhartha Engineering College,ELECTRONICS AND INSTRUMENTATION ENGINEERING,Vijayawada,Andhra Pradesh,"Jawaharlal Nehru Technological University, Kakinada",277277.7777777777,3.17,151.0,Private - Autonomous,Yes,Yes,www.vrsiddharth a.ac.,Electronics & Communication,44.544444444444466,64.7,56.6,Moderate,Good,Top 200
Aditya Institute of Technology and Management,INFORMATION TECHNOLOGY,K Kotturu,Andhra Pradesh,"Jawaharlal Nehru Technological University, Kakinada",159875.0,0.0,,Private - Autonomous,Yes,Yes,www.adityatekka li.ed,Computer Science & IT,68.025,86.7,79.2,Affordable,Excellent,Not Ranked
Maharaj Vijayaram Gajapathi Raj College of Engineering,INFORMATION TECHNOLOGY,Vizianagaram,Andhra Pradesh,"Jawaharlal Nehru Technological University, Kakinada",241533.3333333333,3.14,,Private - Autonomous,Yes,Yes,"www.mvgrce.edu
 .in",Computer Science & IT,51.693333333333335,74.7,65.5,Moderate,Good,Not Ranked
Vignan's Institute of Information Technology,INFORMATION TECHNOLOGY,Visakhapatnam,Andhra Pradesh,"Jawaharlal Nehru Technological University, Kakinada",251466.66666666663,3.41,,Private - Autonomous,Yes,Yes,www.vignaniit.co m,Computer Science & IT,49.70666666666668,77.4,66.3,Moderate,Good,Not Ranked
QIS College of Engineering and Technology,INFORMATION TECHNOLOGY,Vegamukkapalem,Andhra Pradesh,"Jawaharlal Nehru Technological University, Kakinada",184450.0,0.0,,Private - Autonomous,Yes,Yes,www.qiscet.edu.i n,Computer Science & IT,63.11,86.7,77.3,Affordable,Excellent,Not Ranked
GMR Institute of Technology,INFORMATION TECHNOLOGY,Srikakulam,Andhra Pradesh,"Jawaharlal Nehru Technological University, Kakinada",301846.1538461539,3.16,,Private - Autonomous,Yes,Yes,www.gmrit.org,Computer Science & IT,39.815384615384616,74.9,60.9,Premium,Good,Not Ranked
Gudlavalleru Engineering College,INFORMATION TECHNOLOGY,Gudlavalleru,Andhra Pradesh,"Jawaharlal Nehru Technological University, Kakinada",236241.66666666663,3.07,,Private - Autonomous,Yes,Yes,www.gecgudlaval leru.,Computer Science & IT,52.75166666666667,74.0,65.5,Moderate,Good,Not Ranked
RVR and JC College of Engineering,INFORMATION TECHNOLOGY,Guntur,Andhra Pradesh,"Acharya Nagarjuna University, Guntur",304200.0,3.19,,"Private -
 Autonomous",Yes,Yes,www.rvrjcce.ac.in,Computer Science & IT,39.58,75.2,61.0,Premium,Good,Not Ranked
Shri Vishnu Engineering College for Women,INFORMATION TECHNOLOGY,West Godavari,Andhra Pradesh,"Jawaharlal Nehru Technological University, Kakinada",242500.0,3.09,,Private - Autonomous,Yes,Yes,www.svecw.edu.i n,Computer Science & IT,51.5,74.2,65.1,Moderate,Good,Not Ranked
Sree Vidyanikethan Engineering College,INFORMATION TECHNOLOGY,Tirupati,Andhra Pradesh,"Jawaharlal Nehru Technological University, Anantapur",202090.9090909091,2.95,,Private - Autonomous,Yes,Yes,www.vidyaniketh an.ed,Computer Science & IT,59.581818181818186,72.8,67.5,Moderate,Good,Not Ranked
Gayatri Vidya Parishad College of Engineering,INFORMATION TECHNOLOGY,Visakhapatnam,Andhra Pradesh,"Jawaharlal Nehru Technological University, Kakinada",239380.9523809524,3.47,,Private - Autonomous,Yes,Yes,www.gvpce.ac.in,Computer Science & IT,52.12380952380952,78.0,67.6,Moderate,Good,Not Ranked
Prasad V Potluri Siddhartha Institute of Technology,INFORMATION TECHNOLOGY,Vijayawada,Andhra Pradesh,"Jawaharlal Nehru Technological University, Kakinada",276636.36363636365,3.38,,Private - Autonomous,Yes,Yes,www.pvpsiddhart ha.ac,Computer Science & IT,44.67272727272727,77.1,64.1,Moderate,Good,Not Ranked
Velagapudi Ramakrishna Siddhartha Engineering College,INFORMATION TECHNOLOGY,Vijayawada,Andhra Pradesh,"Jawaharlal Nehru Technological University, Kakinada",277277.7777777777,3.17,151.0,Private - Autonomous,Yes,Yes,www.vrsiddharth a.ac.,Computer Science & IT,44.544444444444466,64.7,56.6,Moderate,Good,Top 200
Vasireddy Venkatadri Institute of Technology,INFORMATION TECHNOLOGY,Guntur,Andhra Pradesh,"Jawaharlal Nehru Technological University, Kakinada",228857.14285714287,3.09,,Private,Yes,Yes,www.vvitguntur.c om,Computer Science & IT,54.22857142857143,74.2,66.2,Moderate,Good,Not Ranked
Anil Neerukonda Institute of Technology and Sciences,INFORMATION TECHNOLOGY,Visakhapatnam,Andhra Pradesh,"Andhra University, Visakhapatnam",281666.6666666667,3.01,,Private - Autonomous,Yes,Yes,www.anits.edu.in,Computer Science & IT,43.666666666666664,73.4,61.5,Moderate,Good,Not Ranked
Shri Vishnu Engineering College for Women,MECHANICAL ENGINEERING,West Godavari,Andhra Pradesh,"Jawaharlal Nehru Technological University, Kakinada",242500.0,3.09,,Private - Autonomous,Yes,Yes,www.svecw.edu.i n,Mechanical Engineering,51.5,74.2,65.1,Moderate,Good,Not Ranked
University College of Engineering,MECHANICAL ENGINEERING,Hyderabad,Telangana,"Osmania University, Hyderabad",93203.58974358976,0.0,101.0,Government Autonomous,Yes,Yes,www.jntucek.ac..i n,Mechanical Engineering,81.35928205128205,70.7,75.0,Budget-Friendly,Good,Top 200
JNTUA College of Engineering,MECHANICAL ENGINEERING,Anantapur,Andhra Pradesh,"Jawaharlal Nehru Technological University, Anantapur",56464.28571428572,0.0,,Government,Yes,Not Available,www.jntuacea.ac. in,Mechanical Engineering,88.70714285714286,66.7,75.5,Budget-Friendly,Good,Not Ranked
Aditya Institute of Technology and Management,MECHANICAL ENGINEERING,K Kotturu,Andhra Pradesh,"Jawaharlal Nehru Technological University, Kakinada",159875.0,0.0,,Private - Autonomous,Yes,Yes,www.adityatekka li.ed,Mechanical Engineering,68.025,86.7,79.2,Affordable,Excellent,Not Ranked
Raipur Institute of Technology,MECHANICAL ENGINEERING,Naya Raipur,Chhattisgarh,"Chhattisgarh Swami Vivekanand Technical University, Bhilai",203526.31578947368,0.0,,Private,Yes,Yes,www.raghuinstec h.com,Mechanical Engineering,59.294736842105266,86.7,75.7,Moderate,Excellent,Not Ranked
Prasad V Potluri Siddhartha Institute of Technology,MECHANICAL ENGINEERING,Vijayawada,Andhra Pradesh,"Jawaharlal Nehru Technological University, Kakinada",276636.36363636365,3.38,,Private - Autonomous,Yes,Yes,www.pvpsiddhart ha.ac,Mechanical Engineering,44.67272727272727,77.1,64.1,Moderate,Good,Not Ranked
Vasireddy Venkatadri Institute of Technology,MECHANICAL ENGINEERING,Guntur,Andhra Pradesh,"Jawaharlal Nehru Technological University, Kakinada",228857.14285714287,3.09,,Private,Yes,Yes,www.vvitguntur.c om,Mechanical Engineering,54.22857142857143,74.2,66.2,Moderate,Good,Not Ranked
Gudlavalleru Engineering College,MECHANICAL ENGINEERING,Gudlavalleru,Andhra Pradesh,"Jawaharlal Nehru Technological University, Kakinada",236241.66666666663,3.07,,Private - Autonomous,Yes,Yes,www.gecgudlaval leru.,Mechanical Engineering,52.75166666666667,74.0,65.5,Moderate,Good,Not Ranked
RVR and JC College of Engineering,MECHANICAL ENGINEERING,Guntur,Andhra Pradesh,"Acharya Nagarjuna University, Guntur",304200.0,3.19,,"Private -
 Autonomous",Yes,Yes,www.rvrjcce.ac.in,Mechanical Engineering,39.58,75.2,61.0,Premium,Good,Not Ranked
Sree Vidyanikethan Engineering College,MECHANICAL ENGINEERING,Tirupati,Andhra Pradesh,"Jawaharlal Nehru Technological University, Anantapur",202090.9090909091,2.95,,Private - Autonomous,Yes,Yes,www.vidyaniketh an.ed,Mechanical Engineering,59.581818181818186,72.8,67.5,Moderate,Good,Not Ranked
Maharaj Vijayaram Gajapathi Raj College of Engineering,MECHANICAL ENGINEERING,Vizianagaram,Andhra Pradesh,"Jawaharlal Nehru Technological University, Kakinada",241533.3333333333,3.14,,Private - Autonomous,Yes,Yes,"www.mvgrce.edu
 .in",Mechanical Engineering,51.693333333333335,74.7,65.5,Moderate,Good,Not Ranked
GMR Institute of Technology,MECHANICAL ENGINEERING,Srikakulam,Andhra Pradesh,"Jawaharlal Nehru Technological University, Kakinada",301846.1538461539,3.16,,Private - Autonomous,Yes,Yes,www.gmrit.org,Mechanical Engineering,39.815384615384616,74.9,60.9,Premium,Good,Not Ranked
Velagapudi Ramakrishna Siddhartha Engineering College,MECHANICAL ENGINEERING,Vijayawada,Andhra Pradesh,"Jawaharlal Nehru Technological University, Kakinada",277277.7777777777,3.17,151.0,Private - Autonomous,Yes,Yes,www.vrsiddharth a.ac.,Mechanical Engineering,44.544444444444466,64.7,56.6,Moderate,Good,Top 200
Madanapalle Institute of Technology and Science,MECHANICAL ENGINEERING,Madanapalle,Andhra Pradesh,"Jawaharlal Nehru Technological University, Anantapur",277812.5,0.0,,Private - Autonomous,Yes,Yes,www.mits.ac.in,Mechanical Engineering,44.4375,86.7,69.8,Moderate,Excellent,Not Ranked
Anil Neerukonda Institute of Technology and Sciences,MECHANICAL ENGINEERING,Visakhapatnam,Andhra Pradesh,"Andhra University, Visakhapatnam",281666.6666666667,3.01,,Private - Autonomous,Yes,Yes,www.anits.edu.in,Mechanical Engineering,43.666666666666664,73.4,61.5,Moderate,Good,Not Ranked
Gayatri Vidya Parishad College of Engineering,MECHANICAL ENGINEERING,Visakhapatnam,Andhra Pradesh,"Jawaharlal Nehru Technological University, Kakinada",239380.9523809524,3.47,,Private - Autonomous,Yes,Yes,www.gvpce.ac.in,Mechanical Engineering,52.12380952380952,78.0,67.6,Moderate,Good,Not Ranked
Vignan's Institute of Information Technology,MECHANICAL ENGINEERING,Visakhapatnam,Andhra Pradesh,"Jawaharlal Nehru Technological University, Kakinada",251466.66666666663,3.41,,Private - Autonomous,Yes,Yes,www.vignaniit.co m,Mechanical Engineering,49.70666666666668,77.4,66.3,Moderate,Good,Not Ranked
QIS College of Engineering and Technology,MECHANICAL ENGINEERING,Vegamukkapalem,Andhra Pradesh,"Jawaharlal Nehru Technological University, Kakinada",184450.0,0.0,,Private - Autonomous,Yes,Yes,www.qiscet.edu.i n,Mechanical Engineering,63.11,86.7,77.3,Affordable,Excellent,Not Ranked
Raghu Engineering College,MECHANICAL ENGINEERING,Visakhapatnam,Andhra Pradesh,"Jawaharlal Nehru Technological University, Kakinada",227000.0,3.06,,Private - Autonomous,Yes,Yes,www.raghuenggc ollege,Mechanical Engineering,54.6,73.9,66.2,Moderate,Good,Not Ranked
GMR Institute of Technology,POWER ENGINEERING,Srikakulam,Andhra Pradesh,"Jawaharlal Nehru Technological University, Kakinada",301846.1538461539,3.16,,Private - Autonomous,Yes,Yes,www.gmrit.org,Electrical & Power,39.815384615384616,74.9,60.9,Premium,Good,Not Ranked
Assam Engineering College,CHEMICAL ENGINEERING,Guwahati,Assam,"Assam Science and Technology University, Guwahati",36108.333333333336,0.0,,Government,No,No,www.aec.ac.in,Chemical & Biotechnology,100.0,33.3,60.0,Budget-Friendly,Below Average,Not Ranked
Assam Engineering College,CIVIL ENGINEERING,Guwahati,Assam,"Assam Science and Technology University, Guwahati",36108.333333333336,0.0,,Government,No,No,www.aec.ac.in,Civil Engineering,100.0,33.3,60.0,Budget-Friendly,Below Average,Not Ranked
Assam Engineering College,COMPUTER SCIENCE & ENGINEERING,Guwahati,Assam,"Assam Science and Technology University, Guwahati",36108.333333333336,0.0,,Government,No,No,www.aec.ac.in,Computer Science & IT,100.0,33.3,60.0,Budget-Friendly,Below Average,Not Ranked
Assam Engineering College,ELECTRICAL ENGINEERING,Guwahati,Assam,"Assam Science and Technology University, Guwahati",36108.333333333336,0.0,,Government,No,No,www.aec.ac.in,Electrical & Power,100.0,33.3,60.0,Budget-Friendly,Below Average,Not Ranked
Assam Engineering College,ELECTRONICS & TELE- COMMUNICATION ENGINEERING,Guwahati,Assam,"Assam Science and Technology University, Guwahati",36108.333333333336,0.0,,Government,No,No,www.aec.ac.in,Electronics & Communication,100.0,33.3,60.0,Budget-Friendly,Below Average,Not Ranked
Assam Engineering College,INDUSTRIAL AND PRODUCTION ENGINEERING,Guwahati,Assam,"Assam Science and Technology University, Guwahati",36108.333333333336,0.0,,Government,No,No,www.aec.ac.in,Mechanical Engineering,100.0,33.3,60.0,Budget-Friendly,Below Average,Not Ranked
Assam Engineering College,INSTRUMENTATION ENGINEERING,Guwahati,Assam,"Assam Science and Technology University, Guwahati",36108.333333333336,0.0,,Government,No,No,www.aec.ac.in,Other Engineering,100.0,33.3,60.0,Budget-Friendly,Below Average,Not Ranked
Assam Engineering College,MECHANICAL ENGINEERING,Guwahati,Assam,"Assam Science and Technology University, Guwahati",36108.333333333336,0.0,,Government,No,No,www.aec.ac.in,Mechanical Engineering,100.0,33.3,60.0,Budget-Friendly,Below Average,Not Ranked
KK College of Engineering and Management,CIVIL ENGINEERING,Nalanda,Bihar,"KK University, Nalanda",192000.0,0.0,,Private,Not Available,Not Available,-,Civil Engineering,61.599999999999994,20.0,36.6,Affordable,Below Average,Not Ranked
KK College of Engineering and Management,COMPUTER SCIENCE AND ENGINEERING,Nalanda,Bihar,"KK University, Nalanda",192000.0,0.0,,Private,Not Available,Not Available,-,Computer Science & IT,61.599999999999994,20.0,36.6,Affordable,Below Average,Not Ranked
KK College of Engineering and Management,ELECTRICAL ENGINEERING,Nalanda,Bihar,"KK University, Nalanda",192000.0,0.0,,Private,Not Available,Not Available,-,Electrical & Power,61.599999999999994,20.0,36.6,Affordable,Below Average,Not Ranked
KK College of Engineering and Management,ELECTRONICS & COMMUNICATION ENGG,Nalanda,Bihar,"KK University, Nalanda",192000.0,0.0,,Private,Not Available,Not Available,-,Electronics & Communication,61.599999999999994,20.0,36.6,Affordable,Below Average,Not Ranked
KK College of Engineering and Management,MECHANICAL ENGINEERING,Nalanda,Bihar,"KK University, Nalanda",192000.0,0.0,,Private,Not Available,Not Available,-,Mechanical Engineering,61.599999999999994,20.0,36.6,Affordable,Below Average,Not Ranked
Birla Institute of Technology,CIVIL ENGINEERING,Ranchi,Jharkhand,Not Available,596686.0465116279,0.0,48.0,Private,No,No,"www.bitmesra.ac
 .in",Civil Engineering,16.132558139534886,54.8,39.3,Expensive,Average,Top 50
Netaji Subhas Institute of Technology,CIVIL ENGINEERING,Patna,Bihar,"Aryabhatta Knowledge University, Patna",317375.0,0.0,,Private,No,No,www.nsit.in,Civil Engineering,38.2625,20.0,27.3,Premium,Below Average,Not Ranked
Netaji Subhas Institute of Technology,COMPUTER SCEINCE & ENGINEERING,Patna,Bihar,"Aryabhatta Knowledge University, Patna",317375.0,0.0,,Private,No,No,www.nsit.in,Other Engineering,38.2625,20.0,27.3,Premium,Below Average,Not Ranked
Birla Institute of Technology,COMPUTER SCIENCE & ENGINEERING,Ranchi,Jharkhand,Not Available,596686.0465116279,0.0,48.0,Private,No,No,"www.bitmesra.ac
 .in",Computer Science & IT,16.132558139534886,54.8,39.3,Expensive,Average,Top 50
Birla Institute of Technology,ELECTRICAL AND ELECTRONICS ENGINEERING,Ranchi,Jharkhand,Not Available,596686.0465116279,0.0,48.0,Private,No,No,"www.bitmesra.ac
 .in",Electronics & Communication,16.132558139534886,54.8,39.3,Expensive,Average,Top 50
Netaji Subhas Institute of Technology,ELECTRICAL AND ELECTRONICS ENGINEERING,Patna,Bihar,"Aryabhatta Knowledge University, Patna",317375.0,0.0,,Private,No,No,www.nsit.in,Electronics & Communication,38.2625,20.0,27.3,Premium,Below Average,Not Ranked
Netaji Subhas Institute of Technology,ELECTRONICS & COMMUNICATION ENGG,Patna,Bihar,"Aryabhatta Knowledge University, Patna",317375.0,0.0,,Private,No,No,www.nsit.in,Electronics & Communication,38.2625,20.0,27.3,Premium,Below Average,Not Ranked
Birla Institute of Technology,ELECTRONICS AND COMMUNICATION ENGINEERING (SANDWICH),Ranchi,Jharkhand,Not Available,596686.0465116279,0.0,48.0,Private,No,No,"www.bitmesra.ac
 .in",Electronics & Communication,16.132558139534886,54.8,39.3,Expensive,Average,Top 50
Birla Institute of Technology,MECHANICAL ENGINEERING,Ranchi,Jharkhand,Not Available,596686.0465116279,0.0,48.0,Private,No,No,"www.bitmesra.ac
 .in",Mechanical Engineering,16.132558139534886,54.8,39.3,Expensive,Average,Top 50
Netaji Subhas Institute of Technology,MECHANICAL ENGINEERING,Patna,Bihar,"Aryabhatta Knowledge University, Patna",317375.0,0.0,,Private,No,No,www.nsit.in,Mechanical Engineering,38.2625,20.0,27.3,Premium,Below Average,Not Ranked
University Institute of Engineering and Technology,BIOTECHNOLOGY,Chandigarh,Chandigarh,"Panjab University, Chandigarh",149718.57142857142,0.0,,Government,No,Not Available,www.uiet.puchd. ac.in,Chemical & Biotechnology,70.05628571428572,33.3,48.0,Affordable,Below Average,Not Ranked
University Institute of Engineering and Technology,COMPUTER SCIENCE & ENGINEERING,Chandigarh,Chandigarh,"Panjab University, Chandigarh",149718.57142857142,0.0,,Government,No,Not Available,www.uiet.puchd. ac.in,Computer Science & IT,70.05628571428572,33.3,48.0,Affordable,Below Average,Not Ranked
University Institute of Engineering and Technology,ELECTRICAL AND ELECTRONICS ENGINEERING,Chandigarh,Chandigarh,"Panjab University, Chandigarh",149718.57142857142,0.0,,Government,No,Not Available,www.uiet.puchd. ac.in,Electronics & Communication,70.05628571428572,33.3,48.0,Affordable,Below Average,Not Ranked
University Institute of Engineering and Technology,ELECTRONICS & COMMUNICATION ENGG,Chandigarh,Chandigarh,"Panjab University, Chandigarh",149718.57142857142,0.0,,Government,No,Not Available,www.uiet.puchd. ac.in,Electronics & Communication,70.05628571428572,33.3,48.0,Affordable,Below Average,Not Ranked
University Institute of Engineering and Technology,INFORMATION TECHNOLOGY,Chandigarh,Chandigarh,"Panjab University, Chandigarh",149718.57142857142,0.0,,Government,No,Not Available,www.uiet.puchd. ac.in,Computer Science & IT,70.05628571428572,33.3,48.0,Affordable,Below Average,Not Ranked
University Institute of Engineering and Technology,MECHANICAL ENGINEERING,Chandigarh,Chandigarh,"Panjab University, Chandigarh",149718.57142857142,0.0,,Government,No,Not Available,www.uiet.puchd. ac.in,Mechanical Engineering,70.05628571428572,33.3,48.0,Affordable,Below Average,Not Ranked
Bhilai Institute of Technology,CIVIL ENGINEERING,Durg,Chhattisgarh,"Chhattisgarh Swami Vivekanand Technical University, Bhilai",192684.2105263158,3.15,,Private,Yes,Yes,-,Civil Engineering,61.46315789473684,86.7,76.6,Affordable,Excellent,Not Ranked
Bhilai Institute of Technology,COMPUTER SCIENCE AND ENGINEERING,Durg,Chhattisgarh,"Chhattisgarh Swami Vivekanand Technical University, Bhilai",192684.2105263158,3.15,,Private,Yes,Yes,-,Computer Science & IT,61.46315789473684,86.7,76.6,Affordable,Excellent,Not Ranked
Bhilai Institute of Technology,ELECTRICAL AND ELECTRONICS ENGINEERING,Durg,Chhattisgarh,"Chhattisgarh Swami Vivekanand Technical University, Bhilai",192684.2105263158,3.15,,Private,Yes,Yes,-,Electronics & Communication,61.46315789473684,86.7,76.6,Affordable,Excellent,Not Ranked
Bhilai Institute of Technology,ELECTRONICS & TELE- COMMUNICATION ENGINEERING,Durg,Chhattisgarh,"Chhattisgarh Swami Vivekanand Technical University, Bhilai",192684.2105263158,3.15,,Private,Yes,Yes,-,Electronics & Communication,61.46315789473684,86.7,76.6,Affordable,Excellent,Not Ranked
Bhilai Institute of Technology,MECHANICAL ENGINEERING,Durg,Chhattisgarh,"Chhattisgarh Swami Vivekanand Technical University, Bhilai",192684.2105263158,3.15,,Private,Yes,Yes,-,Mechanical Engineering,61.46315789473684,86.7,76.6,Affordable,Excellent,Not Ranked
Bhilai Institute of Technology,CIVIL ENGINEERING,Durg,Chhattisgarh,"Chhattisgarh Swami Vivekanand Technical University, Bhilai",192684.2105263158,3.15,,Private,Yes,Yes,-,Civil Engineering,61.46315789473684,86.7,76.6,Affordable,Excellent,Not Ranked
Bhilai Institute of Technology,COMPUTER SCIENCE AND ENGINEERING,Durg,Chhattisgarh,"Chhattisgarh Swami Vivekanand Technical University, Bhilai",192684.2105263158,3.15,,Private,Yes,Yes,-,Computer Science & IT,61.46315789473684,86.7,76.6,Affordable,Excellent,Not Ranked
Bhilai Institute of Technology,ELECTRICAL AND ELECTRONICS ENGINEERING,Durg,Chhattisgarh,"Chhattisgarh Swami Vivekanand Technical University, Bhilai",192684.2105263158,3.15,,Private,Yes,Yes,-,Electronics & Communication,61.46315789473684,86.7,76.6,Affordable,Excellent,Not Ranked
Bhilai Institute of Technology,ELECTRICAL ENGINEERING,Durg,Chhattisgarh,"Chhattisgarh Swami Vivekanand Technical University, Bhilai",192684.2105263158,3.15,,Private,Yes,Yes,-,Electrical & Power,61.46315789473684,86.7,76.6,Affordable,Excellent,Not Ranked
Bhilai Institute of Technology,ELECTRONICS AND TELECOMMUNICATIONS ENGINEERING,Durg,Chhattisgarh,"Chhattisgarh Swami Vivekanand Technical University, Bhilai",192684.2105263158,3.15,,Private,Yes,Yes,-,Electronics & Communication,61.46315789473684,86.7,76.6,Affordable,Excellent,Not Ranked
Bhilai Institute of Technology,INFORMATION TECHNOLOGY,Durg,Chhattisgarh,"Chhattisgarh Swami Vivekanand Technical University, Bhilai",192684.2105263158,3.15,,Private,Yes,Yes,-,Computer Science & IT,61.46315789473684,86.7,76.6,Affordable,Excellent,Not Ranked
Bhilai Institute of Technology,MECHANICAL ENGINEERING,Durg,Chhattisgarh,"Chhattisgarh Swami Vivekanand Technical University, Bhilai",192684.2105263158,3.15,,Private,Yes,Yes,-,Mechanical Engineering,61.46315789473684,86.7,76.6,Affordable,Excellent,Not Ranked
Delhi Engineering College,AUTOMOBILE ENGINEERING,Faridabad,Haryana,"Maharshi Dayanand University, Rohtak",168571.42857142858,0.0,,Government,No,Not Available,www.dtu.ac.in,Mechanical Engineering,66.28571428571428,20.0,38.5,Affordable,Below Average,Not Ranked
Delhi Engineering College,BIOTECHNOLOGY,Faridabad,Haryana,"Maharshi Dayanand University, Rohtak",168571.42857142858,0.0,,Government,No,Not Available,www.dtu.ac.in,Chemical & Biotechnology,66.28571428571428,20.0,38.5,Affordable,Below Average,Not Ranked
Delhi Engineering College,CIVIL ENGINEERING,Faridabad,Haryana,"Maharshi Dayanand University, Rohtak",168571.42857142858,0.0,,Government,No,Not Available,www.dtu.ac.in,Civil Engineering,66.28571428571428,20.0,38.5,Affordable,Below Average,Not Ranked
Delhi Engineering College,COMPUTER ENGINEERING,Faridabad,Haryana,"Maharshi Dayanand University, Rohtak",168571.42857142858,0.0,,Government,No,Not Available,www.dtu.ac.in,Computer Science & IT,66.28571428571428,20.0,38.5,Affordable,Below Average,Not Ranked
Maharaja Agrasen Institute of Technology,COMPUTER SCIENCE & ENGINEERING,New Delhi,Delhi,"Guru Gobind Singh Indraprastha University, Delhi",423333.3333333333,0.0,,Private,No,No,www.mait.ac.in,Computer Science & IT,27.666666666666668,20.0,23.1,Premium,Below Average,Not Ranked
Bharati Vidyapeeth's College of Engineering,COMPUTER SCIENCE & ENGINEERING,New Delhi,Delhi,"Guru Gobind Singh Indraprastha University, Delhi",443000.0,0.0,,Private,No,No,www.coedelhi.bh arati,Computer Science & IT,25.700000000000003,20.0,22.3,Premium,Below Average,Not Ranked
Maharaja Agrasen Institute of Technology,COMPUTER SCIENCE AND ENGINEERING,New Delhi,Delhi,"Guru Gobind Singh Indraprastha University, Delhi",423333.3333333333,0.0,,Private,No,No,www.mait.ac.in,Computer Science & IT,27.666666666666668,20.0,23.1,Premium,Below Average,Not Ranked
Bharati Vidyapeeth's College of Engineering,ELECTRICAL AND ELECTRONICS ENGINEERING,New Delhi,Delhi,"Guru Gobind Singh Indraprastha University, Delhi",443000.0,0.0,,Private,No,No,www.coedelhi.bh arati,Electronics & Communication,25.700000000000003,20.0,22.3,Premium,Below Average,Not Ranked
Maharaja Agrasen Institute of Technology,ELECTRICAL AND ELECTRONICS ENGINEERING,New Delhi,Delhi,"Guru Gobind Singh Indraprastha University, Delhi",423333.3333333333,0.0,,Private,No,No,www.mait.ac.in,Electronics & Communication,27.666666666666668,20.0,23.1,Premium,Below Average,Not Ranked
Delhi Engineering College,ELECTRICAL ENGINEERING,Faridabad,Haryana,"Maharshi Dayanand University, Rohtak",168571.42857142858,0.0,,Government,No,Not Available,www.dtu.ac.in,Electrical & Power,66.28571428571428,20.0,38.5,Affordable,Below Average,Not Ranked
Maharaja Agrasen Institute of Technology,ELECTRONICS & COMMUNICATION ENGG,New Delhi,Delhi,"Guru Gobind Singh Indraprastha University, Delhi",423333.3333333333,0.0,,Private,No,No,www.mait.ac.in,Electronics & Communication,27.666666666666668,20.0,23.1,Premium,Below Average,Not Ranked
Maharaja Agrasen Institute of Technology,ELECTRONICS AND COMMUNICATIONS ENGINEERING,New Delhi,Delhi,"Guru Gobind Singh Indraprastha University, Delhi",423333.3333333333,0.0,,Private,No,No,www.mait.ac.in,Electronics & Communication,27.666666666666668,20.0,23.1,Premium,Below Average,Not Ranked
Bharati Vidyapeeth's College of Engineering,ELECTRONICS AND COMMUNICATIONS ENGINEERING,New Delhi,Delhi,"Guru Gobind Singh Indraprastha University, Delhi",443000.0,0.0,,Private,No,No,www.coedelhi.bh arati,Electronics & Communication,25.700000000000003,20.0,22.3,Premium,Below Average,Not Ranked
Delhi Engineering College,ELECTRONICS AND COMMUNICATIONS ENGINEERING,Faridabad,Haryana,"Maharshi Dayanand University, Rohtak",168571.42857142858,0.0,,Government,No,Not Available,www.dtu.ac.in,Electronics & Communication,66.28571428571428,20.0,38.5,Affordable,Below Average,Not Ranked
Delhi Engineering College,ENVIRONMENTAL ENGINEERING,Faridabad,Haryana,"Maharshi Dayanand University, Rohtak",168571.42857142858,0.0,,Government,No,Not Available,www.dtu.ac.in,Civil Engineering,66.28571428571428,20.0,38.5,Affordable,Below Average,Not Ranked
Bharati Vidyapeeth's College of Engineering,INFORMATION TECHNOLOGY,New Delhi,Delhi,"Guru Gobind Singh Indraprastha University, Delhi",443000.0,0.0,,Private,No,No,www.coedelhi.bh arati,Computer Science & IT,25.700000000000003,20.0,22.3,Premium,Below Average,Not Ranked
Delhi Engineering College,INFORMATION TECHNOLOGY,Faridabad,Haryana,"Maharshi Dayanand University, Rohtak",168571.42857142858,0.0,,Government,No,Not Available,www.dtu.ac.in,Computer Science & IT,66.28571428571428,20.0,38.5,Affordable,Below Average,Not Ranked
Maharaja Agrasen Institute of Technology,INFORMATION TECHNOLOGY,New Delhi,Delhi,"Guru Gobind Singh Indraprastha University, Delhi",423333.3333333333,0.0,,Private,No,No,www.mait.ac.in,Computer Science & IT,27.666666666666668,20.0,23.1,Premium,Below Average,Not Ranked
Bharati Vidyapeeth's College of Engineering,INSTRUMENTATION AND CONTROL ENGINEERING,New Delhi,Delhi,"Guru Gobind Singh Indraprastha University, Delhi",443000.0,0.0,,Private,No,No,www.coedelhi.bh arati,Other Engineering,25.700000000000003,20.0,22.3,Premium,Below Average,Not Ranked
Maharaja Agrasen Institute of Technology,MECHANICAL AND AUTOMATION ENGINEERING,New Delhi,Delhi,"Guru Gobind Singh Indraprastha University, Delhi",423333.3333333333,0.0,,Private,No,No,www.mait.ac.in,Mechanical Engineering,27.666666666666668,20.0,23.1,Premium,Below Average,Not Ranked
Delhi Engineering College,MECHANICAL ENGINEERING,Faridabad,Haryana,"Maharshi Dayanand University, Rohtak",168571.42857142858,0.0,,Government,No,Not Available,www.dtu.ac.in,Mechanical Engineering,66.28571428571428,20.0,38.5,Affordable,Below Average,Not Ranked
Delhi Engineering College,POLYMER SCIENCE & CHEMICAL TECHNOLOGY,Faridabad,Haryana,"Maharshi Dayanand University, Rohtak",168571.42857142858,0.0,,Government,No,Not Available,www.dtu.ac.in,Chemical & Biotechnology,66.28571428571428,20.0,38.5,Affordable,Below Average,Not Ranked
Delhi Engineering College,PRODUCTION AND INDUSTRIAL ENGINEERING,Faridabad,Haryana,"Maharshi Dayanand University, Rohtak",168571.42857142858,0.0,,Government,No,Not Available,www.dtu.ac.in,Mechanical Engineering,66.28571428571428,20.0,38.5,Affordable,Below Average,Not Ranked
Delhi Engineering College,SOFTWARE ENGINEERING,Faridabad,Haryana,"Maharshi Dayanand University, Rohtak",168571.42857142858,0.0,,Government,No,Not Available,www.dtu.ac.in,Computer Science & IT,66.28571428571428,20.0,38.5,Affordable,Below Average,Not Ranked
Bhagwan Parshuram Institute of Technology,COMPUTER SCIENCE AND ENGINEERING,New Delhi,Delhi,"Guru Gobind Singh Indraprastha University, Delhi",364400.0,0.0,,Private,Yes,Yes,www.bpitindia.co m,Computer Science & IT,33.56,86.7,65.4,Premium,Excellent,Not Ranked
Maharaja Surajmal Institute of Technology,COMPUTER SCIENCE AND ENGINEERING,New Delhi,Delhi,"Guru Gobind Singh Indraprastha University, Delhi",443000.0,3.11,,Private,Yes,Yes,www.msit.in,Computer Science & IT,25.700000000000003,74.4,54.9,Premium,Good,Not Ranked
Bhagwan Parshuram Institute of Technology,ELECTRICAL AND ELECTRONICS ENGINEERING,New Delhi,Delhi,"Guru Gobind Singh Indraprastha University, Delhi",364400.0,0.0,,Private,Yes,Yes,www.bpitindia.co m,Electronics & Communication,33.56,86.7,65.4,Premium,Excellent,Not Ranked
Maharaja Surajmal Institute of Technology,ELECTRICAL AND ELECTRONICS ENGINEERING,New Delhi,Delhi,"Guru Gobind Singh Indraprastha University, Delhi",443000.0,3.11,,Private,Yes,Yes,www.msit.in,Electronics & Communication,25.700000000000003,74.4,54.9,Premium,Good,Not Ranked
Maharaja Surajmal Institute of Technology,ELECTRONICS & COMMUNICATION ENGG,New Delhi,Delhi,"Guru Gobind Singh Indraprastha University, Delhi",443000.0,3.11,,Private,Yes,Yes,www.msit.in,Electronics & Communication,25.700000000000003,74.4,54.9,Premium,Good,Not Ranked
Bhagwan Parshuram Institute of Technology,ELECTRONICS AND COMMUNICATIONS ENGINEERING,New Delhi,Delhi,"Guru Gobind Singh Indraprastha University, Delhi",364400.0,0.0,,Private,Yes,Yes,www.bpitindia.co m,Electronics & Communication,33.56,86.7,65.4,Premium,Excellent,Not Ranked
Bhagwan Parshuram Institute of Technology,INFORMATION TECHNOLOGY,New Delhi,Delhi,"Guru Gobind Singh Indraprastha University, Delhi",364400.0,0.0,,Private,Yes,Yes,www.bpitindia.co m,Computer Science & IT,33.56,86.7,65.4,Premium,Excellent,Not Ranked
Maharaja Surajmal Institute of Technology,INFORMATION TECHNOLOGY,New Delhi,Delhi,"Guru Gobind Singh Indraprastha University, Delhi",443000.0,3.11,,Private,Yes,Yes,www.msit.in,Computer Science & IT,25.700000000000003,74.4,54.9,Premium,Good,Not Ranked
Government College of Engineering,CIVIL ENGINEERING,Aurangabad,Maharashtra,"Dr Babasaheb Ambedkar Marathwada University, Aurangabad",199963.0434782609,0.0,,Government,No,No,www.gec.ac.in,Civil Engineering,60.00739130434782,33.3,44.0,Affordable,Below Average,Not Ranked
Government College of Engineering,COMPUTER ENGINEERING,Aurangabad,Maharashtra,"Dr Babasaheb Ambedkar Marathwada University, Aurangabad",199963.0434782609,0.0,,Government,No,No,www.gec.ac.in,Computer Science & IT,60.00739130434782,33.3,44.0,Affordable,Below Average,Not Ranked
Government College of Engineering,ELECTRICAL AND ELECTRONICS ENGINEERING,Aurangabad,Maharashtra,"Dr Babasaheb Ambedkar Marathwada University, Aurangabad",199963.0434782609,0.0,,Government,No,No,www.gec.ac.in,Electronics & Communication,60.00739130434782,33.3,44.0,Affordable,Below Average,Not Ranked
Government College of Engineering,ELECTRONICS & TELE- COMMUNICATION ENGINEERING,Aurangabad,Maharashtra,"Dr Babasaheb Ambedkar Marathwada University, Aurangabad",199963.0434782609,0.0,,Government,No,No,www.gec.ac.in,Electronics & Communication,60.00739130434782,33.3,44.0,Affordable,Below Average,Not Ranked
Government College of Engineering,INFORMATION TECHNOLOGY,Aurangabad,Maharashtra,"Dr Babasaheb Ambedkar Marathwada University, Aurangabad",199963.0434782609,0.0,,Government,No,No,www.gec.ac.in,Computer Science & IT,60.00739130434782,33.3,44.0,Affordable,Below Average,Not Ranked
Government College of Engineering,MECHANICAL ENGINEERING,Aurangabad,Maharashtra,"Dr Babasaheb Ambedkar Marathwada University, Aurangabad",199963.0434782609,0.0,,Government,No,No,www.gec.ac.in,Mechanical Engineering,60.00739130434782,33.3,44.0,Affordable,Below Average,Not Ranked
Government College of Engineering,MINING ENGINEERING,Aurangabad,Maharashtra,"Dr Babasaheb Ambedkar Marathwada University, Aurangabad",199963.0434782609,0.0,,Government,No,No,www.gec.ac.in,Mining & Metallurgy,60.00739130434782,33.3,44.0,Affordable,Below Average,Not Ranked
Sardar Vallabhbhai Patel Institute of Technology,AERONAUTICAL ENGINEERING,Vasad,Gujarat,"Gujarat Technological University, Ahmedabad",225588.23529411765,0.0,,Private,No,Not Available,"www.svitvasad.ac
 .in",Aerospace & Aeronautical,54.88235294117647,20.0,34.0,Moderate,Below Average,Not Ranked
LD College of Engineering,AUTOMOBILE ENGINEERING,Ahmedabad,Gujarat,"Gujarat Technological University, Ahmedabad",9975.714285714286,0.0,,Government,No,No,www.ldce.ac.in,Mechanical Engineering,100.0,33.3,60.0,Budget-Friendly,Below Average,Not Ranked
LD College of Engineering,BIOMEDICAL ENGINEERING,Ahmedabad,Gujarat,"Gujarat Technological University, Ahmedabad",9975.714285714286,0.0,,Government,No,No,www.ldce.ac.in,Chemical & Biotechnology,100.0,33.3,60.0,Budget-Friendly,Below Average,Not Ranked
LD College of Engineering,CHEMICAL ENGINEERING,Ahmedabad,Gujarat,"Gujarat Technological University, Ahmedabad",9975.714285714286,0.0,,Government,No,No,www.ldce.ac.in,Chemical & Biotechnology,100.0,33.3,60.0,Budget-Friendly,Below Average,Not Ranked
Faculty of Engineering and Technology,CHEMICAL ENGINEERING,Faridabad,Haryana,"Manav Rachna International Institute of Research and Studies, Faridabad",459583.3333333333,0.0,,Private,No,No,www.fetr.ac.in,Chemical & Biotechnology,24.041666666666668,20.0,21.6,Premium,Below Average,Not Ranked
Faculty of Engineering and Technology,CIVIL ENGINEERING,Faridabad,Haryana,"Manav Rachna International Institute of Research and Studies, Faridabad",459583.3333333333,0.0,,Private,No,No,www.fetr.ac.in,Civil Engineering,24.041666666666668,20.0,21.6,Premium,Below Average,Not Ranked
Sardar Vallabhbhai Patel Institute of Technology,CIVIL ENGINEERING,Vasad,Gujarat,"Gujarat Technological University, Ahmedabad",225588.23529411765,0.0,,Private,No,Not Available,"www.svitvasad.ac
 .in",Civil Engineering,54.88235294117647,20.0,34.0,Moderate,Below Average,Not Ranked
LD College of Engineering,CIVIL ENGINEERING,Ahmedabad,Gujarat,"Gujarat Technological University, Ahmedabad",9975.714285714286,0.0,,Government,No,No,www.ldce.ac.in,Civil Engineering,100.0,33.3,60.0,Budget-Friendly,Below Average,Not Ranked
Birla Vishvakarma Mahavidyalaya,CIVIL ENGINEERING,Anand,Gujarat,"Gujarat Technological University, Ahmedabad",155507.36842105264,0.0,,Government,No,Not Available,www.bvmengine ering.a,Civil Engineering,68.89852631578947,33.3,47.5,Affordable,Below Average,Not Ranked
Birla Vishvakarma Mahavidyalaya,COMPUTER ENGINEERING,Anand,Gujarat,"Gujarat Technological University, Ahmedabad",155507.36842105264,0.0,,Government,No,Not Available,www.bvmengine ering.a,Computer Science & IT,68.89852631578947,33.3,47.5,Affordable,Below Average,Not Ranked
LD College of Engineering,COMPUTER ENGINEERING,Ahmedabad,Gujarat,"Gujarat Technological University, Ahmedabad",9975.714285714286,0.0,,Government,No,No,www.ldce.ac.in,Computer Science & IT,100.0,33.3,60.0,Budget-Friendly,Below Average,Not Ranked
Sardar Vallabhbhai Patel Institute of Technology,COMPUTER ENGINEERING,Vasad,Gujarat,"Gujarat Technological University, Ahmedabad",225588.23529411765,0.0,,Private,No,Not Available,"www.svitvasad.ac
 .in",Computer Science & IT,54.88235294117647,20.0,34.0,Moderate,Below Average,Not Ranked
Faculty of Engineering and Technology,COMPUTER SCIENCE & ENGINEERING,Faridabad,Haryana,"Manav Rachna International Institute of Research and Studies, Faridabad",459583.3333333333,0.0,,Private,No,No,www.fetr.ac.in,Computer Science & IT,24.041666666666668,20.0,21.6,Premium,Below Average,Not Ranked
Birla Vishvakarma Mahavidyalaya,ELECTRICAL ENGINEERING,Anand,Gujarat,"Gujarat Technological University, Ahmedabad",155507.36842105264,0.0,,Government,No,Not Available,www.bvmengine ering.a,Electrical & Power,68.89852631578947,33.3,47.5,Affordable,Below Average,Not Ranked
Faculty of Engineering and Technology,ELECTRICAL ENGINEERING,Faridabad,Haryana,"Manav Rachna International Institute of Research and Studies, Faridabad",459583.3333333333,0.0,,Private,No,No,www.fetr.ac.in,Electrical & Power,24.041666666666668,20.0,21.6,Premium,Below Average,Not Ranked
LD College of Engineering,ELECTRICAL ENGINEERING,Ahmedabad,Gujarat,"Gujarat Technological University, Ahmedabad",9975.714285714286,0.0,,Government,No,No,www.ldce.ac.in,Electrical & Power,100.0,33.3,60.0,Budget-Friendly,Below Average,Not Ranked
Sardar Vallabhbhai Patel Institute of Technology,ELECTRICAL ENGINEERING,Vasad,Gujarat,"Gujarat Technological University, Ahmedabad",225588.23529411765,0.0,,Private,No,Not Available,"www.svitvasad.ac
 .in",Electrical & Power,54.88235294117647,20.0,34.0,Moderate,Below Average,Not Ranked
Birla Vishvakarma Mahavidyalaya,ELECTRONICS & COMMUNICATION ENGG,Anand,Gujarat,"Gujarat Technological University, Ahmedabad",155507.36842105264,0.0,,Government,No,Not Available,www.bvmengine ering.a,Electronics & Communication,68.89852631578947,33.3,47.5,Affordable,Below Average,Not Ranked
Sardar Vallabhbhai Patel Institute of Technology,ELECTRONICS & COMMUNICATION ENGG,Vasad,Gujarat,"Gujarat Technological University, Ahmedabad",225588.23529411765,0.0,,Private,No,Not Available,"www.svitvasad.ac
 .in",Electronics & Communication,54.88235294117647,20.0,34.0,Moderate,Below Average,Not Ranked
LD College of Engineering,ELECTRONICS & COMMUNICATION ENGINEERING,Ahmedabad,Gujarat,"Gujarat Technological University, Ahmedabad",9975.714285714286,0.0,,Government,No,No,www.ldce.ac.in,Electronics & Communication,100.0,33.3,60.0,Budget-Friendly,Below Average,Not Ranked
Birla Vishvakarma Mahavidyalaya,ELECTRONICS ENGINEERING,Anand,Gujarat,"Gujarat Technological University, Ahmedabad",155507.36842105264,0.0,,Government,No,Not Available,www.bvmengine ering.a,Electronics & Communication,68.89852631578947,33.3,47.5,Affordable,Below Average,Not Ranked
LD College of Engineering,ENVIRONMENTAL ENGINEERING,Ahmedabad,Gujarat,"Gujarat Technological University, Ahmedabad",9975.714285714286,0.0,,Government,No,No,www.ldce.ac.in,Civil Engineering,100.0,33.3,60.0,Budget-Friendly,Below Average,Not Ranked
Sardar Vallabhbhai Patel Institute of Technology,INFORMATION ENGINEERING,Vasad,Gujarat,"Gujarat Technological University, Ahmedabad",225588.23529411765,0.0,,Private,No,Not Available,"www.svitvasad.ac
 .in",Other Engineering,54.88235294117647,20.0,34.0,Moderate,Below Average,Not Ranked
Birla Vishvakarma Mahavidyalaya,INFORMATION TECHNOLOGY,Anand,Gujarat,"Gujarat Technological University, Ahmedabad",155507.36842105264,0.0,,Government,No,Not Available,www.bvmengine ering.a,Computer Science & IT,68.89852631578947,33.3,47.5,Affordable,Below Average,Not Ranked
LD College of Engineering,INFORMATION TECHNOLOGY,Ahmedabad,Gujarat,"Gujarat Technological University, Ahmedabad",9975.714285714286,0.0,,Government,No,No,www.ldce.ac.in,Computer Science & IT,100.0,33.3,60.0,Budget-Friendly,Below Average,Not Ranked
LD College of Engineering,INSTRUMENTATION & CONTROL,Ahmedabad,Gujarat,"Gujarat Technological University, Ahmedabad",9975.714285714286,0.0,,Government,No,No,www.ldce.ac.in,Other Engineering,100.0,33.3,60.0,Budget-Friendly,Below Average,Not Ranked
Sardar Vallabhbhai Patel Institute of Technology,INSTRUMENTATION AND CONTROL ENGINEERING,Vasad,Gujarat,"Gujarat Technological University, Ahmedabad",225588.23529411765,0.0,,Private,No,Not Available,"www.svitvasad.ac
 .in",Other Engineering,54.88235294117647,20.0,34.0,Moderate,Below Average,Not Ranked
LD College of Engineering,MECHANICAL ENGINEERING,Ahmedabad,Gujarat,"Gujarat Technological University, Ahmedabad",9975.714285714286,0.0,,Government,No,No,www.ldce.ac.in,Mechanical Engineering,100.0,33.3,60.0,Budget-Friendly,Below Average,Not Ranked
Birla Vishvakarma Mahavidyalaya,MECHANICAL ENGINEERING,Anand,Gujarat,"Gujarat Technological University, Ahmedabad",155507.36842105264,0.0,,Government,No,Not Available,www.bvmengine ering.a,Mechanical Engineering,68.89852631578947,33.3,47.5,Affordable,Below Average,Not Ranked
Faculty of Engineering and Technology,MECHANICAL ENGINEERING,Faridabad,Haryana,"Manav Rachna International Institute of Research and Studies, Faridabad",459583.3333333333,0.0,,Private,No,No,www.fetr.ac.in,Mechanical Engineering,24.041666666666668,20.0,21.6,Premium,Below Average,Not Ranked
Sardar Vallabhbhai Patel Institute of Technology,MECHANICAL ENGINEERING,Vasad,Gujarat,"Gujarat Technological University, Ahmedabad",225588.23529411765,0.0,,Private,No,Not Available,"www.svitvasad.ac
 .in",Mechanical Engineering,54.88235294117647,20.0,34.0,Moderate,Below Average,Not Ranked
LD College of Engineering,PLASTICS TECHNOLOGY,Ahmedabad,Gujarat,"Gujarat Technological University, Ahmedabad",9975.714285714286,0.0,,Government,No,No,www.ldce.ac.in,Other Engineering,100.0,33.3,60.0,Budget-Friendly,Below Average,Not Ranked
Birla Vishvakarma Mahavidyalaya,PRODUCTION ENGINEERING,Anand,Gujarat,"Gujarat Technological University, Ahmedabad",155507.36842105264,0.0,,Government,No,Not Available,www.bvmengine ering.a,Mechanical Engineering,68.89852631578947,33.3,47.5,Affordable,Below Average,Not Ranked
LD College of Engineering,RUBBER TECHNOLOGY,Ahmedabad,Gujarat,"Gujarat Technological University, Ahmedabad",9975.714285714286,0.0,,Government,No,No,www.ldce.ac.in,Other Engineering,100.0,33.3,60.0,Budget-Friendly,Below Average,Not Ranked
LD College of Engineering,TEXTILE TECHNOLOGY,Ahmedabad,Gujarat,"Gujarat Technological University, Ahmedabad",9975.714285714286,0.0,,Government,No,No,www.ldce.ac.in,Other Engineering,100.0,33.3,60.0,Budget-Friendly,Below Average,Not Ranked
GH Patel College of Engineering and Technology,CHEMICAL ENGINEERING,Anand,Gujarat,"Gujarat Technological University, Ahmedabad",365882.3529411765,0.0,,Private,Yes,Yes,www.gcet.ac.in,Chemical & Biotechnology,33.41176470588235,86.7,65.4,Premium,Excellent,Not Ranked
GH Patel College of Engineering and Technology,CIVIL ENGINEERING,Anand,Gujarat,"Gujarat Technological University, Ahmedabad",365882.3529411765,0.0,,Private,Yes,Yes,www.gcet.ac.in,Civil Engineering,33.41176470588235,86.7,65.4,Premium,Excellent,Not Ranked
GH Patel College of Engineering and Technology,COMPUTER ENGINEERING,Anand,Gujarat,"Gujarat Technological University, Ahmedabad",365882.3529411765,0.0,,Private,Yes,Yes,www.gcet.ac.in,Computer Science & IT,33.41176470588235,86.7,65.4,Premium,Excellent,Not Ranked
GH Patel College of Engineering and Technology,ELECTRICAL ENGINEERING,Anand,Gujarat,"Gujarat Technological University, Ahmedabad",365882.3529411765,0.0,,Private,Yes,Yes,www.gcet.ac.in,Electrical & Power,33.41176470588235,86.7,65.4,Premium,Excellent,Not Ranked
GH Patel College of Engineering and Technology,ELECTRONICS AND COMMUNICATIONS ENGINEERING,Anand,Gujarat,"Gujarat Technological University, Ahmedabad",365882.3529411765,0.0,,Private,Yes,Yes,www.gcet.ac.in,Electronics & Communication,33.41176470588235,86.7,65.4,Premium,Excellent,Not Ranked
GH Patel College of Engineering and Technology,INFORMATION TECHNOLOGY,Anand,Gujarat,"Gujarat Technological University, Ahmedabad",365882.3529411765,0.0,,Private,Yes,Yes,www.gcet.ac.in,Computer Science & IT,33.41176470588235,86.7,65.4,Premium,Excellent,Not Ranked
GH Patel College of Engineering and Technology,MECHANICAL ENGINEERING,Anand,Gujarat,"Gujarat Technological University, Ahmedabad",365882.3529411765,0.0,,Private,Yes,Yes,www.gcet.ac.in,Mechanical Engineering,33.41176470588235,86.7,65.4,Premium,Excellent,Not Ranked
GH Patel College of Engineering and Technology,MECHATRONICS,Anand,Gujarat,"Gujarat Technological University, Ahmedabad",365882.3529411765,0.0,,Private,Yes,Yes,www.gcet.ac.in,Mechanical Engineering,33.41176470588235,86.7,65.4,Premium,Excellent,Not Ranked
Brown Hills College of Engineering and Technology,CIVIL ENGINEERING,Faridabad,Haryana,"Al Falah University, Faridabad",113333.33333333331,0.0,,"Private -
 Autonomous",Not Available,Not Available,-,Civil Engineering,77.33333333333334,20.0,42.9,Affordable,Below Average,Not Ranked
NGF College of Engineering and Technology,CIVIL ENGINEERING,Palwal,Haryana,"Maharshi Dayanand University, Rohtak",145400.0,0.0,,Private,Not Available,Not Available,-,Civil Engineering,70.92,20.0,40.4,Affordable,Below Average,Not Ranked
Geeta Engineering College,CIVIL ENGINEERING,Naraina,Haryana,"Kurukshetra University, Kurukshetra",160927.27272727274,0.0,,Private,Yes,Yes,-,Civil Engineering,67.81454545454545,86.7,79.1,Affordable,Excellent,Not Ranked
Al-Falah School of Engineering and Technology,CIVIL ENGINEERING,Alawalpur,Haryana,"Al Falah University, Faridabad",157500.0,0.0,,"Private -
 Autonomous",Not Available,Not Available,-,Civil Engineering,68.5,20.0,39.4,Affordable,Below Average,Not Ranked
Al-Falah School of Engineering and Technology,COMPUTER SCIENCE AND ENGINEERING,Alawalpur,Haryana,"Al Falah University, Faridabad",157500.0,0.0,,"Private -
 Autonomous",Not Available,Not Available,-,Computer Science & IT,68.5,20.0,39.4,Affordable,Below Average,Not Ranked
Geeta Engineering College,COMPUTER SCIENCE AND ENGINEERING,Naraina,Haryana,"Kurukshetra University, Kurukshetra",160927.27272727274,0.0,,Private,Yes,Yes,-,Computer Science & IT,67.81454545454545,86.7,79.1,Affordable,Excellent,Not Ranked
NGF College of Engineering and Technology,COMPUTER SCIENCE AND ENGINEERING,Palwal,Haryana,"Maharshi Dayanand University, Rohtak",145400.0,0.0,,Private,Not Available,Not Available,-,Computer Science & IT,70.92,20.0,40.4,Affordable,Below Average,Not Ranked
Al-Falah School of Engineering and Technology,ELECTRICAL AND ELECTRONICS ENGINEERING,Alawalpur,Haryana,"Al Falah University, Faridabad",157500.0,0.0,,"Private -
 Autonomous",Not Available,Not Available,-,Electronics & Communication,68.5,20.0,39.4,Affordable,Below Average,Not Ranked
NGF College of Engineering and Technology,ELECTRICAL ENGINEERING,Palwal,Haryana,"Maharshi Dayanand University, Rohtak",145400.0,0.0,,Private,Not Available,Not Available,-,Electrical & Power,70.92,20.0,40.4,Affordable,Below Average,Not Ranked
Al-Falah School of Engineering and Technology,ELECTRONICS & COMMUNICATION ENGG,Alawalpur,Haryana,"Al Falah University, Faridabad",157500.0,0.0,,"Private -
 Autonomous",Not Available,Not Available,-,Electronics & Communication,68.5,20.0,39.4,Affordable,Below Average,Not Ranked
NGF College of Engineering and Technology,ELECTRONICS & COMMUNICATION ENGG,Palwal,Haryana,"Maharshi Dayanand University, Rohtak",145400.0,0.0,,Private,Not Available,Not Available,-,Electronics & Communication,70.92,20.0,40.4,Affordable,Below Average,Not Ranked
Geeta Engineering College,ELECTRONICS & COMMUNICATION ENGG,Naraina,Haryana,"Kurukshetra University, Kurukshetra",160927.27272727274,0.0,,Private,Yes,Yes,-,Electronics & Communication,67.81454545454545,86.7,79.1,Affordable,Excellent,Not Ranked
NGF College of Engineering and Technology,FASHION AND APPAREL ENGINEERING,Palwal,Haryana,"Maharshi Dayanand University, Rohtak",145400.0,0.0,,Private,Not Available,Not Available,-,Other Engineering,70.92,20.0,40.4,Affordable,Below Average,Not Ranked
Al-Falah School of Engineering and Technology,MECHANICAL ENGINEERING,Alawalpur,Haryana,"Al Falah University, Faridabad",157500.0,0.0,,"Private -
 Autonomous",Not Available,Not Available,-,Mechanical Engineering,68.5,20.0,39.4,Affordable,Below Average,Not Ranked
NGF College of Engineering and Technology,MECHANICAL ENGINEERING,Palwal,Haryana,"Maharshi Dayanand University, Rohtak",145400.0,0.0,,Private,Not Available,Not Available,-,Mechanical Engineering,70.92,20.0,40.4,Affordable,Below Average,Not Ranked
Geeta Engineering College,MECHANICAL ENGINEERING,Naraina,Haryana,"Kurukshetra University, Kurukshetra",160927.27272727274,0.0,,Private,Yes,Yes,-,Mechanical Engineering,67.81454545454545,86.7,79.1,Affordable,Excellent,Not Ranked
Guru Jambheshwar University of Science and Technology,BIOMEDICAL ENGINEERING,Hisar,Haryana,Not Available,122069.60784313726,3.28,,Government,No,Not Available,www.gjust.ac.in,Chemical & Biotechnology,75.58607843137254,49.5,59.9,Affordable,Average,Not Ranked
Technology Education and Research Institute,CIVIL ENGINEERING,Kurukshetra,Haryana,"Kurukshetra University, Kurukshetra",303500.0,0.0,,Private,No,No,www.terii.in,Civil Engineering,39.65,20.0,27.9,Premium,Below Average,Not Ranked
Guru Jambheshwar University of Science and Technology,CIVIL ENGINEERING,Hisar,Haryana,Not Available,122069.60784313726,3.28,,Government,No,Not Available,www.gjust.ac.in,Civil Engineering,75.58607843137254,49.5,59.9,Affordable,Average,Not Ranked
Ganga Institute of Technology and Management,CIVIL ENGINEERING,Jhajjar,Haryana,"Maharshi Dayanand University, Rohtak",169374.1935483871,0.0,,Private,No,No,www.gangainstit ute.c,Civil Engineering,66.12516129032258,20.0,38.5,Affordable,Below Average,Not Ranked
DPG Institute of Technology and Management,CIVIL ENGINEERING,Gurgaon,Haryana,"Maharshi Dayanand University, Rohtak",275111.1111111111,0.0,,Private,No,No,www.dpgitm.com,Civil Engineering,44.977777777777774,20.0,30.0,Moderate,Below Average,Not Ranked
Global Research Institute of Management and Technology,CIVIL ENGINEERING,Radaur,Haryana,"Kurukshetra University, Kurukshetra",338700.0,0.0,,Private,No,No,"www.grimtradaur
 .ac.i",Civil Engineering,36.13,20.0,26.5,Premium,Below Average,Not Ranked
Panipat Institute of Engineering and Technology,CIVIL ENGINEERING,Bapura,Haryana,"Kurukshetra University, Kurukshetra",261250.0,0.0,,Private,No,No,www.piet.co.in,Civil Engineering,47.75,20.0,31.1,Moderate,Below Average,Not Ranked
Ganpati Institute of Technology and Management,CIVIL ENGINEERING,Bilaspur,Haryana,"Kurukshetra University, Kurukshetra",193650.0,0.0,,Private,No,No,"www.ganpatiinsti
 tuti",Civil Engineering,61.269999999999996,20.0,36.5,Affordable,Below Average,Not Ranked
Mahabir Engineering College,CIVIL ENGINEERING,Ambala,Haryana,"Kurukshetra University, Kurukshetra",173333.33333333334,0.0,,Private,No,No,"www.mahabiredu
 .com",Civil Engineering,65.33333333333333,20.0,38.1,Affordable,Below Average,Not Ranked
The Technological Institute of Textile and Sciences,COMPUTER ENGINEERING,Bhiwani,Haryana,"Ch Bansi Lal University, Bhiwani",333777.7777777777,0.0,,Private,No,No,"www.titsbhiwani.
 ac.i",Computer Science & IT,36.622222222222234,20.0,26.6,Premium,Below Average,Not Ranked
DPG Institute of Technology and Management,COMPUTER SCIENCE & ENGINEERING,Gurgaon,Haryana,"Maharshi Dayanand University, Rohtak",275111.1111111111,0.0,,Private,No,No,www.dpgitm.com,Computer Science & IT,44.977777777777774,20.0,30.0,Moderate,Below Average,Not Ranked
Mahabir Engineering College,COMPUTER SCIENCE & ENGINEERING,Ambala,Haryana,"Kurukshetra University, Kurukshetra",173333.33333333334,0.0,,Private,No,No,"www.mahabiredu
 .com",Computer Science & IT,65.33333333333333,20.0,38.1,Affordable,Below Average,Not Ranked
Technology Education and Research Institute,COMPUTER SCIENCE AND ENGINEERING,Kurukshetra,Haryana,"Kurukshetra University, Kurukshetra",303500.0,0.0,,Private,No,No,www.terii.in,Computer Science & IT,39.65,20.0,27.9,Premium,Below Average,Not Ranked
Ganpati Institute of Technology and Management,COMPUTER SCIENCE AND ENGINEERING,Bilaspur,Haryana,"Kurukshetra University, Kurukshetra",193650.0,0.0,,Private,No,No,"www.ganpatiinsti
 tuti",Computer Science & IT,61.269999999999996,20.0,36.5,Affordable,Below Average,Not Ranked
Ganga Institute of Technology and Management,COMPUTER SCIENCE AND ENGINEERING,Jhajjar,Haryana,"Maharshi Dayanand University, Rohtak",169374.1935483871,0.0,,Private,No,No,www.gangainstit ute.c,Computer Science & IT,66.12516129032258,20.0,38.5,Affordable,Below Average,Not Ranked
Global Research Institute of Management and Technology,COMPUTER SCIENCE AND ENGINEERING,Radaur,Haryana,"Kurukshetra University, Kurukshetra",338700.0,0.0,,Private,No,No,"www.grimtradaur
 .ac.i",Computer Science & IT,36.13,20.0,26.5,Premium,Below Average,Not Ranked
Guru Jambheshwar University of Science and Technology,COMPUTER SCIENCE AND ENGINEERING,Hisar,Haryana,Not Available,122069.60784313726,3.28,,Government,No,Not Available,www.gjust.ac.in,Computer Science & IT,75.58607843137254,49.5,59.9,Affordable,Average,Not Ranked
Panipat Institute of Engineering and Technology,COMPUTER SCIENCE AND ENGINEERING,Bapura,Haryana,"Kurukshetra University, Kurukshetra",261250.0,0.0,,Private,No,No,www.piet.co.in,Computer Science & IT,47.75,20.0,31.1,Moderate,Below Average,Not Ranked
Technology Education and Research Institute,ELECTRICAL AND ELECTRONICS ENGINEERING,Kurukshetra,Haryana,"Kurukshetra University, Kurukshetra",303500.0,0.0,,Private,No,No,www.terii.in,Electronics & Communication,39.65,20.0,27.9,Premium,Below Average,Not Ranked
Mahabir Engineering College,ELECTRICAL AND ELECTRONICS ENGINEERING,Ambala,Haryana,"Kurukshetra University, Kurukshetra",173333.33333333334,0.0,,Private,No,No,"www.mahabiredu
 .com",Electronics & Communication,65.33333333333333,20.0,38.1,Affordable,Below Average,Not Ranked
Global Research Institute of Management and Technology,ELECTRICAL AND ELECTRONICS ENGINEERING,Radaur,Haryana,"Kurukshetra University, Kurukshetra",338700.0,0.0,,Private,No,No,"www.grimtradaur
 .ac.i",Electronics & Communication,36.13,20.0,26.5,Premium,Below Average,Not Ranked
Guru Jambheshwar University of Science and Technology,ELECTRICAL ENGINEERING,Hisar,Haryana,Not Available,122069.60784313726,3.28,,Government,No,Not Available,www.gjust.ac.in,Electrical & Power,75.58607843137254,49.5,59.9,Affordable,Average,Not Ranked
Ganpati Institute of Technology and Management,ELECTRICAL ENGINEERING,Bilaspur,Haryana,"Kurukshetra University, Kurukshetra",193650.0,0.0,,Private,No,No,"www.ganpatiinsti
 tuti",Electrical & Power,61.269999999999996,20.0,36.5,Affordable,Below Average,Not Ranked
Ganga Institute of Technology and Management,ELECTRICAL ENGINEERING,Jhajjar,Haryana,"Maharshi Dayanand University, Rohtak",169374.1935483871,0.0,,Private,No,No,www.gangainstit ute.c,Electrical & Power,66.12516129032258,20.0,38.5,Affordable,Below Average,Not Ranked
DPG Institute of Technology and Management,ELECTRICAL ENGINEERING,Gurgaon,Haryana,"Maharshi Dayanand University, Rohtak",275111.1111111111,0.0,,Private,No,No,www.dpgitm.com,Electrical & Power,44.977777777777774,20.0,30.0,Moderate,Below Average,Not Ranked
The Technological Institute of Textile and Sciences,ELECTRONICS & COMMUNICATION ENGG,Bhiwani,Haryana,"Ch Bansi Lal University, Bhiwani",333777.7777777777,0.0,,Private,No,No,"www.titsbhiwani.
 ac.i",Electronics & Communication,36.622222222222234,20.0,26.6,Premium,Below Average,Not Ranked
Panipat Institute of Engineering and Technology,ELECTRONICS & COMMUNICATION ENGG,Bapura,Haryana,"Kurukshetra University, Kurukshetra",261250.0,0.0,,Private,No,No,www.piet.co.in,Electronics & Communication,47.75,20.0,31.1,Moderate,Below Average,Not Ranked
Guru Jambheshwar University of Science and Technology,ELECTRONICS & COMMUNICATION ENGG,Hisar,Haryana,Not Available,122069.60784313726,3.28,,Government,No,Not Available,www.gjust.ac.in,Electronics & Communication,75.58607843137254,49.5,59.9,Affordable,Average,Not Ranked
Ganpati Institute of Technology and Management,ELECTRONICS & COMMUNICATION ENGG,Bilaspur,Haryana,"Kurukshetra University, Kurukshetra",193650.0,0.0,,Private,No,No,"www.ganpatiinsti
 tuti",Electronics & Communication,61.269999999999996,20.0,36.5,Affordable,Below Average,Not Ranked
Ganga Institute of Technology and Management,ELECTRONICS & COMMUNICATION ENGG,Jhajjar,Haryana,"Maharshi Dayanand University, Rohtak",169374.1935483871,0.0,,Private,No,No,www.gangainstit ute.c,Electronics & Communication,66.12516129032258,20.0,38.5,Affordable,Below Average,Not Ranked
Mahabir Engineering College,ELECTRONICS & COMMUNICATION ENGG,Ambala,Haryana,"Kurukshetra University, Kurukshetra",173333.33333333334,0.0,,Private,No,No,"www.mahabiredu
 .com",Electronics & Communication,65.33333333333333,20.0,38.1,Affordable,Below Average,Not Ranked
Global Research Institute of Management and Technology,ELECTRONICS & COMMUNICATION ENGG,Radaur,Haryana,"Kurukshetra University, Kurukshetra",338700.0,0.0,,Private,No,No,"www.grimtradaur
 .ac.i",Electronics & Communication,36.13,20.0,26.5,Premium,Below Average,Not Ranked
DPG Institute of Technology and Management,ELECTRONICS AND COMMUNICATIONS ENGINEERING,Gurgaon,Haryana,"Maharshi Dayanand University, Rohtak",275111.1111111111,0.0,,Private,No,No,www.dpgitm.com,Electronics & Communication,44.977777777777774,20.0,30.0,Moderate,Below Average,Not Ranked
The Technological Institute of Textile and Sciences,FASHION AND APPAREL ENGINEERING,Bhiwani,Haryana,"Ch Bansi Lal University, Bhiwani",333777.7777777777,0.0,,Private,No,No,"www.titsbhiwani.
 ac.i",Other Engineering,36.622222222222234,20.0,26.6,Premium,Below Average,Not Ranked
Ganga Institute of Technology and Management,FIRE TECHNOLOGY AND SAFETY,Jhajjar,Haryana,"Maharshi Dayanand University, Rohtak",169374.1935483871,0.0,,Private,No,No,www.gangainstit ute.c,Other Engineering,66.12516129032258,20.0,38.5,Affordable,Below Average,Not Ranked
Guru Jambheshwar University of Science and Technology,FOOD TECHNOLOGY,Hisar,Haryana,Not Available,122069.60784313726,3.28,,Government,No,Not Available,www.gjust.ac.in,Agriculture & Food Tech,75.58607843137254,49.5,59.9,Affordable,Average,Not Ranked
The Technological Institute of Textile and Sciences,INFORMATION TECHNOLOGY,Bhiwani,Haryana,"Ch Bansi Lal University, Bhiwani",333777.7777777777,0.0,,Private,No,No,"www.titsbhiwani.
 ac.i",Computer Science & IT,36.622222222222234,20.0,26.6,Premium,Below Average,Not Ranked
Panipat Institute of Engineering and Technology,INFORMATION TECHNOLOGY,Bapura,Haryana,"Kurukshetra University, Kurukshetra",261250.0,0.0,,Private,No,No,www.piet.co.in,Computer Science & IT,47.75,20.0,31.1,Moderate,Below Average,Not Ranked
Guru Jambheshwar University of Science and Technology,INFORMATION TECHNOLOGY,Hisar,Haryana,Not Available,122069.60784313726,3.28,,Government,No,Not Available,www.gjust.ac.in,Computer Science & IT,75.58607843137254,49.5,59.9,Affordable,Average,Not Ranked
The Technological Institute of Textile and Sciences,MECHANICAL ENGINEERING,Bhiwani,Haryana,"Ch Bansi Lal University, Bhiwani",333777.7777777777,0.0,,Private,No,No,"www.titsbhiwani.
 ac.i",Mechanical Engineering,36.622222222222234,20.0,26.6,Premium,Below Average,Not Ranked
Technology Education and Research Institute,MECHANICAL ENGINEERING,Kurukshetra,Haryana,"Kurukshetra University, Kurukshetra",303500.0,0.0,,Private,No,No,www.terii.in,Mechanical Engineering,39.65,20.0,27.9,Premium,Below Average,Not Ranked
Guru Jambheshwar University of Science and Technology,MECHANICAL ENGINEERING,Hisar,Haryana,Not Available,122069.60784313726,3.28,,Government,No,Not Available,www.gjust.ac.in,Mechanical Engineering,75.58607843137254,49.5,59.9,Affordable,Average,Not Ranked
Global Research Institute of Management and Technology,MECHANICAL ENGINEERING,Radaur,Haryana,"Kurukshetra University, Kurukshetra",338700.0,0.0,,Private,No,No,"www.grimtradaur
 .ac.i",Mechanical Engineering,36.13,20.0,26.5,Premium,Below Average,Not Ranked
Ganpati Institute of Technology and Management,MECHANICAL ENGINEERING,Bilaspur,Haryana,"Kurukshetra University, Kurukshetra",193650.0,0.0,,Private,No,No,"www.ganpatiinsti
 tuti",Mechanical Engineering,61.269999999999996,20.0,36.5,Affordable,Below Average,Not Ranked
Ganga Institute of Technology and Management,MECHANICAL ENGINEERING,Jhajjar,Haryana,"Maharshi Dayanand University, Rohtak",169374.1935483871,0.0,,Private,No,No,www.gangainstit ute.c,Mechanical Engineering,66.12516129032258,20.0,38.5,Affordable,Below Average,Not Ranked
DPG Institute of Technology and Management,MECHANICAL ENGINEERING,Gurgaon,Haryana,"Maharshi Dayanand University, Rohtak",275111.1111111111,0.0,,Private,No,No,www.dpgitm.com,Mechanical Engineering,44.977777777777774,20.0,30.0,Moderate,Below Average,Not Ranked
Panipat Institute of Engineering and Technology,MECHANICAL ENGINEERING,Bapura,Haryana,"Kurukshetra University, Kurukshetra",261250.0,0.0,,Private,No,No,www.piet.co.in,Mechanical Engineering,47.75,20.0,31.1,Moderate,Below Average,Not Ranked
Mahabir Engineering College,MECHANICAL ENGINEERING,Ambala,Haryana,"Kurukshetra University, Kurukshetra",173333.33333333334,0.0,,Private,No,No,"www.mahabiredu
 .com",Mechanical Engineering,65.33333333333333,20.0,38.1,Affordable,Below Average,Not Ranked
Guru Jambheshwar University of Science and Technology,PACKAGING TECHNOLOGY,Hisar,Haryana,Not Available,122069.60784313726,3.28,,Government,No,Not Available,www.gjust.ac.in,Other Engineering,75.58607843137254,49.5,59.9,Affordable,Average,Not Ranked
Guru Jambheshwar University of Science and Technology,PRINTING TECHNOLOGY,Hisar,Haryana,Not Available,122069.60784313726,3.28,,Government,No,Not Available,www.gjust.ac.in,Other Engineering,75.58607843137254,49.5,59.9,Affordable,Average,Not Ranked
The Technological Institute of Textile and Sciences,TEXTILE CHEMISTRY,Bhiwani,Haryana,"Ch Bansi Lal University, Bhiwani",333777.7777777777,0.0,,Private,No,No,"www.titsbhiwani.
 ac.i",Sciences,36.622222222222234,20.0,26.6,Premium,Below Average,Not Ranked
Panipat Institute of Engineering and Technology,TEXTILE ENGINEERING,Bapura,Haryana,"Kurukshetra University, Kurukshetra",261250.0,0.0,,Private,No,No,www.piet.co.in,Other Engineering,47.75,20.0,31.1,Moderate,Below Average,Not Ranked
The Technological Institute of Textile and Sciences,TEXTILE TECHNOLOGY,Bhiwani,Haryana,"Ch Bansi Lal University, Bhiwani",333777.7777777777,0.0,,Private,No,No,"www.titsbhiwani.
 ac.i",Other Engineering,36.622222222222234,20.0,26.6,Premium,Below Average,Not Ranked
ACS College of Engineering,AERONAUTICAL ENGINEERING,Bengaluru,Karnataka,"Visvesvaraya Technological University, Belagavi",151200.0,3.1,,Private,No,No,-,Aerospace & Aeronautical,69.76,41.0,52.5,Affordable,Average,Not Ranked
ACS College of Engineering,AEROSPACE ENGINEERING,Bengaluru,Karnataka,"Visvesvaraya Technological University, Belagavi",151200.0,3.1,,Private,No,No,-,Aerospace & Aeronautical,69.76,41.0,52.5,Affordable,Average,Not Ranked
ACS College of Engineering,AUTOMOBILE ENGINEERING,Bengaluru,Karnataka,"Visvesvaraya Technological University, Belagavi",151200.0,3.1,,Private,No,No,-,Mechanical Engineering,69.76,41.0,52.5,Affordable,Average,Not Ranked
ACS College of Engineering,BIOMEDICAL ENGINEERING,Bengaluru,Karnataka,"Visvesvaraya Technological University, Belagavi",151200.0,3.1,,Private,No,No,-,Chemical & Biotechnology,69.76,41.0,52.5,Affordable,Average,Not Ranked
ACS College of Engineering,CIVIL ENGINEERING,Bengaluru,Karnataka,"Visvesvaraya Technological University, Belagavi",151200.0,3.1,,Private,No,No,-,Civil Engineering,69.76,41.0,52.5,Affordable,Average,Not Ranked
Ghousia College of Engineering,CIVIL ENGINEERING,Ramanagara,Karnataka,"Visvesvaraya Technological University, Belagavi",282222.22222222225,0.0,,Private,Not Available,Not Available,-,Civil Engineering,43.55555555555555,20.0,29.4,Moderate,Below Average,Not Ranked
ACS College of Engineering,COMPUTER SCIENCE AND ENGINEERING,Bengaluru,Karnataka,"Visvesvaraya Technological University, Belagavi",151200.0,3.1,,Private,No,No,-,Computer Science & IT,69.76,41.0,52.5,Affordable,Average,Not Ranked
Ghousia College of Engineering,COMPUTER SCIENCE AND ENGINEERING,Ramanagara,Karnataka,"Visvesvaraya Technological University, Belagavi",282222.22222222225,0.0,,Private,Not Available,Not Available,-,Computer Science & IT,43.55555555555555,20.0,29.4,Moderate,Below Average,Not Ranked
Ghousia College of Engineering,ELECTRICAL AND ELECTRONICS ENGINEERING,Ramanagara,Karnataka,"Visvesvaraya Technological University, Belagavi",282222.22222222225,0.0,,Private,Not Available,Not Available,-,Electronics & Communication,43.55555555555555,20.0,29.4,Moderate,Below Average,Not Ranked
ACS College of Engineering,ELECTRONICS & COMMUNICATION ENGG,Bengaluru,Karnataka,"Visvesvaraya Technological University, Belagavi",151200.0,3.1,,Private,No,No,-,Electronics & Communication,69.76,41.0,52.5,Affordable,Average,Not Ranked
Ghousia College of Engineering,ELECTRONICS AND COMMUNICATIONS ENGINEERING,Ramanagara,Karnataka,"Visvesvaraya Technological University, Belagavi",282222.22222222225,0.0,,Private,Not Available,Not Available,-,Electronics & Communication,43.55555555555555,20.0,29.4,Moderate,Below Average,Not Ranked
ACS College of Engineering,MECHANICAL ENGINEERING,Bengaluru,Karnataka,"Visvesvaraya Technological University, Belagavi",151200.0,3.1,,Private,No,No,-,Mechanical Engineering,69.76,41.0,52.5,Affordable,Average,Not Ranked
Ghousia College of Engineering,MECHANICAL ENGINEERING,Ramanagara,Karnataka,"Visvesvaraya Technological University, Belagavi",282222.22222222225,0.0,,Private,Not Available,Not Available,-,Mechanical Engineering,43.55555555555555,20.0,29.4,Moderate,Below Average,Not Ranked
Nitte Meenakshi Institute of Technology,AERONAUTICAL ENGINEERING,Bengaluru,Karnataka,"Visvesvaraya Technological University, Belagavi",145075.0,3.02,101.0,Private - Autonomous,No,No,www.nmit.ac.in,Aerospace & Aeronautical,70.985,47.6,57.0,Affordable,Average,Top 200
Mangalore Institute of Technology and Engineering,AERONAUTICAL ENGINEERING,Mangalore,Karnataka,"Visvesvaraya Technological University, Belagavi",342857.14285714284,0.0,,Private,No,No,www.mite.ac.in,Aerospace & Aeronautical,35.714285714285715,20.0,26.3,Premium,Below Average,Not Ranked
C M R Institute of Technology,AERONAUTICAL ENGINEERING,Bengaluru,Karnataka,Not Available,0.0,0.0,151.0,Private,No,No,www.sjcit.ac.in,Aerospace & Aeronautical,,36.7,36.7,Not Available,Below Average,Top 200
The Oxford College of Engineering,AUTOMOBILE ENGINEERING,Bengaluru,Karnataka,"Visvesvaraya Technological University, Belagavi",312909.0909090909,2.35,,Private,No,Not Available,www.theoxford.e du,Mechanical Engineering,38.70909090909091,33.5,35.6,Premium,Below Average,Not Ranked
BVV Sangha's Basaveshwar Engineering College,AUTOMOBILE ENGINEERING,Bagalkot,Karnataka,"Visvesvaraya Technological University, Belagavi",210526.31578947368,3.34,,Government,No,Not Available,www.becbgk.edu,Mechanical Engineering,57.89473684210527,43.4,49.2,Moderate,Average,Not Ranked
The Oxford College of Engineering,BIOTECHNOLOGY,Bengaluru,Karnataka,"Visvesvaraya Technological University, Belagavi",312909.0909090909,2.35,,Private,No,Not Available,www.theoxford.e du,Chemical & Biotechnology,38.70909090909091,33.5,35.6,Premium,Below Average,Not Ranked
BVV Sangha's Basaveshwar Engineering College,BIOTECHNOLOGY,Bagalkot,Karnataka,"Visvesvaraya Technological University, Belagavi",210526.31578947368,3.34,,Government,No,Not Available,www.becbgk.edu,Chemical & Biotechnology,57.89473684210527,43.4,49.2,Moderate,Average,Not Ranked
GM Institute of Technology,BIOTECHNOLOGY,Davanagere,Karnataka,"Visvesvaraya Technological University, Belagavi",204555.5555555556,0.0,,Private,No,No,www.gmit.ac.in,Chemical & Biotechnology,59.08888888888888,20.0,35.6,Moderate,Below Average,Not Ranked
Sapthagiri College of Engineering,BIOTECHNOLOGY,Myadarahalli,Karnataka,"Visvesvaraya Technological University, Belagavi",164888.88888888888,0.0,,Private,No,No,www.sapthagiri.e du.i,Chemical & Biotechnology,67.02222222222223,20.0,38.8,Affordable,Below Average,Not Ranked
Mahendra College of Engineering,BIOTECHNOLOGY,Minnampalli,Tamil Nadu,"Anna University, Chennai",145833.33333333334,0.0,,Government,No,Yes,www.sjce.ac.in,Chemical & Biotechnology,70.83333333333333,53.3,60.3,Affordable,Average,Not Ranked
Sir M Visvesvaraya Institute of Technology,BIOTECHNOLOGY,Bengaluru,Karnataka,"Visvesvaraya Technological University, Belagavi",236714.2857142857,2.87,,Private,No,No,www.sirmvit.edu,Chemical & Biotechnology,52.65714285714286,38.7,44.3,Moderate,Below Average,Not Ranked
AMC Engineering College,CIVIL ENGINEERING,Bengaluru,Karnataka,"Visvesvaraya Technological University, Belagavi",345294.1176470588,2.77,,Private,No,No,www.amcec.edu.i n,Civil Engineering,35.47058823529412,37.7,36.8,Premium,Below Average,Not Ranked
Jyothy Institute of Technology,CIVIL ENGINEERING,Bengaluru,Karnataka,"Visvesvaraya Technological University, Belagavi",238000.0,0.0,,Private,No,No,www.jyothyit.ac.i n,Civil Engineering,52.4,20.0,33.0,Moderate,Below Average,Not Ranked
GM Institute of Technology,CIVIL ENGINEERING,Davanagere,Karnataka,"Visvesvaraya Technological University, Belagavi",204555.5555555556,0.0,,Private,No,No,www.gmit.ac.in,Civil Engineering,59.08888888888888,20.0,35.6,Moderate,Below Average,Not Ranked
Sai Vidya Institute of Technology,CIVIL ENGINEERING,Bengaluru,Karnataka,"Visvesvaraya Technological University, Belagavi",362222.2222222223,0.0,,Private,No,No,www.saividya.ac.i n,Civil Engineering,33.77777777777777,20.0,25.5,Premium,Below Average,Not Ranked
Sapthagiri College of Engineering,CIVIL ENGINEERING,Myadarahalli,Karnataka,"Visvesvaraya Technological University, Belagavi",164888.88888888888,0.0,,Private,No,No,www.sapthagiri.e du.i,Civil Engineering,67.02222222222223,20.0,38.8,Affordable,Below Average,Not Ranked
KS School of Engineering and Management,CIVIL ENGINEERING,Bengaluru,Karnataka,"Visvesvaraya Technological University, Belagavi",127888.88888888888,0.0,,Private,No,No,www.kssem.edu.i n,Civil Engineering,74.42222222222223,20.0,41.8,Affordable,Below Average,Not Ranked
Channabasaveshwara Institute of Technology,CIVIL ENGINEERING,Tumkur,Karnataka,"Visvesvaraya Technological University, Belagavi",107400.0,0.0,,Private,No,No,www.cittumkur.o rg,Civil Engineering,78.52,20.0,43.4,Affordable,Below Average,Not Ranked
PES Institute of Technology and Management,CIVIL ENGINEERING,Shivamogga,Karnataka,"Visvesvaraya Technological University, Belagavi",348571.4285714286,0.0,,Private,No,No,www.pestrust.or g/pes,Civil Engineering,35.14285714285714,20.0,26.1,Premium,Below Average,Not Ranked
KLE Institute of Technology,CIVIL ENGINEERING,Hubli,Karnataka,"Visvesvaraya Technological University, Belagavi",220125.0,0.0,,Private,No,No,www.kleit.ac.in,Civil Engineering,55.975,20.0,34.4,Moderate,Below Average,Not Ranked
Mahendra College of Engineering,CIVIL ENGINEERING,Minnampalli,Tamil Nadu,"Anna University, Chennai",145833.33333333334,0.0,,Government,No,Yes,www.sjce.ac.in,Civil Engineering,70.83333333333333,53.3,60.3,Affordable,Average,Not Ranked
Sir M Visvesvaraya Institute of Technology,CIVIL ENGINEERING,Bengaluru,Karnataka,"Visvesvaraya Technological University, Belagavi",236714.2857142857,2.87,,Private,No,No,www.sirmvit.edu,Civil Engineering,52.65714285714286,38.7,44.3,Moderate,Below Average,Not Ranked
Jawaharlal Nehru National College of Engineering,CIVIL ENGINEERING,Shivamogga,Karnataka,"Visvesvaraya Technological University, Belagavi",168666.66666666666,0.0,,Private,No,No,www.jnnce.ac.in,Civil Engineering,66.26666666666667,20.0,38.5,Affordable,Below Average,Not Ranked
The Oxford College of Engineering,CIVIL ENGINEERING,Bengaluru,Karnataka,"Visvesvaraya Technological University, Belagavi",312909.0909090909,2.35,,Private,No,Not Available,www.theoxford.e du,Civil Engineering,38.70909090909091,33.5,35.6,Premium,Below Average,Not Ranked
BVV Sangha's Basaveshwar Engineering College,CIVIL ENGINEERING,Bagalkot,Karnataka,"Visvesvaraya Technological University, Belagavi",210526.31578947368,3.34,,Government,No,Not Available,www.becbgk.edu,Civil Engineering,57.89473684210527,43.4,49.2,Moderate,Average,Not Ranked
Alva's Institute of Engineering and Technology,CIVIL ENGINEERING,Mangalore,Karnataka,"Visvesvaraya Technological University, Belagavi",240571.42857142852,0.0,,Private,No,No,www.aiet.org.in,Civil Engineering,51.8857142857143,20.0,32.8,Moderate,Below Average,Not Ranked
Global Academy of Technology,CIVIL ENGINEERING,Bengaluru,Karnataka,"Visvesvaraya Technological University, Belagavi",140400.0,3.09,,Private,No,No,www.gat.ac.in,Civil Engineering,71.92,40.9,53.3,Affordable,Average,Not Ranked
Nagarjuna College of Engineering and Technology,CIVIL ENGINEERING,Muduguriki,Karnataka,"Visvesvaraya Technological University, Belagavi",213636.36363636365,0.0,,Private - Autonomous,No,No,www.nagarjunae ducati,Civil Engineering,57.27272727272727,20.0,34.9,Moderate,Below Average,Not Ranked
Nitte Meenakshi Institute of Technology,CIVIL ENGINEERING,Bengaluru,Karnataka,"Visvesvaraya Technological University, Belagavi",145075.0,3.02,101.0,Private - Autonomous,No,No,www.nmit.ac.in,Civil Engineering,70.985,47.6,57.0,Affordable,Average,Top 200
Sri Venkateshwara College of Engineering,CIVIL ENGINEERING,Bengaluru,Karnataka,"Visvesvaraya Technological University, Belagavi",242818.18181818185,0.0,,Private,No,Not Available,www.svcengg.co m,Civil Engineering,51.43636363636363,20.0,32.6,Moderate,Below Average,Not Ranked
Sahyadri College of Engineering and Management,CIVIL ENGINEERING,Mangaluru,Karnataka,"Visvesvaraya Technological University, Belagavi",174900.00000000003,0.0,,Private,No,No,www.sahyadri.ed u.in,Civil Engineering,65.02,20.0,38.0,Affordable,Below Average,Not Ranked
Mangalore Institute of Technology and Engineering,CIVIL ENGINEERING,Mangalore,Karnataka,"Visvesvaraya Technological University, Belagavi",342857.14285714284,0.0,,Private,No,No,www.mite.ac.in,Civil Engineering,35.714285714285715,20.0,26.3,Premium,Below Average,Not Ranked
C M R Institute of Technology,CIVIL ENGINEERING,Bengaluru,Karnataka,Not Available,0.0,0.0,151.0,Private,No,No,www.sjcit.ac.in,Civil Engineering,,36.7,36.7,Not Available,Below Average,Top 200
Ballari Institute of Technology and Management,CIVIL ENGINEERING,Ballari,Karnataka,"Visvesvaraya Technological University, Belagavi",325000.0,2.66,,Private,No,No,www.bitm.edu.in,Civil Engineering,37.5,36.6,37.0,Premium,Below Average,Not Ranked
East West Institute of Technology,CIVIL ENGINEERING,Bengaluru,Karnataka,"Visvesvaraya Technological University, Belagavi",136500.0,0.0,,Private,No,No,www.ewit.edu,Civil Engineering,72.7,20.0,41.1,Affordable,Below Average,Not Ranked
Bangalore Institute of Technology,CIVIL ENGINEERING,Bengaluru,Karnataka,"Visvesvaraya Technological University, Belagavi",178800.0,0.0,,Private,No,No,www.bit- bangalore.or,Civil Engineering,64.24,20.0,37.7,Affordable,Below Average,Not Ranked
GM Institute of Technology,COMPUTER SCEINCE & ENGINEERING,Davanagere,Karnataka,"Visvesvaraya Technological University, Belagavi",204555.5555555556,0.0,,Private,No,No,www.gmit.ac.in,Other Engineering,59.08888888888888,20.0,35.6,Moderate,Below Average,Not Ranked
BVV Sangha's Basaveshwar Engineering College,COMPUTER SCEINCE & ENGINEERING,Bagalkot,Karnataka,"Visvesvaraya Technological University, Belagavi",210526.31578947368,3.34,,Government,No,Not Available,www.becbgk.edu,Other Engineering,57.89473684210527,43.4,49.2,Moderate,Average,Not Ranked
Canara Engineering College,COMPUTER SCEINCE & ENGINEERING,Mangalore,Karnataka,"Visvesvaraya Technological University, Belagavi",319166.6666666667,0.0,,Private,No,Not Available,www.canaraengi neerin,Other Engineering,38.08333333333333,20.0,27.2,Premium,Below Average,Not Ranked
Sapthagiri College of Engineering,COMPUTER SCIENCE & ENGINEERING,Myadarahalli,Karnataka,"Visvesvaraya Technological University, Belagavi",164888.88888888888,0.0,,Private,No,No,www.sapthagiri.e du.i,Computer Science & IT,67.02222222222223,20.0,38.8,Affordable,Below Average,Not Ranked
C M R Institute of Technology,COMPUTER SCIENCE & ENGINEERING,Bengaluru,Karnataka,Not Available,0.0,0.0,151.0,Private,No,No,www.sjcit.ac.in,Computer Science & IT,,36.7,36.7,Not Available,Below Average,Top 200
Sahyadri College of Engineering and Management,COMPUTER SCIENCE & ENGINEERING,Mangaluru,Karnataka,"Visvesvaraya Technological University, Belagavi",174900.00000000003,0.0,,Private,No,No,www.sahyadri.ed u.in,Computer Science & IT,65.02,20.0,38.0,Affordable,Below Average,Not Ranked
Bangalore Institute of Technology,COMPUTER SCIENCE & ENGINEERING,Bengaluru,Karnataka,"Visvesvaraya Technological University, Belagavi",178800.0,0.0,,Private,No,No,www.bit- bangalore.or,Computer Science & IT,64.24,20.0,37.7,Affordable,Below Average,Not Ranked
Jyothy Institute of Technology,COMPUTER SCIENCE AND ENGINEERING,Bengaluru,Karnataka,"Visvesvaraya Technological University, Belagavi",238000.0,0.0,,Private,No,No,www.jyothyit.ac.i n,Computer Science & IT,52.4,20.0,33.0,Moderate,Below Average,Not Ranked
Sai Vidya Institute of Technology,COMPUTER SCIENCE AND ENGINEERING,Bengaluru,Karnataka,"Visvesvaraya Technological University, Belagavi",362222.2222222223,0.0,,Private,No,No,www.saividya.ac.i n,Computer Science & IT,33.77777777777777,20.0,25.5,Premium,Below Average,Not Ranked
KLE Institute of Technology,COMPUTER SCIENCE AND ENGINEERING,Hubli,Karnataka,"Visvesvaraya Technological University, Belagavi",220125.0,0.0,,Private,No,No,www.kleit.ac.in,Computer Science & IT,55.975,20.0,34.4,Moderate,Below Average,Not Ranked
Amrita School of Engineering,COMPUTER SCIENCE AND ENGINEERING,Coimbatore,Tamil Nadu,"Amrita Vishwa Vidyapeetham, Coimbatore",649857.1428571428,0.0,,Private,No,No,www.amrita.edu,Computer Science & IT,14.005714285714287,20.0,17.6,Expensive,Below Average,Not Ranked
Jawaharlal Nehru National College of Engineering,COMPUTER SCIENCE AND ENGINEERING,Shivamogga,Karnataka,"Visvesvaraya Technological University, Belagavi",168666.66666666666,0.0,,Private,No,No,www.jnnce.ac.in,Computer Science & IT,66.26666666666667,20.0,38.5,Affordable,Below Average,Not Ranked
The Oxford College of Engineering,COMPUTER SCIENCE AND ENGINEERING,Bengaluru,Karnataka,"Visvesvaraya Technological University, Belagavi",312909.0909090909,2.35,,Private,No,Not Available,www.theoxford.e du,Computer Science & IT,38.70909090909091,33.5,35.6,Premium,Below Average,Not Ranked
Alva's Institute of Engineering and Technology,COMPUTER SCIENCE AND ENGINEERING,Mangalore,Karnataka,"Visvesvaraya Technological University, Belagavi",240571.42857142852,0.0,,Private,No,No,www.aiet.org.in,Computer Science & IT,51.8857142857143,20.0,32.8,Moderate,Below Average,Not Ranked
BNM Institute of Technology,COMPUTER SCIENCE AND ENGINEERING,Bengaluru,Karnataka,"Visvesvaraya Technological University, Belagavi",247555.5555555556,3.1,,Private,No,No,www.bnmit.org,Computer Science & IT,50.48888888888888,41.0,44.8,Moderate,Average,Not Ranked
Nagarjuna College of Engineering and Technology,COMPUTER SCIENCE AND ENGINEERING,Muduguriki,Karnataka,"Visvesvaraya Technological University, Belagavi",213636.36363636365,0.0,,Private - Autonomous,No,No,www.nagarjunae ducati,Computer Science & IT,57.27272727272727,20.0,34.9,Moderate,Below Average,Not Ranked
KS School of Engineering and Management,COMPUTER SCIENCE AND ENGINEERING,Bengaluru,Karnataka,"Visvesvaraya Technological University, Belagavi",127888.88888888888,0.0,,Private,No,No,www.kssem.edu.i n,Computer Science & IT,74.42222222222223,20.0,41.8,Affordable,Below Average,Not Ranked
KS Institute of Technology,COMPUTER SCIENCE AND ENGINEERING,Bengaluru,Karnataka,"Visvesvaraya Technological University, Belagavi",284571.4285714286,0.0,,Private,No,No,www.ksit.ac.in,Computer Science & IT,43.08571428571429,20.0,29.2,Moderate,Below Average,Not Ranked
Channabasaveshwara Institute of Technology,COMPUTER SCIENCE AND ENGINEERING,Tumkur,Karnataka,"Visvesvaraya Technological University, Belagavi",107400.0,0.0,,Private,No,No,www.cittumkur.o rg,Computer Science & IT,78.52,20.0,43.4,Affordable,Below Average,Not Ranked
Mangalore Institute of Technology and Engineering,COMPUTER SCIENCE AND ENGINEERING,Mangalore,Karnataka,"Visvesvaraya Technological University, Belagavi",342857.14285714284,0.0,,Private,No,No,www.mite.ac.in,Computer Science & IT,35.714285714285715,20.0,26.3,Premium,Below Average,Not Ranked
PES Institute of Technology and Management,COMPUTER SCIENCE AND ENGINEERING,Shivamogga,Karnataka,"Visvesvaraya Technological University, Belagavi",348571.4285714286,0.0,,Private,No,No,www.pestrust.or g/pes,Computer Science & IT,35.14285714285714,20.0,26.1,Premium,Below Average,Not Ranked
Mahendra College of Engineering,COMPUTER SCIENCE AND ENGINEERING,Minnampalli,Tamil Nadu,"Anna University, Chennai",145833.33333333334,0.0,,Government,No,Yes,www.sjce.ac.in,Computer Science & IT,70.83333333333333,53.3,60.3,Affordable,Average,Not Ranked
Sir M Visvesvaraya Institute of Technology,COMPUTER SCIENCE AND ENGINEERING,Bengaluru,Karnataka,"Visvesvaraya Technological University, Belagavi",236714.2857142857,2.87,,Private,No,No,www.sirmvit.edu,Computer Science & IT,52.65714285714286,38.7,44.3,Moderate,Below Average,Not Ranked
East West Institute of Technology,COMPUTER SCIENCE AND ENGINEERING,Bengaluru,Karnataka,"Visvesvaraya Technological University, Belagavi",136500.0,0.0,,Private,No,No,www.ewit.edu,Computer Science & IT,72.7,20.0,41.1,Affordable,Below Average,Not Ranked
Global Academy of Technology,COMPUTER SCIENCE AND ENGINEERING,Bengaluru,Karnataka,"Visvesvaraya Technological University, Belagavi",140400.0,3.09,,Private,No,No,www.gat.ac.in,Computer Science & IT,71.92,40.9,53.3,Affordable,Average,Not Ranked
Nitte Meenakshi Institute of Technology,COMPUTER SCIENCE AND ENGINEERING,Bengaluru,Karnataka,"Visvesvaraya Technological University, Belagavi",145075.0,3.02,101.0,Private - Autonomous,No,No,www.nmit.ac.in,Computer Science & IT,70.985,47.6,57.0,Affordable,Average,Top 200
Sri Venkateshwara College of Engineering,COMPUTER SCIENCE AND ENGINEERING,Bengaluru,Karnataka,"Visvesvaraya Technological University, Belagavi",242818.18181818185,0.0,,Private,No,Not Available,www.svcengg.co m,Computer Science & IT,51.43636363636363,20.0,32.6,Moderate,Below Average,Not Ranked
Bangalore Institute of Technology,COMPUTER SCIENCE AND ENGINEERING,Bengaluru,Karnataka,"Visvesvaraya Technological University, Belagavi",178800.0,0.0,,Private,No,No,www.bit- bangalore.or,Computer Science & IT,64.24,20.0,37.7,Affordable,Below Average,Not Ranked
Ballari Institute of Technology and Management,COMPUTER SCIENCE AND ENGINEERING,Ballari,Karnataka,"Visvesvaraya Technological University, Belagavi",325000.0,2.66,,Private,No,No,www.bitm.edu.in,Computer Science & IT,37.5,36.6,37.0,Premium,Below Average,Not Ranked
AMC Engineering College,COMPUTER SCIENCE AND ENGINEERING,Bengaluru,Karnataka,"Visvesvaraya Technological University, Belagavi",345294.1176470588,2.77,,Private,No,No,www.amcec.edu.i n,Computer Science & IT,35.47058823529412,37.7,36.8,Premium,Below Average,Not Ranked
Mahendra College of Engineering,CONSTRUCTION TECHNOLOGY AND MANAGEMENT,Minnampalli,Tamil Nadu,"Anna University, Chennai",145833.33333333334,0.0,,Government,No,Yes,www.sjce.ac.in,Civil Engineering,70.83333333333333,53.3,60.3,Affordable,Average,Not Ranked
Amrita School of Engineering,ELECTRICAL AND ELECTRONICS ENGINEERING,Coimbatore,Tamil Nadu,"Amrita Vishwa Vidyapeetham, Coimbatore",649857.1428571428,0.0,,Private,No,No,www.amrita.edu,Electronics & Communication,14.005714285714287,20.0,17.6,Expensive,Below Average,Not Ranked
Jawaharlal Nehru National College of Engineering,ELECTRICAL AND ELECTRONICS ENGINEERING,Shivamogga,Karnataka,"Visvesvaraya Technological University, Belagavi",168666.66666666666,0.0,,Private,No,No,www.jnnce.ac.in,Electronics & Communication,66.26666666666667,20.0,38.5,Affordable,Below Average,Not Ranked
AMC Engineering College,ELECTRICAL AND ELECTRONICS ENGINEERING,Bengaluru,Karnataka,"Visvesvaraya Technological University, Belagavi",345294.1176470588,2.77,,Private,No,No,www.amcec.edu.i n,Electronics & Communication,35.47058823529412,37.7,36.8,Premium,Below Average,Not Ranked
East West Institute of Technology,ELECTRICAL AND ELECTRONICS ENGINEERING,Bengaluru,Karnataka,"Visvesvaraya Technological University, Belagavi",136500.0,0.0,,Private,No,No,www.ewit.edu,Electronics & Communication,72.7,20.0,41.1,Affordable,Below Average,Not Ranked
BVV Sangha's Basaveshwar Engineering College,ELECTRICAL AND ELECTRONICS ENGINEERING,Bagalkot,Karnataka,"Visvesvaraya Technological University, Belagavi",210526.31578947368,3.34,,Government,No,Not Available,www.becbgk.edu,Electronics & Communication,57.89473684210527,43.4,49.2,Moderate,Average,Not Ranked
Canara Engineering College,ELECTRICAL AND ELECTRONICS ENGINEERING,Mangalore,Karnataka,"Visvesvaraya Technological University, Belagavi",319166.6666666667,0.0,,Private,No,Not Available,www.canaraengi neerin,Electronics & Communication,38.08333333333333,20.0,27.2,Premium,Below Average,Not Ranked
Sai Vidya Institute of Technology,ELECTRICAL AND ELECTRONICS ENGINEERING,Bengaluru,Karnataka,"Visvesvaraya Technological University, Belagavi",362222.2222222223,0.0,,Private,No,No,www.saividya.ac.i n,Electronics & Communication,33.77777777777777,20.0,25.5,Premium,Below Average,Not Ranked
BNM Institute of Technology,ELECTRICAL AND ELECTRONICS ENGINEERING,Bengaluru,Karnataka,"Visvesvaraya Technological University, Belagavi",247555.5555555556,3.1,,Private,No,No,www.bnmit.org,Electronics & Communication,50.48888888888888,41.0,44.8,Moderate,Average,Not Ranked
Global Academy of Technology,ELECTRICAL AND ELECTRONICS ENGINEERING,Bengaluru,Karnataka,"Visvesvaraya Technological University, Belagavi",140400.0,3.09,,Private,No,No,www.gat.ac.in,Electronics & Communication,71.92,40.9,53.3,Affordable,Average,Not Ranked
Nitte Meenakshi Institute of Technology,ELECTRICAL AND ELECTRONICS ENGINEERING,Bengaluru,Karnataka,"Visvesvaraya Technological University, Belagavi",145075.0,3.02,101.0,Private - Autonomous,No,No,www.nmit.ac.in,Electronics & Communication,70.985,47.6,57.0,Affordable,Average,Top 200
KS School of Engineering and Management,ELECTRICAL AND ELECTRONICS ENGINEERING,Bengaluru,Karnataka,"Visvesvaraya Technological University, Belagavi",127888.88888888888,0.0,,Private,No,No,www.kssem.edu.i n,Electronics & Communication,74.42222222222223,20.0,41.8,Affordable,Below Average,Not Ranked
Channabasaveshwara Institute of Technology,ELECTRICAL AND ELECTRONICS ENGINEERING,Tumkur,Karnataka,"Visvesvaraya Technological University, Belagavi",107400.0,0.0,,Private,No,No,www.cittumkur.o rg,Electronics & Communication,78.52,20.0,43.4,Affordable,Below Average,Not Ranked
PES Institute of Technology and Management,ELECTRICAL AND ELECTRONICS ENGINEERING,Shivamogga,Karnataka,"Visvesvaraya Technological University, Belagavi",348571.4285714286,0.0,,Private,No,No,www.pestrust.or g/pes,Electronics & Communication,35.14285714285714,20.0,26.1,Premium,Below Average,Not Ranked
Bangalore Institute of Technology,ELECTRICAL AND ELECTRONICS ENGINEERING,Bengaluru,Karnataka,"Visvesvaraya Technological University, Belagavi",178800.0,0.0,,Private,No,No,www.bit- bangalore.or,Electronics & Communication,64.24,20.0,37.7,Affordable,Below Average,Not Ranked
KLE Institute of Technology,ELECTRICAL AND ELECTRONICS ENGINEERING,Hubli,Karnataka,"Visvesvaraya Technological University, Belagavi",220125.0,0.0,,Private,No,No,www.kleit.ac.in,Electronics & Communication,55.975,20.0,34.4,Moderate,Below Average,Not Ranked
Mahendra College of Engineering,ELECTRICAL AND ELECTRONICS ENGINEERING,Minnampalli,Tamil Nadu,"Anna University, Chennai",145833.33333333334,0.0,,Government,No,Yes,www.sjce.ac.in,Electronics & Communication,70.83333333333333,53.3,60.3,Affordable,Average,Not Ranked
The Oxford College of Engineering,ELECTRICAL AND ELECTRONICS ENGINEERING,Bengaluru,Karnataka,"Visvesvaraya Technological University, Belagavi",312909.0909090909,2.35,,Private,No,Not Available,www.theoxford.e du,Electronics & Communication,38.70909090909091,33.5,35.6,Premium,Below Average,Not Ranked
Sapthagiri College of Engineering,ELECTRICAL AND ELECTRONICS ENGINEERING,Myadarahalli,Karnataka,"Visvesvaraya Technological University, Belagavi",164888.88888888888,0.0,,Private,No,No,www.sapthagiri.e du.i,Electronics & Communication,67.02222222222223,20.0,38.8,Affordable,Below Average,Not Ranked
Ballari Institute of Technology and Management,ELECTRICAL AND ELECTRONICS ENGINEERING,Ballari,Karnataka,"Visvesvaraya Technological University, Belagavi",325000.0,2.66,,Private,No,No,www.bitm.edu.in,Electronics & Communication,37.5,36.6,37.0,Premium,Below Average,Not Ranked
Sir M Visvesvaraya Institute of Technology,ELECTRICAL AND ELECTRONICS ENGINEERING,Bengaluru,Karnataka,"Visvesvaraya Technological University, Belagavi",236714.2857142857,2.87,,Private,No,No,www.sirmvit.edu,Electronics & Communication,52.65714285714286,38.7,44.3,Moderate,Below Average,Not Ranked
Jyothy Institute of Technology,ELECTRONICS & COMMUNICATION ENGG,Bengaluru,Karnataka,"Visvesvaraya Technological University, Belagavi",238000.0,0.0,,Private,No,No,www.jyothyit.ac.i n,Electronics & Communication,52.4,20.0,33.0,Moderate,Below Average,Not Ranked
Jawaharlal Nehru National College of Engineering,ELECTRONICS & COMMUNICATION ENGG,Shivamogga,Karnataka,"Visvesvaraya Technological University, Belagavi",168666.66666666666,0.0,,Private,No,No,www.jnnce.ac.in,Electronics & Communication,66.26666666666667,20.0,38.5,Affordable,Below Average,Not Ranked
The Oxford College of Engineering,ELECTRONICS & COMMUNICATION ENGG,Bengaluru,Karnataka,"Visvesvaraya Technological University, Belagavi",312909.0909090909,2.35,,Private,No,Not Available,www.theoxford.e du,Electronics & Communication,38.70909090909091,33.5,35.6,Premium,Below Average,Not Ranked
Canara Engineering College,ELECTRONICS & COMMUNICATION ENGG,Mangalore,Karnataka,"Visvesvaraya Technological University, Belagavi",319166.6666666667,0.0,,Private,No,Not Available,www.canaraengi neerin,Electronics & Communication,38.08333333333333,20.0,27.2,Premium,Below Average,Not Ranked
GM Institute of Technology,ELECTRONICS & COMMUNICATION ENGG,Davanagere,Karnataka,"Visvesvaraya Technological University, Belagavi",204555.5555555556,0.0,,Private,No,No,www.gmit.ac.in,Electronics & Communication,59.08888888888888,20.0,35.6,Moderate,Below Average,Not Ranked
Alva's Institute of Engineering and Technology,ELECTRONICS & COMMUNICATION ENGG,Mangalore,Karnataka,"Visvesvaraya Technological University, Belagavi",240571.42857142852,0.0,,Private,No,No,www.aiet.org.in,Electronics & Communication,51.8857142857143,20.0,32.8,Moderate,Below Average,Not Ranked
Sai Vidya Institute of Technology,ELECTRONICS & COMMUNICATION ENGG,Bengaluru,Karnataka,"Visvesvaraya Technological University, Belagavi",362222.2222222223,0.0,,Private,No,No,www.saividya.ac.i n,Electronics & Communication,33.77777777777777,20.0,25.5,Premium,Below Average,Not Ranked
BNM Institute of Technology,ELECTRONICS & COMMUNICATION ENGG,Bengaluru,Karnataka,"Visvesvaraya Technological University, Belagavi",247555.5555555556,3.1,,Private,No,No,www.bnmit.org,Electronics & Communication,50.48888888888888,41.0,44.8,Moderate,Average,Not Ranked
Sapthagiri College of Engineering,ELECTRONICS & COMMUNICATION ENGG,Myadarahalli,Karnataka,"Visvesvaraya Technological University, Belagavi",164888.88888888888,0.0,,Private,No,No,www.sapthagiri.e du.i,Electronics & Communication,67.02222222222223,20.0,38.8,Affordable,Below Average,Not Ranked
Nagarjuna College of Engineering and Technology,ELECTRONICS & COMMUNICATION ENGG,Muduguriki,Karnataka,"Visvesvaraya Technological University, Belagavi",213636.36363636365,0.0,,Private - Autonomous,No,No,www.nagarjunae ducati,Electronics & Communication,57.27272727272727,20.0,34.9,Moderate,Below Average,Not Ranked
Sri Venkateshwara College of Engineering,ELECTRONICS & COMMUNICATION ENGG,Bengaluru,Karnataka,"Visvesvaraya Technological University, Belagavi",242818.18181818185,0.0,,Private,No,Not Available,www.svcengg.co m,Electronics & Communication,51.43636363636363,20.0,32.6,Moderate,Below Average,Not Ranked
Sahyadri College of Engineering and Management,ELECTRONICS & COMMUNICATION ENGG,Mangaluru,Karnataka,"Visvesvaraya Technological University, Belagavi",174900.00000000003,0.0,,Private,No,No,www.sahyadri.ed u.in,Electronics & Communication,65.02,20.0,38.0,Affordable,Below Average,Not Ranked
KS School of Engineering and Management,ELECTRONICS & COMMUNICATION ENGG,Bengaluru,Karnataka,"Visvesvaraya Technological University, Belagavi",127888.88888888888,0.0,,Private,No,No,www.kssem.edu.i n,Electronics & Communication,74.42222222222223,20.0,41.8,Affordable,Below Average,Not Ranked
KS Institute of Technology,ELECTRONICS & COMMUNICATION ENGG,Bengaluru,Karnataka,"Visvesvaraya Technological University, Belagavi",284571.4285714286,0.0,,Private,No,No,www.ksit.ac.in,Electronics & Communication,43.08571428571429,20.0,29.2,Moderate,Below Average,Not Ranked
Channabasaveshwara Institute of Technology,ELECTRONICS & COMMUNICATION ENGG,Tumkur,Karnataka,"Visvesvaraya Technological University, Belagavi",107400.0,0.0,,Private,No,No,www.cittumkur.o rg,Electronics & Communication,78.52,20.0,43.4,Affordable,Below Average,Not Ranked
Mangalore Institute of Technology and Engineering,ELECTRONICS & COMMUNICATION ENGG,Mangalore,Karnataka,"Visvesvaraya Technological University, Belagavi",342857.14285714284,0.0,,Private,No,No,www.mite.ac.in,Electronics & Communication,35.714285714285715,20.0,26.3,Premium,Below Average,Not Ranked
PES Institute of Technology and Management,ELECTRONICS & COMMUNICATION ENGG,Shivamogga,Karnataka,"Visvesvaraya Technological University, Belagavi",348571.4285714286,0.0,,Private,No,No,www.pestrust.or g/pes,Electronics & Communication,35.14285714285714,20.0,26.1,Premium,Below Average,Not Ranked
KLE Institute of Technology,ELECTRONICS & COMMUNICATION ENGG,Hubli,Karnataka,"Visvesvaraya Technological University, Belagavi",220125.0,0.0,,Private,No,No,www.kleit.ac.in,Electronics & Communication,55.975,20.0,34.4,Moderate,Below Average,Not Ranked
Mahendra College of Engineering,ELECTRONICS & COMMUNICATION ENGG,Minnampalli,Tamil Nadu,"Anna University, Chennai",145833.33333333334,0.0,,Government,No,Yes,www.sjce.ac.in,Electronics & Communication,70.83333333333333,53.3,60.3,Affordable,Average,Not Ranked
Sir M Visvesvaraya Institute of Technology,ELECTRONICS & COMMUNICATION ENGG,Bengaluru,Karnataka,"Visvesvaraya Technological University, Belagavi",236714.2857142857,2.87,,Private,No,No,www.sirmvit.edu,Electronics & Communication,52.65714285714286,38.7,44.3,Moderate,Below Average,Not Ranked
East West Institute of Technology,ELECTRONICS & COMMUNICATION ENGG,Bengaluru,Karnataka,"Visvesvaraya Technological University, Belagavi",136500.0,0.0,,Private,No,No,www.ewit.edu,Electronics & Communication,72.7,20.0,41.1,Affordable,Below Average,Not Ranked
Global Academy of Technology,ELECTRONICS & COMMUNICATION ENGG,Bengaluru,Karnataka,"Visvesvaraya Technological University, Belagavi",140400.0,3.09,,Private,No,No,www.gat.ac.in,Electronics & Communication,71.92,40.9,53.3,Affordable,Average,Not Ranked
Bangalore Institute of Technology,ELECTRONICS & COMMUNICATION ENGG,Bengaluru,Karnataka,"Visvesvaraya Technological University, Belagavi",178800.0,0.0,,Private,No,No,www.bit- bangalore.or,Electronics & Communication,64.24,20.0,37.7,Affordable,Below Average,Not Ranked
C M R Institute of Technology,ELECTRONICS & COMMUNICATION ENGG,Bengaluru,Karnataka,Not Available,0.0,0.0,151.0,Private,No,No,www.sjcit.ac.in,Electronics & Communication,,36.7,36.7,Not Available,Below Average,Top 200
Bangalore Institute of Technology,ELECTRONICS & COMMUNICATION ENGG,Bengaluru,Karnataka,"Visvesvaraya Technological University, Belagavi",178800.0,0.0,,Private,No,No,www.bit- bangalore.or,Electronics & Communication,64.24,20.0,37.7,Affordable,Below Average,Not Ranked
BVV Sangha's Basaveshwar Engineering College,ELECTRONICS AND COMMUNICATIONS ENGINEERING,Bagalkot,Karnataka,"Visvesvaraya Technological University, Belagavi",210526.31578947368,3.34,,Government,No,Not Available,www.becbgk.edu,Electronics & Communication,57.89473684210527,43.4,49.2,Moderate,Average,Not Ranked
Amrita School of Engineering,ELECTRONICS AND COMMUNICATIONS ENGINEERING,Coimbatore,Tamil Nadu,"Amrita Vishwa Vidyapeetham, Coimbatore",649857.1428571428,0.0,,Private,No,No,www.amrita.edu,Electronics & Communication,14.005714285714287,20.0,17.6,Expensive,Below Average,Not Ranked
AMC Engineering College,ELECTRONICS AND COMMUNICATIONS ENGINEERING,Bengaluru,Karnataka,"Visvesvaraya Technological University, Belagavi",345294.1176470588,2.77,,Private,No,No,www.amcec.edu.i n,Electronics & Communication,35.47058823529412,37.7,36.8,Premium,Below Average,Not Ranked
Nitte Meenakshi Institute of Technology,ELECTRONICS AND COMMUNICATIONS ENGINEERING,Bengaluru,Karnataka,"Visvesvaraya Technological University, Belagavi",145075.0,3.02,101.0,Private - Autonomous,No,No,www.nmit.ac.in,Electronics & Communication,70.985,47.6,57.0,Affordable,Average,Top 200
Ballari Institute of Technology and Management,ELECTRONICS AND COMMUNICATIONS ENGINEERING,Ballari,Karnataka,"Visvesvaraya Technological University, Belagavi",325000.0,2.66,,Private,No,No,www.bitm.edu.in,Electronics & Communication,37.5,36.6,37.0,Premium,Below Average,Not Ranked
Amrita School of Engineering,ELECTRONICS AND INSTRUMENTATION ENGINEERING,Coimbatore,Tamil Nadu,"Amrita Vishwa Vidyapeetham, Coimbatore",649857.1428571428,0.0,,Private,No,No,www.amrita.edu,Electronics & Communication,14.005714285714287,20.0,17.6,Expensive,Below Average,Not Ranked
BVV Sangha's Basaveshwar Engineering College,ELECTRONICS AND INSTRUMENTATION ENGINEERING,Bagalkot,Karnataka,"Visvesvaraya Technological University, Belagavi",210526.31578947368,3.34,,Government,No,Not Available,www.becbgk.edu,Electronics & Communication,57.89473684210527,43.4,49.2,Moderate,Average,Not Ranked
Mahendra College of Engineering,ENVIRONMENTAL ENGINEERING,Minnampalli,Tamil Nadu,"Anna University, Chennai",145833.33333333334,0.0,,Government,No,Yes,www.sjce.ac.in,Civil Engineering,70.83333333333333,53.3,60.3,Affordable,Average,Not Ranked
Mahendra College of Engineering,INDUSTRIAL AND PRODUCTION ENGINEERING,Minnampalli,Tamil Nadu,"Anna University, Chennai",145833.33333333334,0.0,,Government,No,Yes,www.sjce.ac.in,Mechanical Engineering,70.83333333333333,53.3,60.3,Affordable,Average,Not Ranked
Bangalore Institute of Technology,INDUSTRIAL ENGINEERING AND MANAGEMENT,Bengaluru,Karnataka,"Visvesvaraya Technological University, Belagavi",178800.0,0.0,,Private,No,No,www.bit- bangalore.or,Mechanical Engineering,64.24,20.0,37.7,Affordable,Below Average,Not Ranked
Sir M Visvesvaraya Institute of Technology,INDUSTRIAL ENGINEERING AND MANAGEMENT,Bengaluru,Karnataka,"Visvesvaraya Technological University, Belagavi",236714.2857142857,2.87,,Private,No,No,www.sirmvit.edu,Mechanical Engineering,52.65714285714286,38.7,44.3,Moderate,Below Average,Not Ranked
BVV Sangha's Basaveshwar Engineering College,INDUSTRIAL PRODUCTION ENGINEERING,Bagalkot,Karnataka,"Visvesvaraya Technological University, Belagavi",210526.31578947368,3.34,,Government,No,Not Available,www.becbgk.edu,Mechanical Engineering,57.89473684210527,43.4,49.2,Moderate,Average,Not Ranked
Canara Engineering College,INFORMATION SCIENCE AND ENGINEERING,Mangalore,Karnataka,"Visvesvaraya Technological University, Belagavi",319166.6666666667,0.0,,Private,No,Not Available,www.canaraengi neerin,Other Engineering,38.08333333333333,20.0,27.2,Premium,Below Average,Not Ranked
Jyothy Institute of Technology,INFORMATION SCIENCE AND ENGINEERING,Bengaluru,Karnataka,"Visvesvaraya Technological University, Belagavi",238000.0,0.0,,Private,No,No,www.jyothyit.ac.i n,Other Engineering,52.4,20.0,33.0,Moderate,Below Average,Not Ranked
GM Institute of Technology,INFORMATION SCIENCE AND ENGINEERING,Davanagere,Karnataka,"Visvesvaraya Technological University, Belagavi",204555.5555555556,0.0,,Private,No,No,www.gmit.ac.in,Other Engineering,59.08888888888888,20.0,35.6,Moderate,Below Average,Not Ranked
Alva's Institute of Engineering and Technology,INFORMATION SCIENCE AND ENGINEERING,Mangalore,Karnataka,"Visvesvaraya Technological University, Belagavi",240571.42857142852,0.0,,Private,No,No,www.aiet.org.in,Other Engineering,51.8857142857143,20.0,32.8,Moderate,Below Average,Not Ranked
Sai Vidya Institute of Technology,INFORMATION SCIENCE AND ENGINEERING,Bengaluru,Karnataka,"Visvesvaraya Technological University, Belagavi",362222.2222222223,0.0,,Private,No,No,www.saividya.ac.i n,Other Engineering,33.77777777777777,20.0,25.5,Premium,Below Average,Not Ranked
BNM Institute of Technology,INFORMATION SCIENCE AND ENGINEERING,Bengaluru,Karnataka,"Visvesvaraya Technological University, Belagavi",247555.5555555556,3.1,,Private,No,No,www.bnmit.org,Other Engineering,50.48888888888888,41.0,44.8,Moderate,Average,Not Ranked
Global Academy of Technology,INFORMATION SCIENCE AND ENGINEERING,Bengaluru,Karnataka,"Visvesvaraya Technological University, Belagavi",140400.0,3.09,,Private,No,No,www.gat.ac.in,Other Engineering,71.92,40.9,53.3,Affordable,Average,Not Ranked
Nagarjuna College of Engineering and Technology,INFORMATION SCIENCE AND ENGINEERING,Muduguriki,Karnataka,"Visvesvaraya Technological University, Belagavi",213636.36363636365,0.0,,Private - Autonomous,No,No,www.nagarjunae ducati,Other Engineering,57.27272727272727,20.0,34.9,Moderate,Below Average,Not Ranked
Sri Venkateshwara College of Engineering,INFORMATION SCIENCE AND ENGINEERING,Bengaluru,Karnataka,"Visvesvaraya Technological University, Belagavi",242818.18181818185,0.0,,Private,No,Not Available,www.svcengg.co m,Other Engineering,51.43636363636363,20.0,32.6,Moderate,Below Average,Not Ranked
Channabasaveshwara Institute of Technology,INFORMATION SCIENCE AND ENGINEERING,Tumkur,Karnataka,"Visvesvaraya Technological University, Belagavi",107400.0,0.0,,Private,No,No,www.cittumkur.o rg,Other Engineering,78.52,20.0,43.4,Affordable,Below Average,Not Ranked
Mangalore Institute of Technology and Engineering,INFORMATION SCIENCE AND ENGINEERING,Mangalore,Karnataka,"Visvesvaraya Technological University, Belagavi",342857.14285714284,0.0,,Private,No,No,www.mite.ac.in,Other Engineering,35.714285714285715,20.0,26.3,Premium,Below Average,Not Ranked
PES Institute of Technology and Management,INFORMATION SCIENCE AND ENGINEERING,Shivamogga,Karnataka,"Visvesvaraya Technological University, Belagavi",348571.4285714286,0.0,,Private,No,No,www.pestrust.or g/pes,Other Engineering,35.14285714285714,20.0,26.1,Premium,Below Average,Not Ranked
Bangalore Institute of Technology,INFORMATION SCIENCE AND ENGINEERING,Bengaluru,Karnataka,"Visvesvaraya Technological University, Belagavi",178800.0,0.0,,Private,No,No,www.bit- bangalore.or,Other Engineering,64.24,20.0,37.7,Affordable,Below Average,Not Ranked
KLE Institute of Technology,INFORMATION SCIENCE AND ENGINEERING,Hubli,Karnataka,"Visvesvaraya Technological University, Belagavi",220125.0,0.0,,Private,No,No,www.kleit.ac.in,Other Engineering,55.975,20.0,34.4,Moderate,Below Average,Not Ranked
Mahendra College of Engineering,INFORMATION SCIENCE AND ENGINEERING,Minnampalli,Tamil Nadu,"Anna University, Chennai",145833.33333333334,0.0,,Government,No,Yes,www.sjce.ac.in,Other Engineering,70.83333333333333,53.3,60.3,Affordable,Average,Not Ranked
Sir M Visvesvaraya Institute of Technology,INFORMATION SCIENCE AND ENGINEERING,Bengaluru,Karnataka,"Visvesvaraya Technological University, Belagavi",236714.2857142857,2.87,,Private,No,No,www.sirmvit.edu,Other Engineering,52.65714285714286,38.7,44.3,Moderate,Below Average,Not Ranked
Jawaharlal Nehru National College of Engineering,INFORMATION SCIENCE AND ENGINEERING,Shivamogga,Karnataka,"Visvesvaraya Technological University, Belagavi",168666.66666666666,0.0,,Private,No,No,www.jnnce.ac.in,Other Engineering,66.26666666666667,20.0,38.5,Affordable,Below Average,Not Ranked
The Oxford College of Engineering,INFORMATION SCIENCE AND ENGINEERING,Bengaluru,Karnataka,"Visvesvaraya Technological University, Belagavi",312909.0909090909,2.35,,Private,No,Not Available,www.theoxford.e du,Other Engineering,38.70909090909091,33.5,35.6,Premium,Below Average,Not Ranked
AMC Engineering College,INFORMATION SCIENCE AND ENGINEERING,Bengaluru,Karnataka,"Visvesvaraya Technological University, Belagavi",345294.1176470588,2.77,,Private,No,No,www.amcec.edu.i n,Other Engineering,35.47058823529412,37.7,36.8,Premium,Below Average,Not Ranked
East West Institute of Technology,INFORMATION SCIENCE AND ENGINEERING,Bengaluru,Karnataka,"Visvesvaraya Technological University, Belagavi",136500.0,0.0,,Private,No,No,www.ewit.edu,Other Engineering,72.7,20.0,41.1,Affordable,Below Average,Not Ranked
BVV Sangha's Basaveshwar Engineering College,INFORMATION SCIENCE AND ENGINEERING,Bagalkot,Karnataka,"Visvesvaraya Technological University, Belagavi",210526.31578947368,3.34,,Government,No,Not Available,www.becbgk.edu,Other Engineering,57.89473684210527,43.4,49.2,Moderate,Average,Not Ranked
Sapthagiri College of Engineering,INFORMATION SCIENCE AND ENGINEERING,Myadarahalli,Karnataka,"Visvesvaraya Technological University, Belagavi",164888.88888888888,0.0,,Private,No,No,www.sapthagiri.e du.i,Other Engineering,67.02222222222223,20.0,38.8,Affordable,Below Average,Not Ranked
Sahyadri College of Engineering and Management,INFORMATION SCIENCE AND ENGINEERING,Mangaluru,Karnataka,"Visvesvaraya Technological University, Belagavi",174900.00000000003,0.0,,Private,No,No,www.sahyadri.ed u.in,Other Engineering,65.02,20.0,38.0,Affordable,Below Average,Not Ranked
Bangalore Institute of Technology,INFORMATION SCIENCE AND ENGINEERING,Bengaluru,Karnataka,"Visvesvaraya Technological University, Belagavi",178800.0,0.0,,Private,No,No,www.bit- bangalore.or,Other Engineering,64.24,20.0,37.7,Affordable,Below Average,Not Ranked
C M R Institute of Technology,INFORMATION SCIENCE AND ENGINEERING,Bengaluru,Karnataka,Not Available,0.0,0.0,151.0,Private,No,No,www.sjcit.ac.in,Other Engineering,,36.7,36.7,Not Available,Below Average,Top 200
Nitte Meenakshi Institute of Technology,INFORMATION SCIENCE AND ENGINEERING,Bengaluru,Karnataka,"Visvesvaraya Technological University, Belagavi",145075.0,3.02,101.0,Private - Autonomous,No,No,www.nmit.ac.in,Other Engineering,70.985,47.6,57.0,Affordable,Average,Top 200
Bangalore Institute of Technology,INSTRUMENTATION TECHNOLOGY,Bengaluru,Karnataka,"Visvesvaraya Technological University, Belagavi",178800.0,0.0,,Private,No,No,www.bit- bangalore.or,Other Engineering,64.24,20.0,37.7,Affordable,Below Average,Not Ranked
Mahendra College of Engineering,INSTRUMENTATION TECHNOLOGY,Minnampalli,Tamil Nadu,"Anna University, Chennai",145833.33333333334,0.0,,Government,No,Yes,www.sjce.ac.in,Other Engineering,70.83333333333333,53.3,60.3,Affordable,Average,Not Ranked
Jyothy Institute of Technology,MECHANICAL ENGINEERING,Bengaluru,Karnataka,"Visvesvaraya Technological University, Belagavi",238000.0,0.0,,Private,No,No,www.jyothyit.ac.i n,Mechanical Engineering,52.4,20.0,33.0,Moderate,Below Average,Not Ranked
Sai Vidya Institute of Technology,MECHANICAL ENGINEERING,Bengaluru,Karnataka,"Visvesvaraya Technological University, Belagavi",362222.2222222223,0.0,,Private,No,No,www.saividya.ac.i n,Mechanical Engineering,33.77777777777777,20.0,25.5,Premium,Below Average,Not Ranked
BNM Institute of Technology,MECHANICAL ENGINEERING,Bengaluru,Karnataka,"Visvesvaraya Technological University, Belagavi",247555.5555555556,3.1,,Private,No,No,www.bnmit.org,Mechanical Engineering,50.48888888888888,41.0,44.8,Moderate,Average,Not Ranked
Sri Venkateshwara College of Engineering,MECHANICAL ENGINEERING,Bengaluru,Karnataka,"Visvesvaraya Technological University, Belagavi",242818.18181818185,0.0,,Private,No,Not Available,www.svcengg.co m,Mechanical Engineering,51.43636363636363,20.0,32.6,Moderate,Below Average,Not Ranked
KS School of Engineering and Management,MECHANICAL ENGINEERING,Bengaluru,Karnataka,"Visvesvaraya Technological University, Belagavi",127888.88888888888,0.0,,Private,No,No,www.kssem.edu.i n,Mechanical Engineering,74.42222222222223,20.0,41.8,Affordable,Below Average,Not Ranked
Mahendra College of Engineering,MECHANICAL ENGINEERING,Minnampalli,Tamil Nadu,"Anna University, Chennai",145833.33333333334,0.0,,Government,No,Yes,www.sjce.ac.in,Mechanical Engineering,70.83333333333333,53.3,60.3,Affordable,Average,Not Ranked
Amrita School of Engineering,MECHANICAL ENGINEERING,Coimbatore,Tamil Nadu,"Amrita Vishwa Vidyapeetham, Coimbatore",649857.1428571428,0.0,,Private,No,No,www.amrita.edu,Mechanical Engineering,14.005714285714287,20.0,17.6,Expensive,Below Average,Not Ranked
Jawaharlal Nehru National College of Engineering,MECHANICAL ENGINEERING,Shivamogga,Karnataka,"Visvesvaraya Technological University, Belagavi",168666.66666666666,0.0,,Private,No,No,www.jnnce.ac.in,Mechanical Engineering,66.26666666666667,20.0,38.5,Affordable,Below Average,Not Ranked
The Oxford College of Engineering,MECHANICAL ENGINEERING,Bengaluru,Karnataka,"Visvesvaraya Technological University, Belagavi",312909.0909090909,2.35,,Private,No,Not Available,www.theoxford.e du,Mechanical Engineering,38.70909090909091,33.5,35.6,Premium,Below Average,Not Ranked
BVV Sangha's Basaveshwar Engineering College,MECHANICAL ENGINEERING,Bagalkot,Karnataka,"Visvesvaraya Technological University, Belagavi",210526.31578947368,3.34,,Government,No,Not Available,www.becbgk.edu,Mechanical Engineering,57.89473684210527,43.4,49.2,Moderate,Average,Not Ranked
Canara Engineering College,MECHANICAL ENGINEERING,Mangalore,Karnataka,"Visvesvaraya Technological University, Belagavi",319166.6666666667,0.0,,Private,No,Not Available,www.canaraengi neerin,Mechanical Engineering,38.08333333333333,20.0,27.2,Premium,Below Average,Not Ranked
GM Institute of Technology,MECHANICAL ENGINEERING,Davanagere,Karnataka,"Visvesvaraya Technological University, Belagavi",204555.5555555556,0.0,,Private,No,No,www.gmit.ac.in,Mechanical Engineering,59.08888888888888,20.0,35.6,Moderate,Below Average,Not Ranked
Alva's Institute of Engineering and Technology,MECHANICAL ENGINEERING,Mangalore,Karnataka,"Visvesvaraya Technological University, Belagavi",240571.42857142852,0.0,,Private,No,No,www.aiet.org.in,Mechanical Engineering,51.8857142857143,20.0,32.8,Moderate,Below Average,Not Ranked
Global Academy of Technology,MECHANICAL ENGINEERING,Bengaluru,Karnataka,"Visvesvaraya Technological University, Belagavi",140400.0,3.09,,Private,No,No,www.gat.ac.in,Mechanical Engineering,71.92,40.9,53.3,Affordable,Average,Not Ranked
Sapthagiri College of Engineering,MECHANICAL ENGINEERING,Myadarahalli,Karnataka,"Visvesvaraya Technological University, Belagavi",164888.88888888888,0.0,,Private,No,No,www.sapthagiri.e du.i,Mechanical Engineering,67.02222222222223,20.0,38.8,Affordable,Below Average,Not Ranked
Nagarjuna College of Engineering and Technology,MECHANICAL ENGINEERING,Muduguriki,Karnataka,"Visvesvaraya Technological University, Belagavi",213636.36363636365,0.0,,Private - Autonomous,No,No,www.nagarjunae ducati,Mechanical Engineering,57.27272727272727,20.0,34.9,Moderate,Below Average,Not Ranked
KS Institute of Technology,MECHANICAL ENGINEERING,Bengaluru,Karnataka,"Visvesvaraya Technological University, Belagavi",284571.4285714286,0.0,,Private,No,No,www.ksit.ac.in,Mechanical Engineering,43.08571428571429,20.0,29.2,Moderate,Below Average,Not Ranked
Channabasaveshwara Institute of Technology,MECHANICAL ENGINEERING,Tumkur,Karnataka,"Visvesvaraya Technological University, Belagavi",107400.0,0.0,,Private,No,No,www.cittumkur.o rg,Mechanical Engineering,78.52,20.0,43.4,Affordable,Below Average,Not Ranked
C M R Institute of Technology,MECHANICAL ENGINEERING,Bengaluru,Karnataka,Not Available,0.0,0.0,151.0,Private,No,No,www.sjcit.ac.in,Mechanical Engineering,,36.7,36.7,Not Available,Below Average,Top 200
PES Institute of Technology and Management,MECHANICAL ENGINEERING,Shivamogga,Karnataka,"Visvesvaraya Technological University, Belagavi",348571.4285714286,0.0,,Private,No,No,www.pestrust.or g/pes,Mechanical Engineering,35.14285714285714,20.0,26.1,Premium,Below Average,Not Ranked
KLE Institute of Technology,MECHANICAL ENGINEERING,Hubli,Karnataka,"Visvesvaraya Technological University, Belagavi",220125.0,0.0,,Private,No,No,www.kleit.ac.in,Mechanical Engineering,55.975,20.0,34.4,Moderate,Below Average,Not Ranked
Sir M Visvesvaraya Institute of Technology,MECHANICAL ENGINEERING,Bengaluru,Karnataka,"Visvesvaraya Technological University, Belagavi",236714.2857142857,2.87,,Private,No,No,www.sirmvit.edu,Mechanical Engineering,52.65714285714286,38.7,44.3,Moderate,Below Average,Not Ranked
East West Institute of Technology,MECHANICAL ENGINEERING,Bengaluru,Karnataka,"Visvesvaraya Technological University, Belagavi",136500.0,0.0,,Private,No,No,www.ewit.edu,Mechanical Engineering,72.7,20.0,41.1,Affordable,Below Average,Not Ranked
Nitte Meenakshi Institute of Technology,MECHANICAL ENGINEERING,Bengaluru,Karnataka,"Visvesvaraya Technological University, Belagavi",145075.0,3.02,101.0,Private - Autonomous,No,No,www.nmit.ac.in,Mechanical Engineering,70.985,47.6,57.0,Affordable,Average,Top 200
Sahyadri College of Engineering and Management,MECHANICAL ENGINEERING,Mangaluru,Karnataka,"Visvesvaraya Technological University, Belagavi",174900.00000000003,0.0,,Private,No,No,www.sahyadri.ed u.in,Mechanical Engineering,65.02,20.0,38.0,Affordable,Below Average,Not Ranked
Bangalore Institute of Technology,MECHANICAL ENGINEERING,Bengaluru,Karnataka,"Visvesvaraya Technological University, Belagavi",178800.0,0.0,,Private,No,No,www.bit- bangalore.or,Mechanical Engineering,64.24,20.0,37.7,Affordable,Below Average,Not Ranked
Mangalore Institute of Technology and Engineering,MECHANICAL ENGINEERING,Mangalore,Karnataka,"Visvesvaraya Technological University, Belagavi",342857.14285714284,0.0,,Private,No,No,www.mite.ac.in,Mechanical Engineering,35.714285714285715,20.0,26.3,Premium,Below Average,Not Ranked
Bangalore Institute of Technology,MECHANICAL ENGINEERING,Bengaluru,Karnataka,"Visvesvaraya Technological University, Belagavi",178800.0,0.0,,Private,No,No,www.bit- bangalore.or,Mechanical Engineering,64.24,20.0,37.7,Affordable,Below Average,Not Ranked
AMC Engineering College,MECHANICAL ENGINEERING,Bengaluru,Karnataka,"Visvesvaraya Technological University, Belagavi",345294.1176470588,2.77,,Private,No,No,www.amcec.edu.i n,Mechanical Engineering,35.47058823529412,37.7,36.8,Premium,Below Average,Not Ranked
Ballari Institute of Technology and Management,MECHANICAL ENGINEERING,Ballari,Karnataka,"Visvesvaraya Technological University, Belagavi",325000.0,2.66,,Private,No,No,www.bitm.edu.in,Mechanical Engineering,37.5,36.6,37.0,Premium,Below Average,Not Ranked
The Oxford College of Engineering,MECHATRONICS,Bengaluru,Karnataka,"Visvesvaraya Technological University, Belagavi",312909.0909090909,2.35,,Private,No,Not Available,www.theoxford.e du,Mechanical Engineering,38.70909090909091,33.5,35.6,Premium,Below Average,Not Ranked
Sri Venkateshwara College of Engineering,MECHATRONICS,Bengaluru,Karnataka,"Visvesvaraya Technological University, Belagavi",242818.18181818185,0.0,,Private,No,Not Available,www.svcengg.co m,Mechanical Engineering,51.43636363636363,20.0,32.6,Moderate,Below Average,Not Ranked
Mangalore Institute of Technology and Engineering,MECHATRONICS,Mangalore,Karnataka,"Visvesvaraya Technological University, Belagavi",342857.14285714284,0.0,,Private,No,No,www.mite.ac.in,Mechanical Engineering,35.714285714285715,20.0,26.3,Premium,Below Average,Not Ranked
Mahendra College of Engineering,POLYMER SCIENCE AND TECHNOLOGY,Minnampalli,Tamil Nadu,"Anna University, Chennai",145833.33333333334,0.0,,Government,No,Yes,www.sjce.ac.in,Other Engineering,70.83333333333333,53.3,60.3,Affordable,Average,Not Ranked
Jawaharlal Nehru National College of Engineering,TELECOMMUNICATION ENGINEERING,Shivamogga,Karnataka,"Visvesvaraya Technological University, Belagavi",168666.66666666666,0.0,,Private,No,No,www.jnnce.ac.in,Electronics & Communication,66.26666666666667,20.0,38.5,Affordable,Below Average,Not Ranked
KS Institute of Technology,TELECOMMUNICATION ENGINEERING,Bengaluru,Karnataka,"Visvesvaraya Technological University, Belagavi",284571.4285714286,0.0,,Private,No,No,www.ksit.ac.in,Electronics & Communication,43.08571428571429,20.0,29.2,Moderate,Below Average,Not Ranked
Bangalore Institute of Technology,TELECOMMUNICATION ENGINEERING,Bengaluru,Karnataka,"Visvesvaraya Technological University, Belagavi",178800.0,0.0,,Private,No,No,www.bit- bangalore.or,Electronics & Communication,64.24,20.0,37.7,Affordable,Below Average,Not Ranked
Sir M Visvesvaraya Institute of Technology,TELECOMMUNICATION ENGINEERING,Bengaluru,Karnataka,"Visvesvaraya Technological University, Belagavi",236714.2857142857,2.87,,Private,No,No,www.sirmvit.edu,Electronics & Communication,52.65714285714286,38.7,44.3,Moderate,Below Average,Not Ranked
RVS College of Engineering,AERO SPACE ENGINEERING,Padiyur,Tamil Nadu,"Anna University, Chennai",103000.0,0.0,99.0,Private,Yes,Not Available,www.rvce.edu.in,Other Engineering,79.4,57.4,66.2,Affordable,Average,Top 100
Manipal Institute of Technology,AERONAUTICAL ENGINEERING,Manipal,Karnataka,Not Available,0.0,0.0,56.0,Private,Yes,Not Available,www.manipal.ed u,Aerospace & Aeronautical,,66.7,66.7,Not Available,Good,Top 100
KLS Gogte Institute of Technology,AERONAUTICAL ENGINEERING,Belgaum,Karnataka,"Visvesvaraya Technological University, Belagavi",187000.0,3.52,,Private - Autonomous,Yes,Yes,www.git.edu,Aerospace & Aeronautical,62.6,78.5,72.1,Affordable,Good,Not Ranked
Dayananda Sagar College of Engineering,AERONAUTICAL ENGINEERING,Bengaluru,Karnataka,"Visvesvaraya Technological University, Belagavi",250735.16129032252,3.42,,Private - Autonomous,Yes,Yes,www.dayanandas agar.e,Aerospace & Aeronautical,49.8529677419355,77.5,66.4,Moderate,Good,Not Ranked
MVJ College of Engineering,AERONAUTICAL ENGINEERING,Bengaluru,Karnataka,"Visvesvaraya Technological University, Belagavi",605375.0,3.0,,Private,Yes,Yes,www.mvjce.edu.i n,Aerospace & Aeronautical,15.785,73.3,50.3,Expensive,Good,Not Ranked
MVJ College of Engineering,AEROSPACE ENGINEERING,Bengaluru,Karnataka,"Visvesvaraya Technological University, Belagavi",605375.0,3.0,,Private,Yes,Yes,www.mvjce.edu.i n,Aerospace & Aeronautical,15.785,73.3,50.3,Expensive,Good,Not Ranked
B.M.S. College of Engineering,AEROSPACE ENGINEERING,Bengaluru,Karnataka,Not Available,0.0,0.0,151.0,Government Autonomous,Yes,Yes,www.bmsce.ac.in,Aerospace & Aeronautical,,65.3,65.3,Not Available,Good,Top 200
Manipal Institute of Technology,AUTOMOBILE ENGINEERING,Manipal,Karnataka,Not Available,0.0,0.0,56.0,Private,Yes,Not Available,www.manipal.ed u,Mechanical Engineering,,66.7,66.7,Not Available,Good,Top 100
New Horizon College of Engineering,AUTOMOBILE ENGINEERING,Bengaluru,Karnataka,"Visvesvaraya Technological University, Belagavi",416000.0,3.23,151.0,Private - Autonomous,Yes,Yes,www.newhorizon india.,Mechanical Engineering,28.4,65.1,50.4,Premium,Good,Top 200
Mahendra College of Engineering,AUTOMOBILE ENGINEERING,Minnampalli,Tamil Nadu,"Anna University, Chennai",145833.33333333334,0.0,,Government,No,Yes,www.sjce.ac.in,Mechanical Engineering,70.83333333333333,53.3,60.3,Affordable,Average,Not Ranked
Malnad College of Engineering,AUTOMOBILE ENGINEERING,Hassan,Karnataka,"Visvesvaraya Technological University, Belagavi",149266.66666666666,2.53,,Government Autonomous,Yes,Yes,www.mcehassan. ac.in,Mechanical Engineering,70.14666666666668,68.6,69.2,Affordable,Good,Not Ranked
Dayananda Sagar College of Engineering,AUTOMOBILE ENGINEERING,Bengaluru,Karnataka,"Visvesvaraya Technological University, Belagavi",250735.16129032252,3.42,,Private - Autonomous,Yes,Yes,www.dayanandas agar.e,Mechanical Engineering,49.8529677419355,77.5,66.4,Moderate,Good,Not Ranked
Manipal Institute of Technology,BIOMEDICAL ENGINEERING,Manipal,Karnataka,Not Available,0.0,0.0,56.0,Private,Yes,Not Available,www.manipal.ed u,Chemical & Biotechnology,,66.7,66.7,Not Available,Good,Top 100
KLE Dr. MS Sheshgiri College of Engineering and Technology,BIOMEDICAL ENGINEERING,Belagavi,Karnataka,"Visvesvaraya Technological University, Belagavi",262153.8461538461,0.0,,Private,Yes,Yes,www.klescet.ac.i n,Chemical & Biotechnology,47.56923076923077,86.7,71.0,Moderate,Excellent,Not Ranked
Manipal Institute of Technology,BIOTECHNOLOGY,Manipal,Karnataka,Not Available,0.0,0.0,56.0,Private,Yes,Not Available,www.manipal.ed u,Chemical & Biotechnology,,66.7,66.7,Not Available,Good,Top 100
M. S. Ramaiah Institute of Technology,BIOTECHNOLOGY,Bengaluru,Karnataka,Not Available,0.0,0.0,75.0,Private - Autonomous,Yes,Yes,www.msrit.edu,Chemical & Biotechnology,,76.9,76.9,Not Available,Good,Top 100
B.M.S. College of Engineering,BIOTECHNOLOGY,Bengaluru,Karnataka,Not Available,0.0,0.0,151.0,Government Autonomous,Yes,Yes,www.bmsce.ac.in,Chemical & Biotechnology,,65.3,65.3,Not Available,Good,Top 200
Siddaganga Institute of Technology,BIOTECHNOLOGY,Tumakuru,Karnataka,"Visvesvaraya Technological University, Belagavi",249357.14285714287,0.0,100.0,Private - Autonomous,Yes,Yes,www.sit.ac.in,Chemical & Biotechnology,50.128571428571426,71.4,62.9,Moderate,Good,Top 100
RVS College of Engineering,BIOTECHNOLOGY,Padiyur,Tamil Nadu,"Anna University, Chennai",103000.0,0.0,99.0,Private,Yes,Not Available,www.rvce.edu.in,Chemical & Biotechnology,79.4,57.4,66.2,Affordable,Average,Top 100
Dayananda Sagar College of Engineering,BIOTECHNOLOGY,Bengaluru,Karnataka,"Visvesvaraya Technological University, Belagavi",250735.16129032252,3.42,,Private - Autonomous,Yes,Yes,www.dayanandas agar.e,Chemical & Biotechnology,49.8529677419355,77.5,66.4,Moderate,Good,Not Ranked
NIE Institute of Technology,BIOTECHNOLOGY,Anagahalli,Karnataka,"Visvesvaraya Technological University, Belagavi",237000.0,0.0,,Private - Autonomous,Yes,Yes,www.nmamit.nitt e.edu,Chemical & Biotechnology,52.6,86.7,73.1,Moderate,Excellent,Not Ranked
MVJ College of Engineering,CHEMICAL ENGINEERING,Bengaluru,Karnataka,"Visvesvaraya Technological University, Belagavi",605375.0,3.0,,Private,Yes,Yes,www.mvjce.edu.i n,Chemical & Biotechnology,15.785,73.3,50.3,Expensive,Good,Not Ranked
KLE Dr. MS Sheshgiri College of Engineering and Technology,CHEMICAL ENGINEERING,Belagavi,Karnataka,"Visvesvaraya Technological University, Belagavi",262153.8461538461,0.0,,Private,Yes,Yes,www.klescet.ac.i n,Chemical & Biotechnology,47.56923076923077,86.7,71.0,Moderate,Excellent,Not Ranked
M. S. Ramaiah Institute of Technology,CHEMICAL ENGINEERING,Bengaluru,Karnataka,Not Available,0.0,0.0,75.0,Private - Autonomous,Yes,Yes,www.msrit.edu,Chemical & Biotechnology,,76.9,76.9,Not Available,Good,Top 100
B.M.S. College of Engineering,CHEMICAL ENGINEERING,Bengaluru,Karnataka,Not Available,0.0,0.0,151.0,Government Autonomous,Yes,Yes,www.bmsce.ac.in,Chemical & Biotechnology,,65.3,65.3,Not Available,Good,Top 200
Siddaganga Institute of Technology,CHEMICAL ENGINEERING,Tumakuru,Karnataka,"Visvesvaraya Technological University, Belagavi",249357.14285714287,0.0,100.0,Private - Autonomous,Yes,Yes,www.sit.ac.in,Chemical & Biotechnology,50.128571428571426,71.4,62.9,Moderate,Good,Top 100
RVS College of Engineering,CHEMICAL ENGINEERING,Padiyur,Tamil Nadu,"Anna University, Chennai",103000.0,0.0,99.0,Private,Yes,Not Available,www.rvce.edu.in,Chemical & Biotechnology,79.4,57.4,66.2,Affordable,Average,Top 100
Dayananda Sagar College of Engineering,CHEMICAL ENGINEERING,Bengaluru,Karnataka,"Visvesvaraya Technological University, Belagavi",250735.16129032252,3.42,,Private - Autonomous,Yes,Yes,www.dayanandas agar.e,Chemical & Biotechnology,49.8529677419355,77.5,66.4,Moderate,Good,Not Ranked
Manipal Institute of Technology,CHEMICAL ENGINEERING,Manipal,Karnataka,Not Available,0.0,0.0,56.0,Private,Yes,Not Available,www.manipal.ed u,Chemical & Biotechnology,,66.7,66.7,Not Available,Good,Top 100
St. Joseph Engineering College,CIVIL ENGINEERING,Mangalore,Karnataka,"Visvesvaraya Technological University, Belagavi",115571.42857142857,0.0,,Private,Yes,Yes,www.sjec.ac.in,Civil Engineering,76.88571428571429,86.7,82.8,Affordable,Excellent,Not Ranked
Siddaganga Institute of Technology,CIVIL ENGINEERING,Tumakuru,Karnataka,"Visvesvaraya Technological University, Belagavi",249357.14285714287,0.0,100.0,Private - Autonomous,Yes,Yes,www.sit.ac.in,Civil Engineering,50.128571428571426,71.4,62.9,Moderate,Good,Top 100
Cambridge Institute of Technology,CIVIL ENGINEERING,Bengaluru,Karnataka,"Visvesvaraya Technological University, Belagavi",324000.0,0.0,,Private,Yes,Yes,www.citech.edu.i n,Civil Engineering,37.6,86.7,67.1,Premium,Excellent,Not Ranked
Don Bosco Institute of Technology,CIVIL ENGINEERING,Bengaluru,Karnataka,"Visvesvaraya Technological University, Belagavi",175272.72727272726,0.0,,Private,Yes,Yes,www.dbit.co.in,Civil Engineering,64.94545454545454,72.0,69.2,Affordable,Good,Not Ranked
Vidyavardhaka College of Engineering,CIVIL ENGINEERING,Mysuru,Karnataka,"Visvesvaraya Technological University, Belagavi",196666.66666666663,3.01,,Private,Yes,Yes,www.vvce.ac.in,Civil Engineering,60.66666666666667,73.4,68.3,Affordable,Good,Not Ranked
BMS Institute of Technology and Management,CIVIL ENGINEERING,Bengaluru,Karnataka,"Visvesvaraya Technological University, Belagavi",188800.0,3.21,,Private,Yes,Yes,www.bmsit.ac.in,Civil Engineering,62.239999999999995,75.4,70.1,Affordable,Good,Not Ranked
The National Institute of Engineering,CIVIL ENGINEERING,Mysuru,Karnataka,"Visvesvaraya Technological University, Belagavi",62581.42857142857,0.0,151.0,Government Autonomous,Yes,Yes,www.nie.ac.in,Civil Engineering,87.48371428571429,65.3,74.2,Budget-Friendly,Good,Top 200
MVJ College of Engineering,CIVIL ENGINEERING,Bengaluru,Karnataka,"Visvesvaraya Technological University, Belagavi",605375.0,3.0,,Private,Yes,Yes,www.mvjce.edu.i n,Civil Engineering,15.785,73.3,50.3,Expensive,Good,Not Ranked
JSS Academy of Technical Education,CIVIL ENGINEERING,Noida,Uttar Pradesh,"Dr APJ Abdul Kalam Technical University, Lucknow",416307.6923076923,0.0,,Private,Yes,Yes,www.jssateb.ac.i n,Civil Engineering,28.369230769230768,86.7,63.4,Premium,Excellent,Not Ranked
Rajarajeswari College of Engineering,CIVIL ENGINEERING,Bengaluru,Karnataka,"Visvesvaraya Technological University, Belagavi",140615.38461538462,3.37,,Private,Yes,Yes,www.rrce.org,Civil Engineering,71.87692307692308,77.0,75.0,Affordable,Good,Not Ranked
KLE Dr. MS Sheshgiri College of Engineering and Technology,CIVIL ENGINEERING,Belagavi,Karnataka,"Visvesvaraya Technological University, Belagavi",262153.8461538461,0.0,,Private,Yes,Yes,www.klescet.ac.i n,Civil Engineering,47.56923076923077,86.7,71.0,Moderate,Excellent,Not Ranked
M. S. Ramaiah Institute of Technology,CIVIL ENGINEERING,Bengaluru,Karnataka,Not Available,0.0,0.0,75.0,Private - Autonomous,Yes,Yes,www.msrit.edu,Civil Engineering,,76.9,76.9,Not Available,Good,Top 100
NIE Institute of Technology,CIVIL ENGINEERING,Anagahalli,Karnataka,"Visvesvaraya Technological University, Belagavi",237000.0,0.0,,Private - Autonomous,Yes,Yes,www.nmamit.nitt e.edu,Civil Engineering,52.6,86.7,73.1,Moderate,Excellent,Not Ranked
Mahendra College of Engineering,CIVIL ENGINEERING,Minnampalli,Tamil Nadu,"Anna University, Chennai",145833.33333333334,0.0,,Government,No,Yes,www.sjce.ac.in,Civil Engineering,70.83333333333333,53.3,60.3,Affordable,Average,Not Ranked
Malnad College of Engineering,CIVIL ENGINEERING,Hassan,Karnataka,"Visvesvaraya Technological University, Belagavi",149266.66666666666,2.53,,Government Autonomous,Yes,Yes,www.mcehassan. ac.in,Civil Engineering,70.14666666666668,68.6,69.2,Affordable,Good,Not Ranked
RVS College of Engineering,CIVIL ENGINEERING,Padiyur,Tamil Nadu,"Anna University, Chennai",103000.0,0.0,99.0,Private,Yes,Not Available,www.rvce.edu.in,Civil Engineering,79.4,57.4,66.2,Affordable,Average,Top 100
CMR Institute of Technology,CIVIL ENGINEERING,Hyderabad,Telangana,"Jawaharlal Nehru Technological University, Hyderabad",248000.0,3.16,,Private,Yes,Yes,www.cmrit.ac.in,Civil Engineering,50.4,79.0,67.6,Moderate,Good,Not Ranked
Sri Siddhartha Institute of Technology,CIVIL ENGINEERING,Tumakuru,Karnataka,"Sri Siddhartha Academy of Higher Education, Tumkur",135411.76470588235,0.0,,Private,Yes,Yes,www.ssit.edu.in,Civil Engineering,72.91764705882353,86.7,81.2,Affordable,Excellent,Not Ranked
KLS Gogte Institute of Technology,CIVIL ENGINEERING,Belgaum,Karnataka,"Visvesvaraya Technological University, Belagavi",187000.0,3.52,,Private - Autonomous,Yes,Yes,www.git.edu,Civil Engineering,62.6,78.5,72.1,Affordable,Good,Not Ranked
Dr. Ambedkar Institute of Technology,CIVIL ENGINEERING,Bengaluru,Karnataka,"Visvesvaraya Technological University, Belagavi",88362.38095238095,3.17,,Government Autonomous,Yes,Yes,www.dr-ait.org,Civil Engineering,82.32752380952381,81.7,82.0,Budget-Friendly,Excellent,Not Ranked
Manipal Institute of Technology,CIVIL ENGINEERING,Manipal,Karnataka,Not Available,0.0,0.0,56.0,Private,Yes,Not Available,www.manipal.ed u,Civil Engineering,,66.7,66.7,Not Available,Good,Top 100
New Horizon College of Engineering,CIVIL ENGINEERING,Bengaluru,Karnataka,"Visvesvaraya Technological University, Belagavi",416000.0,3.23,151.0,Private - Autonomous,Yes,Yes,www.newhorizon india.,Civil Engineering,28.4,65.1,50.4,Premium,Good,Top 200
B.M.S. College of Engineering,CIVIL ENGINEERING,Bengaluru,Karnataka,Not Available,0.0,0.0,151.0,Government Autonomous,Yes,Yes,www.bmsce.ac.in,Civil Engineering,,65.3,65.3,Not Available,Good,Top 200
Dayananda Sagar College of Engineering,CIVIL ENGINEERING,Bengaluru,Karnataka,"Visvesvaraya Technological University, Belagavi",250735.16129032252,3.42,,Private - Autonomous,Yes,Yes,www.dayanandas agar.e,Civil Engineering,49.8529677419355,77.5,66.4,Moderate,Good,Not Ranked
Manipal Institute of Technology,COMPUTER AND COMMUNICATION ENGINEERING,Manipal,Karnataka,Not Available,0.0,0.0,56.0,Private,Yes,Not Available,www.manipal.ed u,Electronics & Communication,,66.7,66.7,Not Available,Good,Top 100
RVS College of Engineering,COMPUTER SCEINCE & ENGINEERING,Padiyur,Tamil Nadu,"Anna University, Chennai",103000.0,0.0,99.0,Private,Yes,Not Available,www.rvce.edu.in,Other Engineering,79.4,57.4,66.2,Affordable,Average,Top 100
St. Joseph Engineering College,COMPUTER SCIENCE & ENGINEERING,Mangalore,Karnataka,"Visvesvaraya Technological University, Belagavi",115571.42857142857,0.0,,Private,Yes,Yes,www.sjec.ac.in,Computer Science & IT,76.88571428571429,86.7,82.8,Affordable,Excellent,Not Ranked
Malnad College of Engineering,COMPUTER SCIENCE & ENGINEERING,Hassan,Karnataka,"Visvesvaraya Technological University, Belagavi",149266.66666666666,2.53,,Government Autonomous,Yes,Yes,www.mcehassan. ac.in,Computer Science & IT,70.14666666666668,68.6,69.2,Affordable,Good,Not Ranked
CMR Institute of Technology,COMPUTER SCIENCE & ENGINEERING,Hyderabad,Telangana,"Jawaharlal Nehru Technological University, Hyderabad",248000.0,3.16,,Private,Yes,Yes,www.cmrit.ac.in,Computer Science & IT,50.4,79.0,67.6,Moderate,Good,Not Ranked
The National Institute of Engineering,COMPUTER SCIENCE AND ENGINEERING,Mysuru,Karnataka,"Visvesvaraya Technological University, Belagavi",62581.42857142857,0.0,151.0,Government Autonomous,Yes,Yes,www.nie.ac.in,Computer Science & IT,87.48371428571429,65.3,74.2,Budget-Friendly,Good,Top 200
KLE Dr. MS Sheshgiri College of Engineering and Technology,COMPUTER SCIENCE AND ENGINEERING,Belagavi,Karnataka,"Visvesvaraya Technological University, Belagavi",262153.8461538461,0.0,,Private,Yes,Yes,www.klescet.ac.i n,Computer Science & IT,47.56923076923077,86.7,71.0,Moderate,Excellent,Not Ranked
M. S. Ramaiah Institute of Technology,COMPUTER SCIENCE AND ENGINEERING,Bengaluru,Karnataka,Not Available,0.0,0.0,75.0,Private - Autonomous,Yes,Yes,www.msrit.edu,Computer Science & IT,,76.9,76.9,Not Available,Good,Top 100
B.M.S. College of Engineering,COMPUTER SCIENCE AND ENGINEERING,Bengaluru,Karnataka,Not Available,0.0,0.0,151.0,Government Autonomous,Yes,Yes,www.bmsce.ac.in,Computer Science & IT,,65.3,65.3,Not Available,Good,Top 200
Mahendra College of Engineering,COMPUTER SCIENCE AND ENGINEERING,Minnampalli,Tamil Nadu,"Anna University, Chennai",145833.33333333334,0.0,,Government,No,Yes,www.sjce.ac.in,Computer Science & IT,70.83333333333333,53.3,60.3,Affordable,Average,Not Ranked
Siddaganga Institute of Technology,COMPUTER SCIENCE AND ENGINEERING,Tumakuru,Karnataka,"Visvesvaraya Technological University, Belagavi",249357.14285714287,0.0,100.0,Private - Autonomous,Yes,Yes,www.sit.ac.in,Computer Science & IT,50.128571428571426,71.4,62.9,Moderate,Good,Top 100
Sri Siddhartha Institute of Technology,COMPUTER SCIENCE AND ENGINEERING,Tumakuru,Karnataka,"Sri Siddhartha Academy of Higher Education, Tumkur",135411.76470588235,0.0,,Private,Yes,Yes,www.ssit.edu.in,Computer Science & IT,72.91764705882353,86.7,81.2,Affordable,Excellent,Not Ranked
GSSS Institute of Engineering and Technology for Women,COMPUTER SCIENCE AND ENGINEERING,Mysuru,Karnataka,"Visvesvaraya Technological University, Belagavi",197250.00000000003,0.0,,Private,Yes,Yes,www.geethashish u.in,Computer Science & IT,60.55,86.7,76.2,Affordable,Excellent,Not Ranked
MVJ College of Engineering,COMPUTER SCIENCE AND ENGINEERING,Bengaluru,Karnataka,"Visvesvaraya Technological University, Belagavi",605375.0,3.0,,Private,Yes,Yes,www.mvjce.edu.i n,Computer Science & IT,15.785,73.3,50.3,Expensive,Good,Not Ranked
JSS Academy of Technical Education,COMPUTER SCIENCE AND ENGINEERING,Noida,Uttar Pradesh,"Dr APJ Abdul Kalam Technical University, Lucknow",416307.6923076923,0.0,,Private,Yes,Yes,www.jssateb.ac.i n,Computer Science & IT,28.369230769230768,86.7,63.4,Premium,Excellent,Not Ranked
Rajarajeswari College of Engineering,COMPUTER SCIENCE AND ENGINEERING,Bengaluru,Karnataka,"Visvesvaraya Technological University, Belagavi",140615.38461538462,3.37,,Private,Yes,Yes,www.rrce.org,Computer Science & IT,71.87692307692308,77.0,75.0,Affordable,Good,Not Ranked
New Horizon College of Engineering,COMPUTER SCIENCE AND ENGINEERING,Bengaluru,Karnataka,"Visvesvaraya Technological University, Belagavi",416000.0,3.23,151.0,Private - Autonomous,Yes,Yes,www.newhorizon india.,Computer Science & IT,28.4,65.1,50.4,Premium,Good,Top 200
NIE Institute of Technology,COMPUTER SCIENCE AND ENGINEERING,Anagahalli,Karnataka,"Visvesvaraya Technological University, Belagavi",237000.0,0.0,,Private - Autonomous,Yes,Yes,www.nmamit.nitt e.edu,Computer Science & IT,52.6,86.7,73.1,Moderate,Excellent,Not Ranked
Cambridge Institute of Technology,COMPUTER SCIENCE AND ENGINEERING,Bengaluru,Karnataka,"Visvesvaraya Technological University, Belagavi",324000.0,0.0,,Private,Yes,Yes,www.citech.edu.i n,Computer Science & IT,37.6,86.7,67.1,Premium,Excellent,Not Ranked
Don Bosco Institute of Technology,COMPUTER SCIENCE AND ENGINEERING,Bengaluru,Karnataka,"Visvesvaraya Technological University, Belagavi",175272.72727272726,0.0,,Private,Yes,Yes,www.dbit.co.in,Computer Science & IT,64.94545454545454,72.0,69.2,Affordable,Good,Not Ranked
Vidyavardhaka College of Engineering,COMPUTER SCIENCE AND ENGINEERING,Mysuru,Karnataka,"Visvesvaraya Technological University, Belagavi",196666.66666666663,3.01,,Private,Yes,Yes,www.vvce.ac.in,Computer Science & IT,60.66666666666667,73.4,68.3,Affordable,Good,Not Ranked
KLS Gogte Institute of Technology,COMPUTER SCIENCE AND ENGINEERING,Belgaum,Karnataka,"Visvesvaraya Technological University, Belagavi",187000.0,3.52,,Private - Autonomous,Yes,Yes,www.git.edu,Computer Science & IT,62.6,78.5,72.1,Affordable,Good,Not Ranked
Dr. Ambedkar Institute of Technology,COMPUTER SCIENCE AND ENGINEERING,Bengaluru,Karnataka,"Visvesvaraya Technological University, Belagavi",88362.38095238095,3.17,,Government Autonomous,Yes,Yes,www.dr-ait.org,Computer Science & IT,82.32752380952381,81.7,82.0,Budget-Friendly,Excellent,Not Ranked
Dayananda Sagar College of Engineering,COMPUTER SCIENCE AND ENGINEERING,Bengaluru,Karnataka,"Visvesvaraya Technological University, Belagavi",250735.16129032252,3.42,,Private - Autonomous,Yes,Yes,www.dayanandas agar.e,Computer Science & IT,49.8529677419355,77.5,66.4,Moderate,Good,Not Ranked
BMS Institute of Technology and Management,COMPUTER SCIENCE AND ENGINEERING,Bengaluru,Karnataka,"Visvesvaraya Technological University, Belagavi",188800.0,3.21,,Private,Yes,Yes,www.bmsit.ac.in,Computer Science & IT,62.239999999999995,75.4,70.1,Affordable,Good,Not Ranked
Manipal Institute of Technology,COMPUTER SCIENCE AND ENGINEERING,Manipal,Karnataka,Not Available,0.0,0.0,56.0,Private,Yes,Not Available,www.manipal.ed u,Computer Science & IT,,66.7,66.7,Not Available,Good,Top 100
Dayananda Sagar College of Engineering,CONSTRUCTION TECHNOLOGY AND MANAGEMENT,Bengaluru,Karnataka,"Visvesvaraya Technological University, Belagavi",250735.16129032252,3.42,,Private - Autonomous,Yes,Yes,www.dayanandas agar.e,Civil Engineering,49.8529677419355,77.5,66.4,Moderate,Good,Not Ranked
The National Institute of Engineering,ELECTRICAL AND ELECTRONICS ENGINEERING,Mysuru,Karnataka,"Visvesvaraya Technological University, Belagavi",62581.42857142857,0.0,151.0,Government Autonomous,Yes,Yes,www.nie.ac.in,Electronics & Communication,87.48371428571429,65.3,74.2,Budget-Friendly,Good,Top 200
MVJ College of Engineering,ELECTRICAL AND ELECTRONICS ENGINEERING,Bengaluru,Karnataka,"Visvesvaraya Technological University, Belagavi",605375.0,3.0,,Private,Yes,Yes,www.mvjce.edu.i n,Electronics & Communication,15.785,73.3,50.3,Expensive,Good,Not Ranked
Rajarajeswari College of Engineering,ELECTRICAL AND ELECTRONICS ENGINEERING,Bengaluru,Karnataka,"Visvesvaraya Technological University, Belagavi",140615.38461538462,3.37,,Private,Yes,Yes,www.rrce.org,Electronics & Communication,71.87692307692308,77.0,75.0,Affordable,Good,Not Ranked
KLE Dr. MS Sheshgiri College of Engineering and Technology,ELECTRICAL AND ELECTRONICS ENGINEERING,Belagavi,Karnataka,"Visvesvaraya Technological University, Belagavi",262153.8461538461,0.0,,Private,Yes,Yes,www.klescet.ac.i n,Electronics & Communication,47.56923076923077,86.7,71.0,Moderate,Excellent,Not Ranked
New Horizon College of Engineering,ELECTRICAL AND ELECTRONICS ENGINEERING,Bengaluru,Karnataka,"Visvesvaraya Technological University, Belagavi",416000.0,3.23,151.0,Private - Autonomous,Yes,Yes,www.newhorizon india.,Electronics & Communication,28.4,65.1,50.4,Premium,Good,Top 200
M. S. Ramaiah Institute of Technology,ELECTRICAL AND ELECTRONICS ENGINEERING,Bengaluru,Karnataka,Not Available,0.0,0.0,75.0,Private - Autonomous,Yes,Yes,www.msrit.edu,Electronics & Communication,,76.9,76.9,Not Available,Good,Top 100
NIE Institute of Technology,ELECTRICAL AND ELECTRONICS ENGINEERING,Anagahalli,Karnataka,"Visvesvaraya Technological University, Belagavi",237000.0,0.0,,Private - Autonomous,Yes,Yes,www.nmamit.nitt e.edu,Electronics & Communication,52.6,86.7,73.1,Moderate,Excellent,Not Ranked
St. Joseph Engineering College,ELECTRICAL AND ELECTRONICS ENGINEERING,Mangalore,Karnataka,"Visvesvaraya Technological University, Belagavi",115571.42857142857,0.0,,Private,Yes,Yes,www.sjec.ac.in,Electronics & Communication,76.88571428571429,86.7,82.8,Affordable,Excellent,Not Ranked
B.M.S. College of Engineering,ELECTRICAL AND ELECTRONICS ENGINEERING,Bengaluru,Karnataka,Not Available,0.0,0.0,151.0,Government Autonomous,Yes,Yes,www.bmsce.ac.in,Electronics & Communication,,65.3,65.3,Not Available,Good,Top 200
Mahendra College of Engineering,ELECTRICAL AND ELECTRONICS ENGINEERING,Minnampalli,Tamil Nadu,"Anna University, Chennai",145833.33333333334,0.0,,Government,No,Yes,www.sjce.ac.in,Electronics & Communication,70.83333333333333,53.3,60.3,Affordable,Average,Not Ranked
Siddaganga Institute of Technology,ELECTRICAL AND ELECTRONICS ENGINEERING,Tumakuru,Karnataka,"Visvesvaraya Technological University, Belagavi",249357.14285714287,0.0,100.0,Private - Autonomous,Yes,Yes,www.sit.ac.in,Electronics & Communication,50.128571428571426,71.4,62.9,Moderate,Good,Top 100
Cambridge Institute of Technology,ELECTRICAL AND ELECTRONICS ENGINEERING,Bengaluru,Karnataka,"Visvesvaraya Technological University, Belagavi",324000.0,0.0,,Private,Yes,Yes,www.citech.edu.i n,Electronics & Communication,37.6,86.7,67.1,Premium,Excellent,Not Ranked
Malnad College of Engineering,ELECTRICAL AND ELECTRONICS ENGINEERING,Hassan,Karnataka,"Visvesvaraya Technological University, Belagavi",149266.66666666666,2.53,,Government Autonomous,Yes,Yes,www.mcehassan. ac.in,Electronics & Communication,70.14666666666668,68.6,69.2,Affordable,Good,Not Ranked
RVS College of Engineering,ELECTRICAL AND ELECTRONICS ENGINEERING,Padiyur,Tamil Nadu,"Anna University, Chennai",103000.0,0.0,99.0,Private,Yes,Not Available,www.rvce.edu.in,Electronics & Communication,79.4,57.4,66.2,Affordable,Average,Top 100
Don Bosco Institute of Technology,ELECTRICAL AND ELECTRONICS ENGINEERING,Bengaluru,Karnataka,"Visvesvaraya Technological University, Belagavi",175272.72727272726,0.0,,Private,Yes,Yes,www.dbit.co.in,Electronics & Communication,64.94545454545454,72.0,69.2,Affordable,Good,Not Ranked
Vidyavardhaka College of Engineering,ELECTRICAL AND ELECTRONICS ENGINEERING,Mysuru,Karnataka,"Visvesvaraya Technological University, Belagavi",196666.66666666663,3.01,,Private,Yes,Yes,www.vvce.ac.in,Electronics & Communication,60.66666666666667,73.4,68.3,Affordable,Good,Not Ranked
GSSS Institute of Engineering and Technology for Women,ELECTRICAL AND ELECTRONICS ENGINEERING,Mysuru,Karnataka,"Visvesvaraya Technological University, Belagavi",197250.00000000003,0.0,,Private,Yes,Yes,www.geethashish u.in,Electronics & Communication,60.55,86.7,76.2,Affordable,Excellent,Not Ranked
KLS Gogte Institute of Technology,ELECTRICAL AND ELECTRONICS ENGINEERING,Belgaum,Karnataka,"Visvesvaraya Technological University, Belagavi",187000.0,3.52,,Private - Autonomous,Yes,Yes,www.git.edu,Electronics & Communication,62.6,78.5,72.1,Affordable,Good,Not Ranked
Dr. Ambedkar Institute of Technology,ELECTRICAL AND ELECTRONICS ENGINEERING,Bengaluru,Karnataka,"Visvesvaraya Technological University, Belagavi",88362.38095238095,3.17,,Government Autonomous,Yes,Yes,www.dr-ait.org,Electronics & Communication,82.32752380952381,81.7,82.0,Budget-Friendly,Excellent,Not Ranked
BMS Institute of Technology and Management,ELECTRICAL AND ELECTRONICS ENGINEERING,Bengaluru,Karnataka,"Visvesvaraya Technological University, Belagavi",188800.0,3.21,,Private,Yes,Yes,www.bmsit.ac.in,Electronics & Communication,62.239999999999995,75.4,70.1,Affordable,Good,Not Ranked
CMR Institute of Technology,ELECTRICAL AND ELECTRONICS ENGINEERING,Hyderabad,Telangana,"Jawaharlal Nehru Technological University, Hyderabad",248000.0,3.16,,Private,Yes,Yes,www.cmrit.ac.in,Electronics & Communication,50.4,79.0,67.6,Moderate,Good,Not Ranked
Sri Siddhartha Institute of Technology,ELECTRICAL AND ELECTRONICS ENGINEERING,Tumakuru,Karnataka,"Sri Siddhartha Academy of Higher Education, Tumkur",135411.76470588235,0.0,,Private,Yes,Yes,www.ssit.edu.in,Electronics & Communication,72.91764705882353,86.7,81.2,Affordable,Excellent,Not Ranked
Dayananda Sagar College of Engineering,ELECTRICAL AND ELECTRONICS ENGINEERING,Bengaluru,Karnataka,"Visvesvaraya Technological University, Belagavi",250735.16129032252,3.42,,Private - Autonomous,Yes,Yes,www.dayanandas agar.e,Electronics & Communication,49.8529677419355,77.5,66.4,Moderate,Good,Not Ranked
Manipal Institute of Technology,ELECTRICAL AND ELECTRONICS ENGINEERING,Manipal,Karnataka,Not Available,0.0,0.0,56.0,Private,Yes,Not Available,www.manipal.ed u,Electronics & Communication,,66.7,66.7,Not Available,Good,Top 100
The National Institute of Engineering,ELECTRONICS & COMMUNICATION ENGG,Mysuru,Karnataka,"Visvesvaraya Technological University, Belagavi",62581.42857142857,0.0,151.0,Government Autonomous,Yes,Yes,www.nie.ac.in,Electronics & Communication,87.48371428571429,65.3,74.2,Budget-Friendly,Good,Top 200
KLE Dr. MS Sheshgiri College of Engineering and Technology,ELECTRONICS & COMMUNICATION ENGG,Belagavi,Karnataka,"Visvesvaraya Technological University, Belagavi",262153.8461538461,0.0,,Private,Yes,Yes,www.klescet.ac.i n,Electronics & Communication,47.56923076923077,86.7,71.0,Moderate,Excellent,Not Ranked
New Horizon College of Engineering,ELECTRONICS & COMMUNICATION ENGG,Bengaluru,Karnataka,"Visvesvaraya Technological University, Belagavi",416000.0,3.23,151.0,Private - Autonomous,Yes,Yes,www.newhorizon india.,Electronics & Communication,28.4,65.1,50.4,Premium,Good,Top 200
M. S. Ramaiah Institute of Technology,ELECTRONICS & COMMUNICATION ENGG,Bengaluru,Karnataka,Not Available,0.0,0.0,75.0,Private - Autonomous,Yes,Yes,www.msrit.edu,Electronics & Communication,,76.9,76.9,Not Available,Good,Top 100
St. Joseph Engineering College,ELECTRONICS & COMMUNICATION ENGG,Mangalore,Karnataka,"Visvesvaraya Technological University, Belagavi",115571.42857142857,0.0,,Private,Yes,Yes,www.sjec.ac.in,Electronics & Communication,76.88571428571429,86.7,82.8,Affordable,Excellent,Not Ranked
Mahendra College of Engineering,ELECTRONICS & COMMUNICATION ENGG,Minnampalli,Tamil Nadu,"Anna University, Chennai",145833.33333333334,0.0,,Government,No,Yes,www.sjce.ac.in,Electronics & Communication,70.83333333333333,53.3,60.3,Affordable,Average,Not Ranked
Siddaganga Institute of Technology,ELECTRONICS & COMMUNICATION ENGG,Tumakuru,Karnataka,"Visvesvaraya Technological University, Belagavi",249357.14285714287,0.0,100.0,Private - Autonomous,Yes,Yes,www.sit.ac.in,Electronics & Communication,50.128571428571426,71.4,62.9,Moderate,Good,Top 100
Malnad College of Engineering,ELECTRONICS & COMMUNICATION ENGG,Hassan,Karnataka,"Visvesvaraya Technological University, Belagavi",149266.66666666666,2.53,,Government Autonomous,Yes,Yes,www.mcehassan. ac.in,Electronics & Communication,70.14666666666668,68.6,69.2,Affordable,Good,Not Ranked
Sri Siddhartha Institute of Technology,ELECTRONICS & COMMUNICATION ENGG,Tumakuru,Karnataka,"Sri Siddhartha Academy of Higher Education, Tumkur",135411.76470588235,0.0,,Private,Yes,Yes,www.ssit.edu.in,Electronics & Communication,72.91764705882353,86.7,81.2,Affordable,Excellent,Not Ranked
JSS Academy of Technical Education,ELECTRONICS & COMMUNICATION ENGG,Noida,Uttar Pradesh,"Dr APJ Abdul Kalam Technical University, Lucknow",416307.6923076923,0.0,,Private,Yes,Yes,www.jssateb.ac.i n,Electronics & Communication,28.369230769230768,86.7,63.4,Premium,Excellent,Not Ranked
Rajarajeswari College of Engineering,ELECTRONICS & COMMUNICATION ENGG,Bengaluru,Karnataka,"Visvesvaraya Technological University, Belagavi",140615.38461538462,3.37,,Private,Yes,Yes,www.rrce.org,Electronics & Communication,71.87692307692308,77.0,75.0,Affordable,Good,Not Ranked
NIE Institute of Technology,ELECTRONICS & COMMUNICATION ENGG,Anagahalli,Karnataka,"Visvesvaraya Technological University, Belagavi",237000.0,0.0,,Private - Autonomous,Yes,Yes,www.nmamit.nitt e.edu,Electronics & Communication,52.6,86.7,73.1,Moderate,Excellent,Not Ranked
Cambridge Institute of Technology,ELECTRONICS & COMMUNICATION ENGG,Bengaluru,Karnataka,"Visvesvaraya Technological University, Belagavi",324000.0,0.0,,Private,Yes,Yes,www.citech.edu.i n,Electronics & Communication,37.6,86.7,67.1,Premium,Excellent,Not Ranked
RVS College of Engineering,ELECTRONICS & COMMUNICATION ENGG,Padiyur,Tamil Nadu,"Anna University, Chennai",103000.0,0.0,99.0,Private,Yes,Not Available,www.rvce.edu.in,Electronics & Communication,79.4,57.4,66.2,Affordable,Average,Top 100
Don Bosco Institute of Technology,ELECTRONICS & COMMUNICATION ENGG,Bengaluru,Karnataka,"Visvesvaraya Technological University, Belagavi",175272.72727272726,0.0,,Private,Yes,Yes,www.dbit.co.in,Electronics & Communication,64.94545454545454,72.0,69.2,Affordable,Good,Not Ranked
Vidyavardhaka College of Engineering,ELECTRONICS & COMMUNICATION ENGG,Mysuru,Karnataka,"Visvesvaraya Technological University, Belagavi",196666.66666666663,3.01,,Private,Yes,Yes,www.vvce.ac.in,Electronics & Communication,60.66666666666667,73.4,68.3,Affordable,Good,Not Ranked
KLS Gogte Institute of Technology,ELECTRONICS & COMMUNICATION ENGG,Belgaum,Karnataka,"Visvesvaraya Technological University, Belagavi",187000.0,3.52,,Private - Autonomous,Yes,Yes,www.git.edu,Electronics & Communication,62.6,78.5,72.1,Affordable,Good,Not Ranked
Dr. Ambedkar Institute of Technology,ELECTRONICS & COMMUNICATION ENGG,Bengaluru,Karnataka,"Visvesvaraya Technological University, Belagavi",88362.38095238095,3.17,,Government Autonomous,Yes,Yes,www.dr-ait.org,Electronics & Communication,82.32752380952381,81.7,82.0,Budget-Friendly,Excellent,Not Ranked
Dayananda Sagar College of Engineering,ELECTRONICS & COMMUNICATION ENGG,Bengaluru,Karnataka,"Visvesvaraya Technological University, Belagavi",250735.16129032252,3.42,,Private - Autonomous,Yes,Yes,www.dayanandas agar.e,Electronics & Communication,49.8529677419355,77.5,66.4,Moderate,Good,Not Ranked
BMS Institute of Technology and Management,ELECTRONICS & COMMUNICATION ENGG,Bengaluru,Karnataka,"Visvesvaraya Technological University, Belagavi",188800.0,3.21,,Private,Yes,Yes,www.bmsit.ac.in,Electronics & Communication,62.239999999999995,75.4,70.1,Affordable,Good,Not Ranked
Manipal Institute of Technology,ELECTRONICS & COMMUNICATION ENGG,Manipal,Karnataka,Not Available,0.0,0.0,56.0,Private,Yes,Not Available,www.manipal.ed u,Electronics & Communication,,66.7,66.7,Not Available,Good,Top 100
CMR Institute of Technology,ELECTRONICS & COMMUNICATION ENGG,Hyderabad,Telangana,"Jawaharlal Nehru Technological University, Hyderabad",248000.0,3.16,,Private,Yes,Yes,www.cmrit.ac.in,Electronics & Communication,50.4,79.0,67.6,Moderate,Good,Not Ranked
B.M.S. College of Engineering,ELECTRONICS & INSTRUMENTATION ENGINEERING,Bengaluru,Karnataka,Not Available,0.0,0.0,151.0,Government Autonomous,Yes,Yes,www.bmsce.ac.in,Electronics & Communication,,65.3,65.3,Not Available,Good,Top 200
Siddaganga Institute of Technology,ELECTRONICS & INSTRUMENTATION ENGINEERING,Tumakuru,Karnataka,"Visvesvaraya Technological University, Belagavi",249357.14285714287,0.0,100.0,Private - Autonomous,Yes,Yes,www.sit.ac.in,Electronics & Communication,50.128571428571426,71.4,62.9,Moderate,Good,Top 100
Malnad College of Engineering,ELECTRONICS & INSTRUMENTATION ENGINEERING,Hassan,Karnataka,"Visvesvaraya Technological University, Belagavi",149266.66666666666,2.53,,Government Autonomous,Yes,Yes,www.mcehassan. ac.in,Electronics & Communication,70.14666666666668,68.6,69.2,Affordable,Good,Not Ranked
GSSS Institute of Engineering and Technology for Women,ELECTRONICS AND COMMUNICATIONS ENGINEERING,Mysuru,Karnataka,"Visvesvaraya Technological University, Belagavi",197250.00000000003,0.0,,Private,Yes,Yes,www.geethashish u.in,Electronics & Communication,60.55,86.7,76.2,Affordable,Excellent,Not Ranked
MVJ College of Engineering,ELECTRONICS AND COMMUNICATIONS ENGINEERING,Bengaluru,Karnataka,"Visvesvaraya Technological University, Belagavi",605375.0,3.0,,Private,Yes,Yes,www.mvjce.edu.i n,Electronics & Communication,15.785,73.3,50.3,Expensive,Good,Not Ranked
B.M.S. College of Engineering,ELECTRONICS AND COMMUNICATIONS ENGINEERING,Bengaluru,Karnataka,Not Available,0.0,0.0,151.0,Government Autonomous,Yes,Yes,www.bmsce.ac.in,Electronics & Communication,,65.3,65.3,Not Available,Good,Top 200
JSS Academy of Technical Education,ELECTRONICS AND INSTRUMENTATION ENGINEERING,Noida,Uttar Pradesh,"Dr APJ Abdul Kalam Technical University, Lucknow",416307.6923076923,0.0,,Private,Yes,Yes,www.jssateb.ac.i n,Electronics & Communication,28.369230769230768,86.7,63.4,Premium,Excellent,Not Ranked
M. S. Ramaiah Institute of Technology,ELECTRONICS AND INSTRUMENTATION ENGINEERING,Bengaluru,Karnataka,Not Available,0.0,0.0,75.0,Private - Autonomous,Yes,Yes,www.msrit.edu,Electronics & Communication,,76.9,76.9,Not Available,Good,Top 100
Manipal Institute of Technology,ELECTRONICS AND INSTRUMENTATION ENGINEERING,Manipal,Karnataka,Not Available,0.0,0.0,56.0,Private,Yes,Not Available,www.manipal.ed u,Electronics & Communication,,66.7,66.7,Not Available,Good,Top 100
Manipal Institute of Technology,ENGINEERING MANAGEMENT,Manipal,Karnataka,Not Available,0.0,0.0,56.0,Private,Yes,Not Available,www.manipal.ed u,Management & MBA,,66.7,66.7,Not Available,Good,Top 100
The National Institute of Engineering,INDUSTRIAL AND PRODUCTION ENGINEERING,Mysuru,Karnataka,"Visvesvaraya Technological University, Belagavi",62581.42857142857,0.0,151.0,Government Autonomous,Yes,Yes,www.nie.ac.in,Mechanical Engineering,87.48371428571429,65.3,74.2,Budget-Friendly,Good,Top 200
Mahendra College of Engineering,INDUSTRIAL AND PRODUCTION ENGINEERING,Minnampalli,Tamil Nadu,"Anna University, Chennai",145833.33333333334,0.0,,Government,No,Yes,www.sjce.ac.in,Mechanical Engineering,70.83333333333333,53.3,60.3,Affordable,Average,Not Ranked
Malnad College of Engineering,INDUSTRIAL AND PRODUCTION ENGINEERING,Hassan,Karnataka,"Visvesvaraya Technological University, Belagavi",149266.66666666666,2.53,,Government Autonomous,Yes,Yes,www.mcehassan. ac.in,Mechanical Engineering,70.14666666666668,68.6,69.2,Affordable,Good,Not Ranked
JSS Academy of Technical Education,INDUSTRIAL ENGINEERING AND MANAGEMENT,Noida,Uttar Pradesh,"Dr APJ Abdul Kalam Technical University, Lucknow",416307.6923076923,0.0,,Private,Yes,Yes,www.jssateb.ac.i n,Mechanical Engineering,28.369230769230768,86.7,63.4,Premium,Excellent,Not Ranked
M. S. Ramaiah Institute of Technology,INDUSTRIAL ENGINEERING AND MANAGEMENT,Bengaluru,Karnataka,Not Available,0.0,0.0,75.0,Private - Autonomous,Yes,Yes,www.msrit.edu,Mechanical Engineering,,76.9,76.9,Not Available,Good,Top 100
B.M.S. College of Engineering,INDUSTRIAL ENGINEERING AND MANAGEMENT,Bengaluru,Karnataka,Not Available,0.0,0.0,151.0,Government Autonomous,Yes,Yes,www.bmsce.ac.in,Mechanical Engineering,,65.3,65.3,Not Available,Good,Top 200
Siddaganga Institute of Technology,INDUSTRIAL ENGINEERING AND MANAGEMENT,Tumakuru,Karnataka,"Visvesvaraya Technological University, Belagavi",249357.14285714287,0.0,100.0,Private - Autonomous,Yes,Yes,www.sit.ac.in,Mechanical Engineering,50.128571428571426,71.4,62.9,Moderate,Good,Top 100
RVS College of Engineering,INDUSTRIAL ENGINEERING AND MANAGEMENT,Padiyur,Tamil Nadu,"Anna University, Chennai",103000.0,0.0,99.0,Private,Yes,Not Available,www.rvce.edu.in,Mechanical Engineering,79.4,57.4,66.2,Affordable,Average,Top 100
Sri Siddhartha Institute of Technology,INDUSTRIAL ENGINEERING AND MANAGEMENT,Tumakuru,Karnataka,"Sri Siddhartha Academy of Higher Education, Tumkur",135411.76470588235,0.0,,Private,Yes,Yes,www.ssit.edu.in,Mechanical Engineering,72.91764705882353,86.7,81.2,Affordable,Excellent,Not Ranked
Dr. Ambedkar Institute of Technology,INDUSTRIAL ENGINEERING AND MANAGEMENT,Bengaluru,Karnataka,"Visvesvaraya Technological University, Belagavi",88362.38095238095,3.17,,Government Autonomous,Yes,Yes,www.dr-ait.org,Mechanical Engineering,82.32752380952381,81.7,82.0,Budget-Friendly,Excellent,Not Ranked
Dayananda Sagar College of Engineering,INDUSTRIAL ENGINEERING AND MANAGEMENT,Bengaluru,Karnataka,"Visvesvaraya Technological University, Belagavi",250735.16129032252,3.42,,Private - Autonomous,Yes,Yes,www.dayanandas agar.e,Mechanical Engineering,49.8529677419355,77.5,66.4,Moderate,Good,Not Ranked
MVJ College of Engineering,INFORMATION SCIENCE AND ENGINEERING,Bengaluru,Karnataka,"Visvesvaraya Technological University, Belagavi",605375.0,3.0,,Private,Yes,Yes,www.mvjce.edu.i n,Other Engineering,15.785,73.3,50.3,Expensive,Good,Not Ranked
Rajarajeswari College of Engineering,INFORMATION SCIENCE AND ENGINEERING,Bengaluru,Karnataka,"Visvesvaraya Technological University, Belagavi",140615.38461538462,3.37,,Private,Yes,Yes,www.rrce.org,Other Engineering,71.87692307692308,77.0,75.0,Affordable,Good,Not Ranked
Mahendra College of Engineering,INFORMATION SCIENCE AND ENGINEERING,Minnampalli,Tamil Nadu,"Anna University, Chennai",145833.33333333334,0.0,,Government,No,Yes,www.sjce.ac.in,Other Engineering,70.83333333333333,53.3,60.3,Affordable,Average,Not Ranked
Siddaganga Institute of Technology,INFORMATION SCIENCE AND ENGINEERING,Tumakuru,Karnataka,"Visvesvaraya Technological University, Belagavi",249357.14285714287,0.0,100.0,Private - Autonomous,Yes,Yes,www.sit.ac.in,Other Engineering,50.128571428571426,71.4,62.9,Moderate,Good,Top 100
Cambridge Institute of Technology,INFORMATION SCIENCE AND ENGINEERING,Bengaluru,Karnataka,"Visvesvaraya Technological University, Belagavi",324000.0,0.0,,Private,Yes,Yes,www.citech.edu.i n,Other Engineering,37.6,86.7,67.1,Premium,Excellent,Not Ranked
Malnad College of Engineering,INFORMATION SCIENCE AND ENGINEERING,Hassan,Karnataka,"Visvesvaraya Technological University, Belagavi",149266.66666666666,2.53,,Government Autonomous,Yes,Yes,www.mcehassan. ac.in,Other Engineering,70.14666666666668,68.6,69.2,Affordable,Good,Not Ranked
RVS College of Engineering,INFORMATION SCIENCE AND ENGINEERING,Padiyur,Tamil Nadu,"Anna University, Chennai",103000.0,0.0,99.0,Private,Yes,Not Available,www.rvce.edu.in,Other Engineering,79.4,57.4,66.2,Affordable,Average,Top 100
GSSS Institute of Engineering and Technology for Women,INFORMATION SCIENCE AND ENGINEERING,Mysuru,Karnataka,"Visvesvaraya Technological University, Belagavi",197250.00000000003,0.0,,Private,Yes,Yes,www.geethashish u.in,Other Engineering,60.55,86.7,76.2,Affordable,Excellent,Not Ranked
KLS Gogte Institute of Technology,INFORMATION SCIENCE AND ENGINEERING,Belgaum,Karnataka,"Visvesvaraya Technological University, Belagavi",187000.0,3.52,,Private - Autonomous,Yes,Yes,www.git.edu,Other Engineering,62.6,78.5,72.1,Affordable,Good,Not Ranked
Dr. Ambedkar Institute of Technology,INFORMATION SCIENCE AND ENGINEERING,Bengaluru,Karnataka,"Visvesvaraya Technological University, Belagavi",88362.38095238095,3.17,,Government Autonomous,Yes,Yes,www.dr-ait.org,Other Engineering,82.32752380952381,81.7,82.0,Budget-Friendly,Excellent,Not Ranked
The National Institute of Engineering,INFORMATION SCIENCE AND ENGINEERING,Mysuru,Karnataka,"Visvesvaraya Technological University, Belagavi",62581.42857142857,0.0,151.0,Government Autonomous,Yes,Yes,www.nie.ac.in,Other Engineering,87.48371428571429,65.3,74.2,Budget-Friendly,Good,Top 200
JSS Academy of Technical Education,INFORMATION SCIENCE AND ENGINEERING,Noida,Uttar Pradesh,"Dr APJ Abdul Kalam Technical University, Lucknow",416307.6923076923,0.0,,Private,Yes,Yes,www.jssateb.ac.i n,Other Engineering,28.369230769230768,86.7,63.4,Premium,Excellent,Not Ranked
New Horizon College of Engineering,INFORMATION SCIENCE AND ENGINEERING,Bengaluru,Karnataka,"Visvesvaraya Technological University, Belagavi",416000.0,3.23,151.0,Private - Autonomous,Yes,Yes,www.newhorizon india.,Other Engineering,28.4,65.1,50.4,Premium,Good,Top 200
M. S. Ramaiah Institute of Technology,INFORMATION SCIENCE AND ENGINEERING,Bengaluru,Karnataka,Not Available,0.0,0.0,75.0,Private - Autonomous,Yes,Yes,www.msrit.edu,Other Engineering,,76.9,76.9,Not Available,Good,Top 100
NIE Institute of Technology,INFORMATION SCIENCE AND ENGINEERING,Anagahalli,Karnataka,"Visvesvaraya Technological University, Belagavi",237000.0,0.0,,Private - Autonomous,Yes,Yes,www.nmamit.nitt e.edu,Other Engineering,52.6,86.7,73.1,Moderate,Excellent,Not Ranked
B.M.S. College of Engineering,INFORMATION SCIENCE AND ENGINEERING,Bengaluru,Karnataka,Not Available,0.0,0.0,151.0,Government Autonomous,Yes,Yes,www.bmsce.ac.in,Other Engineering,,65.3,65.3,Not Available,Good,Top 200
Don Bosco Institute of Technology,INFORMATION SCIENCE AND ENGINEERING,Bengaluru,Karnataka,"Visvesvaraya Technological University, Belagavi",175272.72727272726,0.0,,Private,Yes,Yes,www.dbit.co.in,Other Engineering,64.94545454545454,72.0,69.2,Affordable,Good,Not Ranked
Sri Siddhartha Institute of Technology,INFORMATION SCIENCE AND ENGINEERING,Tumakuru,Karnataka,"Sri Siddhartha Academy of Higher Education, Tumkur",135411.76470588235,0.0,,Private,Yes,Yes,www.ssit.edu.in,Other Engineering,72.91764705882353,86.7,81.2,Affordable,Excellent,Not Ranked
Vidyavardhaka College of Engineering,INFORMATION SCIENCE AND ENGINEERING,Mysuru,Karnataka,"Visvesvaraya Technological University, Belagavi",196666.66666666663,3.01,,Private,Yes,Yes,www.vvce.ac.in,Other Engineering,60.66666666666667,73.4,68.3,Affordable,Good,Not Ranked
Dayananda Sagar College of Engineering,INFORMATION SCIENCE AND ENGINEERING,Bengaluru,Karnataka,"Visvesvaraya Technological University, Belagavi",250735.16129032252,3.42,,Private - Autonomous,Yes,Yes,www.dayanandas agar.e,Other Engineering,49.8529677419355,77.5,66.4,Moderate,Good,Not Ranked
BMS Institute of Technology and Management,INFORMATION SCIENCE AND ENGINEERING,Bengaluru,Karnataka,"Visvesvaraya Technological University, Belagavi",188800.0,3.21,,Private,Yes,Yes,www.bmsit.ac.in,Other Engineering,62.239999999999995,75.4,70.1,Affordable,Good,Not Ranked
CMR Institute of Technology,INFORMATION SCIENCE AND ENGINEERING,Hyderabad,Telangana,"Jawaharlal Nehru Technological University, Hyderabad",248000.0,3.16,,Private,Yes,Yes,www.cmrit.ac.in,Other Engineering,50.4,79.0,67.6,Moderate,Good,Not Ranked
Manipal Institute of Technology,INFORMATION TECHNOLOGY,Manipal,Karnataka,Not Available,0.0,0.0,56.0,Private,Yes,Not Available,www.manipal.ed u,Computer Science & IT,,66.7,66.7,Not Available,Good,Top 100
RVS College of Engineering,INSTRUMENTATION TECHNOLOGY,Padiyur,Tamil Nadu,"Anna University, Chennai",103000.0,0.0,99.0,Private,Yes,Not Available,www.rvce.edu.in,Other Engineering,79.4,57.4,66.2,Affordable,Average,Top 100
GSSS Institute of Engineering and Technology for Women,INSTRUMENTATION TECHNOLOGY,Mysuru,Karnataka,"Visvesvaraya Technological University, Belagavi",197250.00000000003,0.0,,Private,Yes,Yes,www.geethashish u.in,Other Engineering,60.55,86.7,76.2,Affordable,Excellent,Not Ranked
Dr. Ambedkar Institute of Technology,INSTRUMENTATION TECHNOLOGY,Bengaluru,Karnataka,"Visvesvaraya Technological University, Belagavi",88362.38095238095,3.17,,Government Autonomous,Yes,Yes,www.dr-ait.org,Other Engineering,82.32752380952381,81.7,82.0,Budget-Friendly,Excellent,Not Ranked
Dayananda Sagar College of Engineering,INSTRUMENTATION TECHNOLOGY,Bengaluru,Karnataka,"Visvesvaraya Technological University, Belagavi",250735.16129032252,3.42,,Private - Autonomous,Yes,Yes,www.dayanandas agar.e,Other Engineering,49.8529677419355,77.5,66.4,Moderate,Good,Not Ranked
Sri Siddhartha Institute of Technology,MECHANICAL ENGINEERING,Tumakuru,Karnataka,"Sri Siddhartha Academy of Higher Education, Tumkur",135411.76470588235,0.0,,Private,Yes,Yes,www.ssit.edu.in,Mechanical Engineering,72.91764705882353,86.7,81.2,Affordable,Excellent,Not Ranked
BMS Institute of Technology and Management,MECHANICAL ENGINEERING,Bengaluru,Karnataka,"Visvesvaraya Technological University, Belagavi",188800.0,3.21,,Private,Yes,Yes,www.bmsit.ac.in,Mechanical Engineering,62.239999999999995,75.4,70.1,Affordable,Good,Not Ranked
KLE Dr. MS Sheshgiri College of Engineering and Technology,MECHANICAL ENGINEERING,Belagavi,Karnataka,"Visvesvaraya Technological University, Belagavi",262153.8461538461,0.0,,Private,Yes,Yes,www.klescet.ac.i n,Mechanical Engineering,47.56923076923077,86.7,71.0,Moderate,Excellent,Not Ranked
New Horizon College of Engineering,MECHANICAL ENGINEERING,Bengaluru,Karnataka,"Visvesvaraya Technological University, Belagavi",416000.0,3.23,151.0,Private - Autonomous,Yes,Yes,www.newhorizon india.,Mechanical Engineering,28.4,65.1,50.4,Premium,Good,Top 200
St. Joseph Engineering College,MECHANICAL ENGINEERING,Mangalore,Karnataka,"Visvesvaraya Technological University, Belagavi",115571.42857142857,0.0,,Private,Yes,Yes,www.sjec.ac.in,Mechanical Engineering,76.88571428571429,86.7,82.8,Affordable,Excellent,Not Ranked
Mahendra College of Engineering,MECHANICAL ENGINEERING,Minnampalli,Tamil Nadu,"Anna University, Chennai",145833.33333333334,0.0,,Government,No,Yes,www.sjce.ac.in,Mechanical Engineering,70.83333333333333,53.3,60.3,Affordable,Average,Not Ranked
RVS College of Engineering,MECHANICAL ENGINEERING,Padiyur,Tamil Nadu,"Anna University, Chennai",103000.0,0.0,99.0,Private,Yes,Not Available,www.rvce.edu.in,Mechanical Engineering,79.4,57.4,66.2,Affordable,Average,Top 100
CMR Institute of Technology,MECHANICAL ENGINEERING,Hyderabad,Telangana,"Jawaharlal Nehru Technological University, Hyderabad",248000.0,3.16,,Private,Yes,Yes,www.cmrit.ac.in,Mechanical Engineering,50.4,79.0,67.6,Moderate,Good,Not Ranked
The National Institute of Engineering,MECHANICAL ENGINEERING,Mysuru,Karnataka,"Visvesvaraya Technological University, Belagavi",62581.42857142857,0.0,151.0,Government Autonomous,Yes,Yes,www.nie.ac.in,Mechanical Engineering,87.48371428571429,65.3,74.2,Budget-Friendly,Good,Top 200
MVJ College of Engineering,MECHANICAL ENGINEERING,Bengaluru,Karnataka,"Visvesvaraya Technological University, Belagavi",605375.0,3.0,,Private,Yes,Yes,www.mvjce.edu.i n,Mechanical Engineering,15.785,73.3,50.3,Expensive,Good,Not Ranked
JSS Academy of Technical Education,MECHANICAL ENGINEERING,Noida,Uttar Pradesh,"Dr APJ Abdul Kalam Technical University, Lucknow",416307.6923076923,0.0,,Private,Yes,Yes,www.jssateb.ac.i n,Mechanical Engineering,28.369230769230768,86.7,63.4,Premium,Excellent,Not Ranked
Rajarajeswari College of Engineering,MECHANICAL ENGINEERING,Bengaluru,Karnataka,"Visvesvaraya Technological University, Belagavi",140615.38461538462,3.37,,Private,Yes,Yes,www.rrce.org,Mechanical Engineering,71.87692307692308,77.0,75.0,Affordable,Good,Not Ranked
M. S. Ramaiah Institute of Technology,MECHANICAL ENGINEERING,Bengaluru,Karnataka,Not Available,0.0,0.0,75.0,Private - Autonomous,Yes,Yes,www.msrit.edu,Mechanical Engineering,,76.9,76.9,Not Available,Good,Top 100
NIE Institute of Technology,MECHANICAL ENGINEERING,Anagahalli,Karnataka,"Visvesvaraya Technological University, Belagavi",237000.0,0.0,,Private - Autonomous,Yes,Yes,www.nmamit.nitt e.edu,Mechanical Engineering,52.6,86.7,73.1,Moderate,Excellent,Not Ranked
B.M.S. College of Engineering,MECHANICAL ENGINEERING,Bengaluru,Karnataka,Not Available,0.0,0.0,151.0,Government Autonomous,Yes,Yes,www.bmsce.ac.in,Mechanical Engineering,,65.3,65.3,Not Available,Good,Top 200
Siddaganga Institute of Technology,MECHANICAL ENGINEERING,Tumakuru,Karnataka,"Visvesvaraya Technological University, Belagavi",249357.14285714287,0.0,100.0,Private - Autonomous,Yes,Yes,www.sit.ac.in,Mechanical Engineering,50.128571428571426,71.4,62.9,Moderate,Good,Top 100
Cambridge Institute of Technology,MECHANICAL ENGINEERING,Bengaluru,Karnataka,"Visvesvaraya Technological University, Belagavi",324000.0,0.0,,Private,Yes,Yes,www.citech.edu.i n,Mechanical Engineering,37.6,86.7,67.1,Premium,Excellent,Not Ranked
Malnad College of Engineering,MECHANICAL ENGINEERING,Hassan,Karnataka,"Visvesvaraya Technological University, Belagavi",149266.66666666666,2.53,,Government Autonomous,Yes,Yes,www.mcehassan. ac.in,Mechanical Engineering,70.14666666666668,68.6,69.2,Affordable,Good,Not Ranked
Don Bosco Institute of Technology,MECHANICAL ENGINEERING,Bengaluru,Karnataka,"Visvesvaraya Technological University, Belagavi",175272.72727272726,0.0,,Private,Yes,Yes,www.dbit.co.in,Mechanical Engineering,64.94545454545454,72.0,69.2,Affordable,Good,Not Ranked
Vidyavardhaka College of Engineering,MECHANICAL ENGINEERING,Mysuru,Karnataka,"Visvesvaraya Technological University, Belagavi",196666.66666666663,3.01,,Private,Yes,Yes,www.vvce.ac.in,Mechanical Engineering,60.66666666666667,73.4,68.3,Affordable,Good,Not Ranked
KLS Gogte Institute of Technology,MECHANICAL ENGINEERING,Belgaum,Karnataka,"Visvesvaraya Technological University, Belagavi",187000.0,3.52,,Private - Autonomous,Yes,Yes,www.git.edu,Mechanical Engineering,62.6,78.5,72.1,Affordable,Good,Not Ranked
Dr. Ambedkar Institute of Technology,MECHANICAL ENGINEERING,Bengaluru,Karnataka,"Visvesvaraya Technological University, Belagavi",88362.38095238095,3.17,,Government Autonomous,Yes,Yes,www.dr-ait.org,Mechanical Engineering,82.32752380952381,81.7,82.0,Budget-Friendly,Excellent,Not Ranked
Dayananda Sagar College of Engineering,MECHANICAL ENGINEERING,Bengaluru,Karnataka,"Visvesvaraya Technological University, Belagavi",250735.16129032252,3.42,,Private - Autonomous,Yes,Yes,www.dayanandas agar.e,Mechanical Engineering,49.8529677419355,77.5,66.4,Moderate,Good,Not Ranked
Manipal Institute of Technology,MECHANICAL ENGINEERING,Manipal,Karnataka,Not Available,0.0,0.0,56.0,Private,Yes,Not Available,www.manipal.ed u,Mechanical Engineering,,66.7,66.7,Not Available,Good,Top 100
Manipal Institute of Technology,MECHATRONICS,Manipal,Karnataka,Not Available,0.0,0.0,56.0,Private,Yes,Not Available,www.manipal.ed u,Mechanical Engineering,,66.7,66.7,Not Available,Good,Top 100
M. S. Ramaiah Institute of Technology,MEDICAL ELECTRONICS,Bengaluru,Karnataka,Not Available,0.0,0.0,75.0,Private - Autonomous,Yes,Yes,www.msrit.edu,Electronics & Communication,,76.9,76.9,Not Available,Good,Top 100
B.M.S. College of Engineering,MEDICAL ELECTRONICS,Bengaluru,Karnataka,Not Available,0.0,0.0,151.0,Government Autonomous,Yes,Yes,www.bmsce.ac.in,Electronics & Communication,,65.3,65.3,Not Available,Good,Top 200
Sri Siddhartha Institute of Technology,MEDICAL ELECTRONICS,Tumakuru,Karnataka,"Sri Siddhartha Academy of Higher Education, Tumkur",135411.76470588235,0.0,,Private,Yes,Yes,www.ssit.edu.in,Electronics & Communication,72.91764705882353,86.7,81.2,Affordable,Excellent,Not Ranked
Dr. Ambedkar Institute of Technology,MEDICAL ELECTRONICS,Bengaluru,Karnataka,"Visvesvaraya Technological University, Belagavi",88362.38095238095,3.17,,Government Autonomous,Yes,Yes,www.dr-ait.org,Electronics & Communication,82.32752380952381,81.7,82.0,Budget-Friendly,Excellent,Not Ranked
Dayananda Sagar College of Engineering,MEDICAL ELECTRONICS,Bengaluru,Karnataka,"Visvesvaraya Technological University, Belagavi",250735.16129032252,3.42,,Private - Autonomous,Yes,Yes,www.dayanandas agar.e,Electronics & Communication,49.8529677419355,77.5,66.4,Moderate,Good,Not Ranked
Manipal Institute of Technology,PRINTING TECHNOLOGY,Manipal,Karnataka,Not Available,0.0,0.0,56.0,Private,Yes,Not Available,www.manipal.ed u,Other Engineering,,66.7,66.7,Not Available,Good,Top 100
M. S. Ramaiah Institute of Technology,TELECOMMUNICATION ENGINEERING,Bengaluru,Karnataka,Not Available,0.0,0.0,75.0,Private - Autonomous,Yes,Yes,www.msrit.edu,Electronics & Communication,,76.9,76.9,Not Available,Good,Top 100
B.M.S. College of Engineering,TELECOMMUNICATION ENGINEERING,Bengaluru,Karnataka,Not Available,0.0,0.0,151.0,Government Autonomous,Yes,Yes,www.bmsce.ac.in,Electronics & Communication,,65.3,65.3,Not Available,Good,Top 200
Siddaganga Institute of Technology,TELECOMMUNICATION ENGINEERING,Tumakuru,Karnataka,"Visvesvaraya Technological University, Belagavi",249357.14285714287,0.0,100.0,Private - Autonomous,Yes,Yes,www.sit.ac.in,Electronics & Communication,50.128571428571426,71.4,62.9,Moderate,Good,Top 100
RVS College of Engineering,TELECOMMUNICATION ENGINEERING,Padiyur,Tamil Nadu,"Anna University, Chennai",103000.0,0.0,99.0,Private,Yes,Not Available,www.rvce.edu.in,Electronics & Communication,79.4,57.4,66.2,Affordable,Average,Top 100
Don Bosco Institute of Technology,TELECOMMUNICATION ENGINEERING,Bengaluru,Karnataka,"Visvesvaraya Technological University, Belagavi",175272.72727272726,0.0,,Private,Yes,Yes,www.dbit.co.in,Electronics & Communication,64.94545454545454,72.0,69.2,Affordable,Good,Not Ranked
GSSS Institute of Engineering and Technology for Women,TELECOMMUNICATION ENGINEERING,Mysuru,Karnataka,"Visvesvaraya Technological University, Belagavi",197250.00000000003,0.0,,Private,Yes,Yes,www.geethashish u.in,Electronics & Communication,60.55,86.7,76.2,Affordable,Excellent,Not Ranked
Dr. Ambedkar Institute of Technology,TELECOMMUNICATION ENGINEERING,Bengaluru,Karnataka,"Visvesvaraya Technological University, Belagavi",88362.38095238095,3.17,,Government Autonomous,Yes,Yes,www.dr-ait.org,Electronics & Communication,82.32752380952381,81.7,82.0,Budget-Friendly,Excellent,Not Ranked
BMS Institute of Technology and Management,TELECOMMUNICATION ENGINEERING,Bengaluru,Karnataka,"Visvesvaraya Technological University, Belagavi",188800.0,3.21,,Private,Yes,Yes,www.bmsit.ac.in,Electronics & Communication,62.239999999999995,75.4,70.1,Affordable,Good,Not Ranked
Sri Siddhartha Institute of Technology,TELECOMMUNICATION ENGINEERING,Tumakuru,Karnataka,"Sri Siddhartha Academy of Higher Education, Tumkur",135411.76470588235,0.0,,Private,Yes,Yes,www.ssit.edu.in,Electronics & Communication,72.91764705882353,86.7,81.2,Affordable,Excellent,Not Ranked
Dayananda Sagar College of Engineering,TELECOMMUNICATION ENGINEERING,Bengaluru,Karnataka,"Visvesvaraya Technological University, Belagavi",250735.16129032252,3.42,,Private - Autonomous,Yes,Yes,www.dayanandas agar.e,Electronics & Communication,49.8529677419355,77.5,66.4,Moderate,Good,Not Ranked
KS Institute of Technology,BIOMEDICAL ENGINEERING,Bengaluru,Karnataka,"Visvesvaraya Technological University, Belagavi",284571.4285714286,0.0,,Private,No,No,www.ksit.ac.in,Chemical & Biotechnology,43.08571428571429,20.0,29.2,Moderate,Below Average,Not Ranked
KS Institute of Technology,CIVIL ENGINEERING,Bengaluru,Karnataka,"Visvesvaraya Technological University, Belagavi",284571.4285714286,0.0,,Private,No,No,www.ksit.ac.in,Civil Engineering,43.08571428571429,20.0,29.2,Moderate,Below Average,Not Ranked
KS Institute of Technology,COMPUTER SCIENCE AND ENGINEERING,Bengaluru,Karnataka,"Visvesvaraya Technological University, Belagavi",284571.4285714286,0.0,,Private,No,No,www.ksit.ac.in,Computer Science & IT,43.08571428571429,20.0,29.2,Moderate,Below Average,Not Ranked
KS Institute of Technology,ELECTRICAL AND ELECTRONICS ENGINEERING,Bengaluru,Karnataka,"Visvesvaraya Technological University, Belagavi",284571.4285714286,0.0,,Private,No,No,www.ksit.ac.in,Electronics & Communication,43.08571428571429,20.0,29.2,Moderate,Below Average,Not Ranked
KS Institute of Technology,FOOD TECHNOLOGY,Bengaluru,Karnataka,"Visvesvaraya Technological University, Belagavi",284571.4285714286,0.0,,Private,No,No,www.ksit.ac.in,Agriculture & Food Tech,43.08571428571429,20.0,29.2,Moderate,Below Average,Not Ranked
KS Institute of Technology,MECHANICAL ENGINEERING,Bengaluru,Karnataka,"Visvesvaraya Technological University, Belagavi",284571.4285714286,0.0,,Private,No,No,www.ksit.ac.in,Mechanical Engineering,43.08571428571429,20.0,29.2,Moderate,Below Average,Not Ranked
Rajagiri School of Engineering and Technology,APPLIED ELECTRONICS AND INSTRUMENTATION ENGINEERING,Kochi,Kerala,"APJ Abdul Kalam Technological University, Thiruvananthapuram",259384.61538461532,3.03,,Private,No,No,www.rajagiritech. ac.,Electronics & Communication,48.12307692307694,40.3,43.4,Moderate,Average,Not Ranked
Adi Shankara Institute of Engineering and Technology,APPLIED ELECTRONICS AND INSTRUMENTATION ENGINEERING,Kalady,Kerala,"APJ Abdul Kalam Technological University, Thiruvananthapuram",279000.0,0.0,,Private,No,No,"www.adishankara
 .net",Electronics & Communication,44.2,20.0,29.7,Moderate,Below Average,Not Ranked
LBS Institute of Technology for Women,APPLIED ELECTRONICS AND INSTRUMENTATION ENGINEERING,Thiruvananthapuram,Kerala,"APJ Abdul Kalam Technological University, Thiruvananthapuram",125714.28571428572,0.0,,Government,No,No,www.lbsitw.ac.in,Electronics & Communication,74.85714285714286,33.3,49.9,Affordable,Below Average,Not Ranked
Sahrdaya College of Engineering and Technology,BIOMEDICAL ENGINEERING,Thrissur,Kerala,"APJ Abdul Kalam Technological University, Thiruvananthapuram",299000.0,0.0,,Private,No,No,"www.sahrdaya.ac
 .in",Chemical & Biotechnology,40.2,20.0,28.1,Moderate,Below Average,Not Ranked
Sahrdaya College of Engineering and Technology,BIOTECHNOLOGY,Thrissur,Kerala,"APJ Abdul Kalam Technological University, Thiruvananthapuram",299000.0,0.0,,Private,No,No,"www.sahrdaya.ac
 .in",Chemical & Biotechnology,40.2,20.0,28.1,Moderate,Below Average,Not Ranked
Sree Chitra Thirunal College of Engineering,BIOTECHNOLOGY AND BIOCHEMICAL ENGINEERING,Thiruvananthapuram,Kerala,"APJ Abdul Kalam Technological University, Thiruvananthapuram",152200.0,0.0,,Government,No,No,www.sctce.ac.in,Chemical & Biotechnology,69.56,33.3,47.8,Affordable,Below Average,Not Ranked
Rajagiri School of Engineering and Technology,CIVIL ENGINEERING,Kochi,Kerala,"APJ Abdul Kalam Technological University, Thiruvananthapuram",259384.61538461532,3.03,,Private,No,No,www.rajagiritech. ac.,Civil Engineering,48.12307692307694,40.3,43.4,Moderate,Average,Not Ranked
Muthoot Institute of Technology and Science,CIVIL ENGINEERING,Thiruvaniyoor,Kerala,"APJ Abdul Kalam Technological University, Thiruvananthapuram",300000.0,0.0,,Private,No,No,www.mgits.ac.in,Civil Engineering,40.0,20.0,28.0,Moderate,Below Average,Not Ranked
SS College of Engineering,CIVIL ENGINEERING,Umra,Rajasthan,"Rajasthan Technical University, Kota",308000.0,0.0,,Government,No,No,www.cethalasser y.ac.,Civil Engineering,39.2,20.0,27.7,Premium,Below Average,Not Ranked
Bharat College of Engineering,CIVIL ENGINEERING,Thane,Maharashtra,"University of Mumbai, Mumbai",279000.0,0.0,,Government,No,No,www.gecbh.ac.in,Civil Engineering,44.2,20.0,29.7,Moderate,Below Average,Not Ranked
Adi Shankara Institute of Engineering and Technology,CIVIL ENGINEERING,Kalady,Kerala,"APJ Abdul Kalam Technological University, Thiruvananthapuram",279000.0,0.0,,Private,No,No,"www.adishankara
 .net",Civil Engineering,44.2,20.0,29.7,Moderate,Below Average,Not Ranked
LBS Institute of Technology for Women,CIVIL ENGINEERING,Thiruvananthapuram,Kerala,"APJ Abdul Kalam Technological University, Thiruvananthapuram",125714.28571428572,0.0,,Government,No,No,www.lbsitw.ac.in,Civil Engineering,74.85714285714286,33.3,49.9,Affordable,Below Average,Not Ranked
Sahrdaya College of Engineering and Technology,CIVIL ENGINEERING,Thrissur,Kerala,"APJ Abdul Kalam Technological University, Thiruvananthapuram",299000.0,0.0,,Private,No,No,"www.sahrdaya.ac
 .in",Civil Engineering,40.2,20.0,28.1,Moderate,Below Average,Not Ranked
Marian Engineering College,CIVIL ENGINEERING,Thiruvananthapuram,Kerala,"APJ Abdul Kalam Technological University, Thiruvananthapuram",331375.0,0.0,,Private,No,No,www.marian.ac.i n,Civil Engineering,36.8625,20.0,26.7,Premium,Below Average,Not Ranked
NSS College of Engineering,CIVIL ENGINEERING,Palakkad,Kerala,"APJ Abdul Kalam Technological University, Thiruvananthapuram",47130.0,0.0,,Government,No,No,www.nssce.ac.in,Civil Engineering,100.0,20.0,52.0,Budget-Friendly,Below Average,Not Ranked
Federal Institute of Science and Technology,CIVIL ENGINEERING,Mookkannoor,Kerala,"APJ Abdul Kalam Technological University, Thiruvananthapuram",209933.3333333333,0.0,,Private,No,No,www.fisat.ac.in,Civil Engineering,58.013333333333335,20.0,35.2,Moderate,Below Average,Not Ranked
Muthoot Institute of Technology and Science,COMPUTER SCIENCE & ENGINEERING,Thiruvaniyoor,Kerala,"APJ Abdul Kalam Technological University, Thiruvananthapuram",300000.0,0.0,,Private,No,No,www.mgits.ac.in,Computer Science & IT,40.0,20.0,28.0,Moderate,Below Average,Not Ranked
NSS College of Engineering,COMPUTER SCIENCE AND ENGINEERING,Palakkad,Kerala,"APJ Abdul Kalam Technological University, Thiruvananthapuram",47130.0,0.0,,Government,No,No,www.nssce.ac.in,Computer Science & IT,100.0,20.0,52.0,Budget-Friendly,Below Average,Not Ranked
Kalyani Government Engineering College,COMPUTER SCIENCE AND ENGINEERING,Kolkata,West Bengal,"Maulana Abul Kalam Azad University of Technology, Kolkata",56592.72727272727,0.0,,Government,No,No,www.gecwyd.ac.i n,Computer Science & IT,88.68145454545454,33.3,55.5,Budget-Friendly,Below Average,Not Ranked
Sree Chitra Thirunal College of Engineering,COMPUTER SCIENCE AND ENGINEERING,Thiruvananthapuram,Kerala,"APJ Abdul Kalam Technological University, Thiruvananthapuram",152200.0,0.0,,Government,No,No,www.sctce.ac.in,Computer Science & IT,69.56,33.3,47.8,Affordable,Below Average,Not Ranked
SS College of Engineering,COMPUTER SCIENCE AND ENGINEERING,Umra,Rajasthan,"Rajasthan Technical University, Kota",308000.0,0.0,,Government,No,No,www.cethalasser y.ac.,Computer Science & IT,39.2,20.0,27.7,Premium,Below Average,Not Ranked
Government Engineering College,COMPUTER SCIENCE AND ENGINEERING,Thrissur,Kerala,"APJ Abdul Kalam Technological University, Thiruvananthapuram",16331.42857142857,0.0,,Government,No,No,www.gecidukki.a c.in,Computer Science & IT,100.0,33.3,60.0,Budget-Friendly,Below Average,Not Ranked
Marian Engineering College,COMPUTER SCIENCE AND ENGINEERING,Thiruvananthapuram,Kerala,"APJ Abdul Kalam Technological University, Thiruvananthapuram",331375.0,0.0,,Private,No,No,www.marian.ac.i n,Computer Science & IT,36.8625,20.0,26.7,Premium,Below Average,Not Ranked
RMD Engineering College,COMPUTER SCIENCE AND ENGINEERING,Kavaraipettai,Tamil Nadu,"Anna University, Chennai",200000.0,2.82,,Government,No,No,www.mec.ac.in,Computer Science & IT,60.0,38.2,46.9,Affordable,Below Average,Not Ranked
Federal Institute of Science and Technology,COMPUTER SCIENCE AND ENGINEERING,Mookkannoor,Kerala,"APJ Abdul Kalam Technological University, Thiruvananthapuram",209933.3333333333,0.0,,Private,No,No,www.fisat.ac.in,Computer Science & IT,58.013333333333335,20.0,35.2,Moderate,Below Average,Not Ranked
Cheran College of Engineering,COMPUTER SCIENCE AND ENGINEERING,Karur,Tamil Nadu,"Anna University, Chennai",160000.0,0.0,,Government,No,No,www.ceconline.e du,Computer Science & IT,68.0,20.0,39.2,Affordable,Below Average,Not Ranked
Adi Shankara Institute of Engineering and Technology,COMPUTER SCIENCE AND ENGINEERING,Kalady,Kerala,"APJ Abdul Kalam Technological University, Thiruvananthapuram",279000.0,0.0,,Private,No,No,"www.adishankara
 .net",Computer Science & IT,44.2,20.0,29.7,Moderate,Below Average,Not Ranked
LBS Institute of Technology for Women,COMPUTER SCIENCE AND ENGINEERING,Thiruvananthapuram,Kerala,"APJ Abdul Kalam Technological University, Thiruvananthapuram",125714.28571428572,0.0,,Government,No,No,www.lbsitw.ac.in,Computer Science & IT,74.85714285714286,33.3,49.9,Affordable,Below Average,Not Ranked
Sahrdaya College of Engineering and Technology,COMPUTER SCIENCE AND ENGINEERING,Thrissur,Kerala,"APJ Abdul Kalam Technological University, Thiruvananthapuram",299000.0,0.0,,Private,No,No,"www.sahrdaya.ac
 .in",Computer Science & IT,40.2,20.0,28.1,Moderate,Below Average,Not Ranked
Amrita School of Engineering,COMPUTER SCIENCE AND ENGINEERING,Coimbatore,Tamil Nadu,"Amrita Vishwa Vidyapeetham, Coimbatore",649857.1428571428,0.0,,Private,No,No,www.amrita.edu,Computer Science & IT,14.005714285714287,20.0,17.6,Expensive,Below Average,Not Ranked
Rajagiri School of Engineering and Technology,COMPUTER SCIENCE AND ENGINEERING,Kochi,Kerala,"APJ Abdul Kalam Technological University, Thiruvananthapuram",259384.61538461532,3.03,,Private,No,No,www.rajagiritech. ac.,Computer Science & IT,48.12307692307694,40.3,43.4,Moderate,Average,Not Ranked
Marian Engineering College,ELECTRICAL AND ELECTRONICS ENGINEERING,Thiruvananthapuram,Kerala,"APJ Abdul Kalam Technological University, Thiruvananthapuram",331375.0,0.0,,Private,No,No,www.marian.ac.i n,Electronics & Communication,36.8625,20.0,26.7,Premium,Below Average,Not Ranked
Rajagiri School of Engineering and Technology,ELECTRICAL AND ELECTRONICS ENGINEERING,Kochi,Kerala,"APJ Abdul Kalam Technological University, Thiruvananthapuram",259384.61538461532,3.03,,Private,No,No,www.rajagiritech. ac.,Electronics & Communication,48.12307692307694,40.3,43.4,Moderate,Average,Not Ranked
RMD Engineering College,ELECTRICAL AND ELECTRONICS ENGINEERING,Kavaraipettai,Tamil Nadu,"Anna University, Chennai",200000.0,2.82,,Government,No,No,www.mec.ac.in,Electronics & Communication,60.0,38.2,46.9,Affordable,Below Average,Not Ranked
Kalyani Government Engineering College,ELECTRICAL AND ELECTRONICS ENGINEERING,Kolkata,West Bengal,"Maulana Abul Kalam Azad University of Technology, Kolkata",56592.72727272727,0.0,,Government,No,No,www.gecwyd.ac.i n,Electronics & Communication,88.68145454545454,33.3,55.5,Budget-Friendly,Below Average,Not Ranked
Muthoot Institute of Technology and Science,ELECTRICAL AND ELECTRONICS ENGINEERING,Thiruvaniyoor,Kerala,"APJ Abdul Kalam Technological University, Thiruvananthapuram",300000.0,0.0,,Private,No,No,www.mgits.ac.in,Electronics & Communication,40.0,20.0,28.0,Moderate,Below Average,Not Ranked
SS College of Engineering,ELECTRICAL AND ELECTRONICS ENGINEERING,Umra,Rajasthan,"Rajasthan Technical University, Kota",308000.0,0.0,,Government,No,No,www.cethalasser y.ac.,Electronics & Communication,39.2,20.0,27.7,Premium,Below Average,Not Ranked
Federal Institute of Science and Technology,ELECTRICAL AND ELECTRONICS ENGINEERING,Mookkannoor,Kerala,"APJ Abdul Kalam Technological University, Thiruvananthapuram",209933.3333333333,0.0,,Private,No,No,www.fisat.ac.in,Electronics & Communication,58.013333333333335,20.0,35.2,Moderate,Below Average,Not Ranked
Bharat College of Engineering,ELECTRICAL AND ELECTRONICS ENGINEERING,Thane,Maharashtra,"University of Mumbai, Mumbai",279000.0,0.0,,Government,No,No,www.gecbh.ac.in,Electronics & Communication,44.2,20.0,29.7,Moderate,Below Average,Not Ranked
Government Engineering College,ELECTRICAL AND ELECTRONICS ENGINEERING,Thrissur,Kerala,"APJ Abdul Kalam Technological University, Thiruvananthapuram",16331.42857142857,0.0,,Government,No,No,www.gecidukki.a c.in,Electronics & Communication,100.0,33.3,60.0,Budget-Friendly,Below Average,Not Ranked
Adi Shankara Institute of Engineering and Technology,ELECTRICAL AND ELECTRONICS ENGINEERING,Kalady,Kerala,"APJ Abdul Kalam Technological University, Thiruvananthapuram",279000.0,0.0,,Private,No,No,"www.adishankara
 .net",Electronics & Communication,44.2,20.0,29.7,Moderate,Below Average,Not Ranked
Sahrdaya College of Engineering and Technology,ELECTRICAL AND ELECTRONICS ENGINEERING,Thrissur,Kerala,"APJ Abdul Kalam Technological University, Thiruvananthapuram",299000.0,0.0,,Private,No,No,"www.sahrdaya.ac
 .in",Electronics & Communication,40.2,20.0,28.1,Moderate,Below Average,Not Ranked
Amrita School of Engineering,ELECTRICAL AND ELECTRONICS ENGINEERING,Coimbatore,Tamil Nadu,"Amrita Vishwa Vidyapeetham, Coimbatore",649857.1428571428,0.0,,Private,No,No,www.amrita.edu,Electronics & Communication,14.005714285714287,20.0,17.6,Expensive,Below Average,Not Ranked
NSS College of Engineering,ELECTRICAL AND ELECTRONICS ENGINEERING,Palakkad,Kerala,"APJ Abdul Kalam Technological University, Thiruvananthapuram",47130.0,0.0,,Government,No,No,www.nssce.ac.in,Electronics & Communication,100.0,20.0,52.0,Budget-Friendly,Below Average,Not Ranked
Cheran College of Engineering,ELECTRICAL AND ELECTRONICS ENGINEERING,Karur,Tamil Nadu,"Anna University, Chennai",160000.0,0.0,,Government,No,No,www.ceconline.e du,Electronics & Communication,68.0,20.0,39.2,Affordable,Below Average,Not Ranked
Bharat College of Engineering,ELECTRONICS & COMMUNICATION ENGG,Thane,Maharashtra,"University of Mumbai, Mumbai",279000.0,0.0,,Government,No,No,www.gecbh.ac.in,Electronics & Communication,44.2,20.0,29.7,Moderate,Below Average,Not Ranked
Government Engineering College,ELECTRONICS & COMMUNICATION ENGG,Thrissur,Kerala,"APJ Abdul Kalam Technological University, Thiruvananthapuram",16331.42857142857,0.0,,Government,No,No,www.gecidukki.a c.in,Electronics & Communication,100.0,33.3,60.0,Budget-Friendly,Below Average,Not Ranked
LBS Institute of Technology for Women,ELECTRONICS & COMMUNICATION ENGG,Thiruvananthapuram,Kerala,"APJ Abdul Kalam Technological University, Thiruvananthapuram",125714.28571428572,0.0,,Government,No,No,www.lbsitw.ac.in,Electronics & Communication,74.85714285714286,33.3,49.9,Affordable,Below Average,Not Ranked
Amrita School of Engineering,ELECTRONICS & COMMUNICATION ENGG,Coimbatore,Tamil Nadu,"Amrita Vishwa Vidyapeetham, Coimbatore",649857.1428571428,0.0,,Private,No,No,www.amrita.edu,Electronics & Communication,14.005714285714287,20.0,17.6,Expensive,Below Average,Not Ranked
NSS College of Engineering,ELECTRONICS & COMMUNICATION ENGG,Palakkad,Kerala,"APJ Abdul Kalam Technological University, Thiruvananthapuram",47130.0,0.0,,Government,No,No,www.nssce.ac.in,Electronics & Communication,100.0,20.0,52.0,Budget-Friendly,Below Average,Not Ranked
RMD Engineering College,ELECTRONICS & COMMUNICATION ENGG,Kavaraipettai,Tamil Nadu,"Anna University, Chennai",200000.0,2.82,,Government,No,No,www.mec.ac.in,Electronics & Communication,60.0,38.2,46.9,Affordable,Below Average,Not Ranked
Kalyani Government Engineering College,ELECTRONICS & COMMUNICATION ENGG,Kolkata,West Bengal,"Maulana Abul Kalam Azad University of Technology, Kolkata",56592.72727272727,0.0,,Government,No,No,www.gecwyd.ac.i n,Electronics & Communication,88.68145454545454,33.3,55.5,Budget-Friendly,Below Average,Not Ranked
SS College of Engineering,ELECTRONICS & COMMUNICATION ENGG,Umra,Rajasthan,"Rajasthan Technical University, Kota",308000.0,0.0,,Government,No,No,www.cethalasser y.ac.,Electronics & Communication,39.2,20.0,27.7,Premium,Below Average,Not Ranked
Federal Institute of Science and Technology,ELECTRONICS & COMMUNICATION ENGG,Mookkannoor,Kerala,"APJ Abdul Kalam Technological University, Thiruvananthapuram",209933.3333333333,0.0,,Private,No,No,www.fisat.ac.in,Electronics & Communication,58.013333333333335,20.0,35.2,Moderate,Below Average,Not Ranked
Cheran College of Engineering,ELECTRONICS & COMMUNICATION ENGG,Karur,Tamil Nadu,"Anna University, Chennai",160000.0,0.0,,Government,No,No,www.ceconline.e du,Electronics & Communication,68.0,20.0,39.2,Affordable,Below Average,Not Ranked
Adi Shankara Institute of Engineering and Technology,ELECTRONICS & COMMUNICATION ENGG,Kalady,Kerala,"APJ Abdul Kalam Technological University, Thiruvananthapuram",279000.0,0.0,,Private,No,No,"www.adishankara
 .net",Electronics & Communication,44.2,20.0,29.7,Moderate,Below Average,Not Ranked
Cheran College of Engineering,ELECTRONICS & INSTRUMENTATION ENGINEERING,Karur,Tamil Nadu,"Anna University, Chennai",160000.0,0.0,,Government,No,No,www.ceconline.e du,Electronics & Communication,68.0,20.0,39.2,Affordable,Below Average,Not Ranked
RMD Engineering College,ELECTRONICS AND BIOMEDICAL ENGINEERING,Kavaraipettai,Tamil Nadu,"Anna University, Chennai",200000.0,2.82,,Government,No,No,www.mec.ac.in,Electronics & Communication,60.0,38.2,46.9,Affordable,Below Average,Not Ranked
Marian Engineering College,ELECTRONICS AND COMMUNICATIONS ENGINEERING,Thiruvananthapuram,Kerala,"APJ Abdul Kalam Technological University, Thiruvananthapuram",331375.0,0.0,,Private,No,No,www.marian.ac.i n,Electronics & Communication,36.8625,20.0,26.7,Premium,Below Average,Not Ranked
Muthoot Institute of Technology and Science,ELECTRONICS AND COMMUNICATIONS ENGINEERING,Thiruvaniyoor,Kerala,"APJ Abdul Kalam Technological University, Thiruvananthapuram",300000.0,0.0,,Private,No,No,www.mgits.ac.in,Electronics & Communication,40.0,20.0,28.0,Moderate,Below Average,Not Ranked
Sree Chitra Thirunal College of Engineering,ELECTRONICS AND COMMUNICATIONS ENGINEERING,Thiruvananthapuram,Kerala,"APJ Abdul Kalam Technological University, Thiruvananthapuram",152200.0,0.0,,Government,No,No,www.sctce.ac.in,Electronics & Communication,69.56,33.3,47.8,Affordable,Below Average,Not Ranked
Sahrdaya College of Engineering and Technology,ELECTRONICS AND COMMUNICATIONS ENGINEERING,Thrissur,Kerala,"APJ Abdul Kalam Technological University, Thiruvananthapuram",299000.0,0.0,,Private,No,No,"www.sahrdaya.ac
 .in",Electronics & Communication,40.2,20.0,28.1,Moderate,Below Average,Not Ranked
Rajagiri School of Engineering and Technology,ELECTRONICS AND COMMUNICATIONS ENGINEERING,Kochi,Kerala,"APJ Abdul Kalam Technological University, Thiruvananthapuram",259384.61538461532,3.03,,Private,No,No,www.rajagiritech. ac.,Electronics & Communication,48.12307692307694,40.3,43.4,Moderate,Average,Not Ranked
Federal Institute of Science and Technology,ELECTRONICS AND INSTRUMENTATION ENGINEERING,Mookkannoor,Kerala,"APJ Abdul Kalam Technological University, Thiruvananthapuram",209933.3333333333,0.0,,Private,No,No,www.fisat.ac.in,Electronics & Communication,58.013333333333335,20.0,35.2,Moderate,Below Average,Not Ranked
Rajagiri School of Engineering and Technology,INFORMATION TECHNOLOGY,Kochi,Kerala,"APJ Abdul Kalam Technological University, Thiruvananthapuram",259384.61538461532,3.03,,Private,No,No,www.rajagiritech. ac.,Computer Science & IT,48.12307692307694,40.3,43.4,Moderate,Average,Not Ranked
SS College of Engineering,INFORMATION TECHNOLOGY,Umra,Rajasthan,"Rajasthan Technical University, Kota",308000.0,0.0,,Government,No,No,www.cethalasser y.ac.,Computer Science & IT,39.2,20.0,27.7,Premium,Below Average,Not Ranked
Bharat College of Engineering,INFORMATION TECHNOLOGY,Thane,Maharashtra,"University of Mumbai, Mumbai",279000.0,0.0,,Government,No,No,www.gecbh.ac.in,Computer Science & IT,44.2,20.0,29.7,Moderate,Below Average,Not Ranked
Government Engineering College,INFORMATION TECHNOLOGY,Thrissur,Kerala,"APJ Abdul Kalam Technological University, Thiruvananthapuram",16331.42857142857,0.0,,Government,No,No,www.gecidukki.a c.in,Computer Science & IT,100.0,33.3,60.0,Budget-Friendly,Below Average,Not Ranked
LBS Institute of Technology for Women,INFORMATION TECHNOLOGY,Thiruvananthapuram,Kerala,"APJ Abdul Kalam Technological University, Thiruvananthapuram",125714.28571428572,0.0,,Government,No,No,www.lbsitw.ac.in,Computer Science & IT,74.85714285714286,33.3,49.9,Affordable,Below Average,Not Ranked
NSS College of Engineering,INSTRUMENTATION AND CONTROL ENGINEERING,Palakkad,Kerala,"APJ Abdul Kalam Technological University, Thiruvananthapuram",47130.0,0.0,,Government,No,No,www.nssce.ac.in,Other Engineering,100.0,20.0,52.0,Budget-Friendly,Below Average,Not Ranked
Kalyani Government Engineering College,MECHANICAL ENGINEERING,Kolkata,West Bengal,"Maulana Abul Kalam Azad University of Technology, Kolkata",56592.72727272727,0.0,,Government,No,No,www.gecwyd.ac.i n,Mechanical Engineering,88.68145454545454,33.3,55.5,Budget-Friendly,Below Average,Not Ranked
Muthoot Institute of Technology and Science,MECHANICAL ENGINEERING,Thiruvaniyoor,Kerala,"APJ Abdul Kalam Technological University, Thiruvananthapuram",300000.0,0.0,,Private,No,No,www.mgits.ac.in,Mechanical Engineering,40.0,20.0,28.0,Moderate,Below Average,Not Ranked
Sree Chitra Thirunal College of Engineering,MECHANICAL ENGINEERING,Thiruvananthapuram,Kerala,"APJ Abdul Kalam Technological University, Thiruvananthapuram",152200.0,0.0,,Government,No,No,www.sctce.ac.in,Mechanical Engineering,69.56,33.3,47.8,Affordable,Below Average,Not Ranked
SS College of Engineering,MECHANICAL ENGINEERING,Umra,Rajasthan,"Rajasthan Technical University, Kota",308000.0,0.0,,Government,No,No,www.cethalasser y.ac.,Mechanical Engineering,39.2,20.0,27.7,Premium,Below Average,Not Ranked
Bharat College of Engineering,MECHANICAL ENGINEERING,Thane,Maharashtra,"University of Mumbai, Mumbai",279000.0,0.0,,Government,No,No,www.gecbh.ac.in,Mechanical Engineering,44.2,20.0,29.7,Moderate,Below Average,Not Ranked
Government Engineering College,MECHANICAL ENGINEERING,Thrissur,Kerala,"APJ Abdul Kalam Technological University, Thiruvananthapuram",16331.42857142857,0.0,,Government,No,No,www.gecidukki.a c.in,Mechanical Engineering,100.0,33.3,60.0,Budget-Friendly,Below Average,Not Ranked
Amrita School of Engineering,MECHANICAL ENGINEERING,Coimbatore,Tamil Nadu,"Amrita Vishwa Vidyapeetham, Coimbatore",649857.1428571428,0.0,,Private,No,No,www.amrita.edu,Mechanical Engineering,14.005714285714287,20.0,17.6,Expensive,Below Average,Not Ranked
Marian Engineering College,MECHANICAL ENGINEERING,Thiruvananthapuram,Kerala,"APJ Abdul Kalam Technological University, Thiruvananthapuram",331375.0,0.0,,Private,No,No,www.marian.ac.i n,Mechanical Engineering,36.8625,20.0,26.7,Premium,Below Average,Not Ranked
NSS College of Engineering,MECHANICAL ENGINEERING,Palakkad,Kerala,"APJ Abdul Kalam Technological University, Thiruvananthapuram",47130.0,0.0,,Government,No,No,www.nssce.ac.in,Mechanical Engineering,100.0,20.0,52.0,Budget-Friendly,Below Average,Not Ranked
Rajagiri School of Engineering and Technology,MECHANICAL ENGINEERING,Kochi,Kerala,"APJ Abdul Kalam Technological University, Thiruvananthapuram",259384.61538461532,3.03,,Private,No,No,www.rajagiritech. ac.,Mechanical Engineering,48.12307692307694,40.3,43.4,Moderate,Average,Not Ranked
Federal Institute of Science and Technology,MECHANICAL ENGINEERING,Mookkannoor,Kerala,"APJ Abdul Kalam Technological University, Thiruvananthapuram",209933.3333333333,0.0,,Private,No,No,www.fisat.ac.in,Mechanical Engineering,58.013333333333335,20.0,35.2,Moderate,Below Average,Not Ranked
Adi Shankara Institute of Engineering and Technology,MECHANICAL ENGINEERING,Kalady,Kerala,"APJ Abdul Kalam Technological University, Thiruvananthapuram",279000.0,0.0,,Private,No,No,"www.adishankara
 .net",Mechanical Engineering,44.2,20.0,29.7,Moderate,Below Average,Not Ranked
Sree Chitra Thirunal College of Engineering,MECHANICAL ENGINEERING (AUTO),Thiruvananthapuram,Kerala,"APJ Abdul Kalam Technological University, Thiruvananthapuram",152200.0,0.0,,Government,No,No,www.sctce.ac.in,Mechanical Engineering,69.56,33.3,47.8,Affordable,Below Average,Not Ranked
Sree Chitra Thirunal College of Engineering,MECHANICAL ENGINEERING (PROD),Thiruvananthapuram,Kerala,"APJ Abdul Kalam Technological University, Thiruvananthapuram",152200.0,0.0,,Government,No,No,www.sctce.ac.in,Mechanical Engineering,69.56,33.3,47.8,Affordable,Below Average,Not Ranked
Saintgits College of Engineering,APPLIED ELECTRONICS AND INSTRUMENTATION ENGINEERING,Pathamuttam,Kerala,"APJ Abdul Kalam Technological University, Thiruvananthapuram",310625.0,0.0,,Private,Yes,Yes,www.saintgits.or g,Electronics & Communication,38.9375,86.7,67.6,Premium,Excellent,Not Ranked
Vimal Jyothi Engineering College,APPLIED ELECTRONICS AND INSTRUMENTATION ENGINEERING,Kannur,Kerala,"APJ Abdul Kalam Technological University, Thiruvananthapuram",271000.0,0.0,,Private,Yes,Yes,www.vjec.ac.in,Electronics & Communication,45.8,86.7,70.3,Moderate,Excellent,Not Ranked
Saintgits College of Engineering,CHEMICAL ENGINEERING,Pathamuttam,Kerala,"APJ Abdul Kalam Technological University, Thiruvananthapuram",310625.0,0.0,,Private,Yes,Yes,www.saintgits.or g,Chemical & Biotechnology,38.9375,86.7,67.6,Premium,Excellent,Not Ranked
Government College of Engineering,CHEMICAL ENGINEERING,Aurangabad,Maharashtra,"Dr Babasaheb Ambedkar Marathwada University, Aurangabad",199963.0434782609,0.0,,Government,No,No,www.gec.ac.in,Chemical & Biotechnology,60.00739130434782,33.3,44.0,Affordable,Below Average,Not Ranked
TKM College of Engineering,CHEMICAL ENGINEERING,Kollam,Kerala,"APJ Abdul Kalam Technological University, Thiruvananthapuram",40370.52631578947,3.11,,Government,Yes,Yes,www.tkmce.ac.in,Chemical & Biotechnology,100.0,74.4,84.6,Budget-Friendly,Good,Not Ranked
Amal Jyothi College of Engineering,CHEMICAL ENGINEERING,Koovappally,Kerala,"APJ Abdul Kalam Technological University, Thiruvananthapuram",263954.54545454547,0.0,,Private,Yes,Yes,www.amaljyothi. ac.in,Chemical & Biotechnology,47.209090909090904,86.7,70.9,Moderate,Excellent,Not Ranked
Government College of Engineering,CIVIL ENGINEERING,Aurangabad,Maharashtra,"Dr Babasaheb Ambedkar Marathwada University, Aurangabad",199963.0434782609,0.0,,Government,No,No,www.gec.ac.in,Civil Engineering,60.00739130434782,33.3,44.0,Affordable,Below Average,Not Ranked
Rajiv Gandhi Institute of Technology,CIVIL ENGINEERING,Kottayam,Kerala,"APJ Abdul Kalam Technological University, Thiruvananthapuram",25640.666666666668,0.0,,Government,Yes,Yes,www.rit.ac.in,Civil Engineering,100.0,86.7,92.0,Budget-Friendly,Excellent,Not Ranked
Saintgits College of Engineering,CIVIL ENGINEERING,Pathamuttam,Kerala,"APJ Abdul Kalam Technological University, Thiruvananthapuram",310625.0,0.0,,Private,Yes,Yes,www.saintgits.or g,Civil Engineering,38.9375,86.7,67.6,Premium,Excellent,Not Ranked
Mar Baselios College of Engineering and Technology,CIVIL ENGINEERING,Thiruvananthapuram,Kerala,"APJ Abdul Kalam Technological University, Thiruvananthapuram",318666.6666666667,3.13,,Private,Yes,Yes,www.mbcet.ac.in,Civil Engineering,38.13333333333333,74.6,60.0,Premium,Good,Not Ranked
TKM College of Engineering,CIVIL ENGINEERING,Kollam,Kerala,"APJ Abdul Kalam Technological University, Thiruvananthapuram",40370.52631578947,3.11,,Government,Yes,Yes,www.tkmce.ac.in,Civil Engineering,100.0,74.4,84.6,Budget-Friendly,Good,Not Ranked
Vidya Academy of Science and Technology,CIVIL ENGINEERING,Thrissur,Kerala,"APJ Abdul Kalam Technological University, Thiruvananthapuram",317111.1111111111,0.0,,Private,Yes,Yes,www.vidyaacade my.ac.,Civil Engineering,38.288888888888884,86.7,67.3,Premium,Excellent,Not Ranked
Vimal Jyothi Engineering College,CIVIL ENGINEERING,Kannur,Kerala,"APJ Abdul Kalam Technological University, Thiruvananthapuram",271000.0,0.0,,Private,Yes,Yes,www.vjec.ac.in,Civil Engineering,45.8,86.7,70.3,Moderate,Excellent,Not Ranked
Cochin University of Science and Technology,CIVIL ENGINEERING,Kochi,Kerala,Not Available,156140.39215686274,3.09,,Government Autonomous,Yes,Yes,www.cusat.ac.in,Civil Engineering,68.77192156862745,80.9,76.0,Affordable,Excellent,Not Ranked
Amal Jyothi College of Engineering,CIVIL ENGINEERING,Koovappally,Kerala,"APJ Abdul Kalam Technological University, Thiruvananthapuram",263954.54545454547,0.0,,Private,Yes,Yes,www.amaljyothi. ac.in,Civil Engineering,47.209090909090904,86.7,70.9,Moderate,Excellent,Not Ranked
Government College of Engineering,COMPUTER SCIENCE,Aurangabad,Maharashtra,"Dr Babasaheb Ambedkar Marathwada University, Aurangabad",199963.0434782609,0.0,,Government,No,No,www.gec.ac.in,Computer Science & IT,60.00739130434782,33.3,44.0,Affordable,Below Average,Not Ranked
TKM College of Engineering,COMPUTER SCIENCE AND ENGINEERING,Kollam,Kerala,"APJ Abdul Kalam Technological University, Thiruvananthapuram",40370.52631578947,3.11,,Government,Yes,Yes,www.tkmce.ac.in,Computer Science & IT,100.0,74.4,84.6,Budget-Friendly,Good,Not Ranked
Rajiv Gandhi Institute of Technology,COMPUTER SCIENCE AND ENGINEERING,Kottayam,Kerala,"APJ Abdul Kalam Technological University, Thiruvananthapuram",25640.666666666668,0.0,,Government,Yes,Yes,www.rit.ac.in,Computer Science & IT,100.0,86.7,92.0,Budget-Friendly,Excellent,Not Ranked
Saintgits College of Engineering,COMPUTER SCIENCE AND ENGINEERING,Pathamuttam,Kerala,"APJ Abdul Kalam Technological University, Thiruvananthapuram",310625.0,0.0,,Private,Yes,Yes,www.saintgits.or g,Computer Science & IT,38.9375,86.7,67.6,Premium,Excellent,Not Ranked
Mar Baselios College of Engineering and Technology,COMPUTER SCIENCE AND ENGINEERING,Thiruvananthapuram,Kerala,"APJ Abdul Kalam Technological University, Thiruvananthapuram",318666.6666666667,3.13,,Private,Yes,Yes,www.mbcet.ac.in,Computer Science & IT,38.13333333333333,74.6,60.0,Premium,Good,Not Ranked
Vidya Academy of Science and Technology,COMPUTER SCIENCE AND ENGINEERING,Thrissur,Kerala,"APJ Abdul Kalam Technological University, Thiruvananthapuram",317111.1111111111,0.0,,Private,Yes,Yes,www.vidyaacade my.ac.,Computer Science & IT,38.288888888888884,86.7,67.3,Premium,Excellent,Not Ranked
Vimal Jyothi Engineering College,COMPUTER SCIENCE AND ENGINEERING,Kannur,Kerala,"APJ Abdul Kalam Technological University, Thiruvananthapuram",271000.0,0.0,,Private,Yes,Yes,www.vjec.ac.in,Computer Science & IT,45.8,86.7,70.3,Moderate,Excellent,Not Ranked
Cochin University of Science and Technology,COMPUTER SCIENCE AND ENGINEERING,Kochi,Kerala,Not Available,156140.39215686274,3.09,,Government Autonomous,Yes,Yes,www.cusat.ac.in,Computer Science & IT,68.77192156862745,80.9,76.0,Affordable,Excellent,Not Ranked
Amal Jyothi College of Engineering,COMPUTER SCIENCE AND ENGINEERING,Koovappally,Kerala,"APJ Abdul Kalam Technological University, Thiruvananthapuram",263954.54545454547,0.0,,Private,Yes,Yes,www.amaljyothi. ac.in,Computer Science & IT,47.209090909090904,86.7,70.9,Moderate,Excellent,Not Ranked
Saintgits College of Engineering,ELECTRICAL AND ELECTRONICS ENGINEERING,Pathamuttam,Kerala,"APJ Abdul Kalam Technological University, Thiruvananthapuram",310625.0,0.0,,Private,Yes,Yes,www.saintgits.or g,Electronics & Communication,38.9375,86.7,67.6,Premium,Excellent,Not Ranked
Government College of Engineering,ELECTRICAL AND ELECTRONICS ENGINEERING,Aurangabad,Maharashtra,"Dr Babasaheb Ambedkar Marathwada University, Aurangabad",199963.0434782609,0.0,,Government,No,No,www.gec.ac.in,Electronics & Communication,60.00739130434782,33.3,44.0,Affordable,Below Average,Not Ranked
Vimal Jyothi Engineering College,ELECTRICAL AND ELECTRONICS ENGINEERING,Kannur,Kerala,"APJ Abdul Kalam Technological University, Thiruvananthapuram",271000.0,0.0,,Private,Yes,Yes,www.vjec.ac.in,Electronics & Communication,45.8,86.7,70.3,Moderate,Excellent,Not Ranked
Cochin University of Science and Technology,ELECTRICAL AND ELECTRONICS ENGINEERING,Kochi,Kerala,Not Available,156140.39215686274,3.09,,Government Autonomous,Yes,Yes,www.cusat.ac.in,Electronics & Communication,68.77192156862745,80.9,76.0,Affordable,Excellent,Not Ranked
Rajiv Gandhi Institute of Technology,ELECTRICAL AND ELECTRONICS ENGINEERING,Kottayam,Kerala,"APJ Abdul Kalam Technological University, Thiruvananthapuram",25640.666666666668,0.0,,Government,Yes,Yes,www.rit.ac.in,Electronics & Communication,100.0,86.7,92.0,Budget-Friendly,Excellent,Not Ranked
Amal Jyothi College of Engineering,ELECTRICAL AND ELECTRONICS ENGINEERING,Koovappally,Kerala,"APJ Abdul Kalam Technological University, Thiruvananthapuram",263954.54545454547,0.0,,Private,Yes,Yes,www.amaljyothi. ac.in,Electronics & Communication,47.209090909090904,86.7,70.9,Moderate,Excellent,Not Ranked
Mar Baselios College of Engineering and Technology,ELECTRICAL AND ELECTRONICS ENGINEERING,Thiruvananthapuram,Kerala,"APJ Abdul Kalam Technological University, Thiruvananthapuram",318666.6666666667,3.13,,Private,Yes,Yes,www.mbcet.ac.in,Electronics & Communication,38.13333333333333,74.6,60.0,Premium,Good,Not Ranked
TKM College of Engineering,ELECTRICAL AND ELECTRONICS ENGINEERING,Kollam,Kerala,"APJ Abdul Kalam Technological University, Thiruvananthapuram",40370.52631578947,3.11,,Government,Yes,Yes,www.tkmce.ac.in,Electronics & Communication,100.0,74.4,84.6,Budget-Friendly,Good,Not Ranked
Vidya Academy of Science and Technology,ELECTRICAL AND ELECTRONICS ENGINEERING,Thrissur,Kerala,"APJ Abdul Kalam Technological University, Thiruvananthapuram",317111.1111111111,0.0,,Private,Yes,Yes,www.vidyaacade my.ac.,Electronics & Communication,38.288888888888884,86.7,67.3,Premium,Excellent,Not Ranked
Rajiv Gandhi Institute of Technology,ELECTRONICS & COMMUNICATION ENGG,Kottayam,Kerala,"APJ Abdul Kalam Technological University, Thiruvananthapuram",25640.666666666668,0.0,,Government,Yes,Yes,www.rit.ac.in,Electronics & Communication,100.0,86.7,92.0,Budget-Friendly,Excellent,Not Ranked
Mar Baselios College of Engineering and Technology,ELECTRONICS & COMMUNICATION ENGG,Thiruvananthapuram,Kerala,"APJ Abdul Kalam Technological University, Thiruvananthapuram",318666.6666666667,3.13,,Private,Yes,Yes,www.mbcet.ac.in,Electronics & Communication,38.13333333333333,74.6,60.0,Premium,Good,Not Ranked
TKM College of Engineering,ELECTRONICS & COMMUNICATION ENGG,Kollam,Kerala,"APJ Abdul Kalam Technological University, Thiruvananthapuram",40370.52631578947,3.11,,Government,Yes,Yes,www.tkmce.ac.in,Electronics & Communication,100.0,74.4,84.6,Budget-Friendly,Good,Not Ranked
Vidya Academy of Science and Technology,ELECTRONICS & COMMUNICATION ENGG,Thrissur,Kerala,"APJ Abdul Kalam Technological University, Thiruvananthapuram",317111.1111111111,0.0,,Private,Yes,Yes,www.vidyaacade my.ac.,Electronics & Communication,38.288888888888884,86.7,67.3,Premium,Excellent,Not Ranked
Amal Jyothi College of Engineering,ELECTRONICS & COMMUNICATION ENGG,Koovappally,Kerala,"APJ Abdul Kalam Technological University, Thiruvananthapuram",263954.54545454547,0.0,,Private,Yes,Yes,www.amaljyothi. ac.in,Electronics & Communication,47.209090909090904,86.7,70.9,Moderate,Excellent,Not Ranked
Vimal Jyothi Engineering College,ELECTRONICS AND COMMUNICATION ENGINEERING,Kannur,Kerala,"APJ Abdul Kalam Technological University, Thiruvananthapuram",271000.0,0.0,,Private,Yes,Yes,www.vjec.ac.in,Electronics & Communication,45.8,86.7,70.3,Moderate,Excellent,Not Ranked
Saintgits College of Engineering,ELECTRONICS AND COMMUNICATIONS ENGINEERING,Pathamuttam,Kerala,"APJ Abdul Kalam Technological University, Thiruvananthapuram",310625.0,0.0,,Private,Yes,Yes,www.saintgits.or g,Electronics & Communication,38.9375,86.7,67.6,Premium,Excellent,Not Ranked
Government College of Engineering,ELECTRONICS AND COMMUNICATIONS ENGINEERING,Aurangabad,Maharashtra,"Dr Babasaheb Ambedkar Marathwada University, Aurangabad",199963.0434782609,0.0,,Government,No,No,www.gec.ac.in,Electronics & Communication,60.00739130434782,33.3,44.0,Affordable,Below Average,Not Ranked
Cochin University of Science and Technology,ELECTRONICS AND COMMUNICATIONS ENGINEERING,Kochi,Kerala,Not Available,156140.39215686274,3.09,,Government Autonomous,Yes,Yes,www.cusat.ac.in,Electronics & Communication,68.77192156862745,80.9,76.0,Affordable,Excellent,Not Ranked
Amal Jyothi College of Engineering,FOOD ENGINEERING AND TECHNOLOGY,Koovappally,Kerala,"APJ Abdul Kalam Technological University, Thiruvananthapuram",263954.54545454547,0.0,,Private,Yes,Yes,www.amaljyothi. ac.in,Agriculture & Food Tech,47.209090909090904,86.7,70.9,Moderate,Excellent,Not Ranked
Saintgits College of Engineering,FOOD TECHNOLOGY,Pathamuttam,Kerala,"APJ Abdul Kalam Technological University, Thiruvananthapuram",310625.0,0.0,,Private,Yes,Yes,www.saintgits.or g,Agriculture & Food Tech,38.9375,86.7,67.6,Premium,Excellent,Not Ranked
Amal Jyothi College of Engineering,INFORMATION TECHNOLOGY,Koovappally,Kerala,"APJ Abdul Kalam Technological University, Thiruvananthapuram",263954.54545454547,0.0,,Private,Yes,Yes,www.amaljyothi. ac.in,Computer Science & IT,47.209090909090904,86.7,70.9,Moderate,Excellent,Not Ranked
Cochin University of Science and Technology,INFORMATION TECHNOLOGY,Kochi,Kerala,Not Available,156140.39215686274,3.09,,Government Autonomous,Yes,Yes,www.cusat.ac.in,Computer Science & IT,68.77192156862745,80.9,76.0,Affordable,Excellent,Not Ranked
Cochin University of Science and Technology,INSTRUMENTATION TECHNOLOGY,Kochi,Kerala,Not Available,156140.39215686274,3.09,,Government Autonomous,Yes,Yes,www.cusat.ac.in,Other Engineering,68.77192156862745,80.9,76.0,Affordable,Excellent,Not Ranked
Cochin University of Science and Technology,MARINE ENGINEERING,Kochi,Kerala,Not Available,156140.39215686274,3.09,,Government Autonomous,Yes,Yes,www.cusat.ac.in,Other Engineering,68.77192156862745,80.9,76.0,Affordable,Excellent,Not Ranked
Government College of Engineering,MECHANICAL ENGINEERING,Aurangabad,Maharashtra,"Dr Babasaheb Ambedkar Marathwada University, Aurangabad",199963.0434782609,0.0,,Government,No,No,www.gec.ac.in,Mechanical Engineering,60.00739130434782,33.3,44.0,Affordable,Below Average,Not Ranked
Rajiv Gandhi Institute of Technology,MECHANICAL ENGINEERING,Kottayam,Kerala,"APJ Abdul Kalam Technological University, Thiruvananthapuram",25640.666666666668,0.0,,Government,Yes,Yes,www.rit.ac.in,Mechanical Engineering,100.0,86.7,92.0,Budget-Friendly,Excellent,Not Ranked
Saintgits College of Engineering,MECHANICAL ENGINEERING,Pathamuttam,Kerala,"APJ Abdul Kalam Technological University, Thiruvananthapuram",310625.0,0.0,,Private,Yes,Yes,www.saintgits.or g,Mechanical Engineering,38.9375,86.7,67.6,Premium,Excellent,Not Ranked
Mar Baselios College of Engineering and Technology,MECHANICAL ENGINEERING,Thiruvananthapuram,Kerala,"APJ Abdul Kalam Technological University, Thiruvananthapuram",318666.6666666667,3.13,,Private,Yes,Yes,www.mbcet.ac.in,Mechanical Engineering,38.13333333333333,74.6,60.0,Premium,Good,Not Ranked
TKM College of Engineering,MECHANICAL ENGINEERING,Kollam,Kerala,"APJ Abdul Kalam Technological University, Thiruvananthapuram",40370.52631578947,3.11,,Government,Yes,Yes,www.tkmce.ac.in,Mechanical Engineering,100.0,74.4,84.6,Budget-Friendly,Good,Not Ranked
Vidya Academy of Science and Technology,MECHANICAL ENGINEERING,Thrissur,Kerala,"APJ Abdul Kalam Technological University, Thiruvananthapuram",317111.1111111111,0.0,,Private,Yes,Yes,www.vidyaacade my.ac.,Mechanical Engineering,38.288888888888884,86.7,67.3,Premium,Excellent,Not Ranked
Vimal Jyothi Engineering College,MECHANICAL ENGINEERING,Kannur,Kerala,"APJ Abdul Kalam Technological University, Thiruvananthapuram",271000.0,0.0,,Private,Yes,Yes,www.vjec.ac.in,Mechanical Engineering,45.8,86.7,70.3,Moderate,Excellent,Not Ranked
Cochin University of Science and Technology,MECHANICAL ENGINEERING,Kochi,Kerala,Not Available,156140.39215686274,3.09,,Government Autonomous,Yes,Yes,www.cusat.ac.in,Mechanical Engineering,68.77192156862745,80.9,76.0,Affordable,Excellent,Not Ranked
Amal Jyothi College of Engineering,MECHANICAL ENGINEERING,Koovappally,Kerala,"APJ Abdul Kalam Technological University, Thiruvananthapuram",263954.54545454547,0.0,,Private,Yes,Yes,www.amaljyothi. ac.in,Mechanical Engineering,47.209090909090904,86.7,70.9,Moderate,Excellent,Not Ranked
Amal Jyothi College of Engineering,MECHANICAL ENGINEERING AUTOMOBILE,Koovappally,Kerala,"APJ Abdul Kalam Technological University, Thiruvananthapuram",263954.54545454547,0.0,,Private,Yes,Yes,www.amaljyothi. ac.in,Mechanical Engineering,47.209090909090904,86.7,70.9,Moderate,Excellent,Not Ranked
Amal Jyothi College of Engineering,METALLURGICAL AND MATERIALS ENGINEERING,Koovappally,Kerala,"APJ Abdul Kalam Technological University, Thiruvananthapuram",263954.54545454547,0.0,,Private,Yes,Yes,www.amaljyothi. ac.in,Mining & Metallurgy,47.209090909090904,86.7,70.9,Moderate,Excellent,Not Ranked
TKM College of Engineering,PRODUCTION ENGINEERING,Kollam,Kerala,"APJ Abdul Kalam Technological University, Thiruvananthapuram",40370.52631578947,3.11,,Government,Yes,Yes,www.tkmce.ac.in,Mechanical Engineering,100.0,74.4,84.6,Budget-Friendly,Good,Not Ranked
Vidya Academy of Science and Technology,PRODUCTION ENGINEERING,Thrissur,Kerala,"APJ Abdul Kalam Technological University, Thiruvananthapuram",317111.1111111111,0.0,,Private,Yes,Yes,www.vidyaacade my.ac.,Mechanical Engineering,38.288888888888884,86.7,67.3,Premium,Excellent,Not Ranked
Saintgits College of Engineering,ROBOTICS AND AUTOMATION,Pathamuttam,Kerala,"APJ Abdul Kalam Technological University, Thiruvananthapuram",310625.0,0.0,,Private,Yes,Yes,www.saintgits.or g,Mechanical Engineering,38.9375,86.7,67.6,Premium,Excellent,Not Ranked
Cochin University of Science and Technology,SAFETY AND FIRE ENGINEERING,Kochi,Kerala,Not Available,156140.39215686274,3.09,,Government Autonomous,Yes,Yes,www.cusat.ac.in,Other Engineering,68.77192156862745,80.9,76.0,Affordable,Excellent,Not Ranked
Indore Institute of Science and Technology,CHEMICAL ENGINEERING,Indore,Madhya Pradesh,"Rajiv Gandhi Proudyogiki Vishwavidyalaya, Bhopal",200000.0,0.0,,Private,Not Available,Not Available,-,Chemical & Biotechnology,60.0,20.0,36.0,Affordable,Below Average,Not Ranked
Indore Institute of Science and Technology,CIVIL ENGINEERING,Indore,Madhya Pradesh,"Rajiv Gandhi Proudyogiki Vishwavidyalaya, Bhopal",200000.0,0.0,,Private,Not Available,Not Available,-,Civil Engineering,60.0,20.0,36.0,Affordable,Below Average,Not Ranked
Indore Institute of Science and Technology,COMPUTER SCIENCE AND ENGINEERING,Indore,Madhya Pradesh,"Rajiv Gandhi Proudyogiki Vishwavidyalaya, Bhopal",200000.0,0.0,,Private,Not Available,Not Available,-,Computer Science & IT,60.0,20.0,36.0,Affordable,Below Average,Not Ranked
Indore Institute of Science and Technology,ELECTRONICS AND COMMUNICATIONS ENGINEERING,Indore,Madhya Pradesh,"Rajiv Gandhi Proudyogiki Vishwavidyalaya, Bhopal",200000.0,0.0,,Private,Not Available,Not Available,-,Electronics & Communication,60.0,20.0,36.0,Affordable,Below Average,Not Ranked
Indore Institute of Science and Technology,INFORMATION TECHNOLOGY,Indore,Madhya Pradesh,"Rajiv Gandhi Proudyogiki Vishwavidyalaya, Bhopal",200000.0,0.0,,Private,Not Available,Not Available,-,Computer Science & IT,60.0,20.0,36.0,Affordable,Below Average,Not Ranked
Indore Institute of Science and Technology,MECHANICAL ENGINEERING,Indore,Madhya Pradesh,"Rajiv Gandhi Proudyogiki Vishwavidyalaya, Bhopal",200000.0,0.0,,Private,Not Available,Not Available,-,Mechanical Engineering,60.0,20.0,36.0,Affordable,Below Average,Not Ranked
Oriental Institute of Science and Technology,AUTOMOBILE ENGINEERING,Bhopal,Madhya Pradesh,"Rajiv Gandhi Proudyogiki Vishwavidyalaya, Bhopal",213933.3333333333,0.0,,Private,No,No,www.oistbpl.com,Mechanical Engineering,57.21333333333334,20.0,34.9,Moderate,Below Average,Not Ranked
Rustamji Institute of Technology,AUTOMOBILE ENGINEERING,Gwalior,Madhya Pradesh,"Rajiv Gandhi Proudyogiki Vishwavidyalaya, Bhopal",234700.0,0.0,,Private,No,No,www.rjit.org,Mechanical Engineering,53.06,20.0,33.2,Moderate,Below Average,Not Ranked
University Institute of Technology,AUTOMOBILE ENGINEERING,Burdwan,West Bengal,"University of Burdwan, Bardhaman",207825.0,0.0,,Government,No,No,www.rgpv.ac.in,Mechanical Engineering,58.435,33.3,43.4,Moderate,Below Average,Not Ranked
Madhira Institute of Technology and Science,AUTOMOBILE ENGINEERING,Seethalathanda,Telangana,"Jawaharlal Nehru Technological University, Hyderabad",112294.11764705884,0.0,,"Private -
 Autonomous",No,No,"www.medicaps.a
 c.in",Mechanical Engineering,77.54117647058823,20.0,43.0,Affordable,Below Average,Not Ranked
University Institute of Technology,CIVIL ENGINEERING,Burdwan,West Bengal,"University of Burdwan, Bardhaman",207825.0,0.0,,Government,No,No,www.rgpv.ac.in,Civil Engineering,58.435,33.3,43.4,Moderate,Below Average,Not Ranked
Oriental Institute of Science and Technology,CIVIL ENGINEERING,Bhopal,Madhya Pradesh,"Rajiv Gandhi Proudyogiki Vishwavidyalaya, Bhopal",213933.3333333333,0.0,,Private,No,No,www.oistbpl.com,Civil Engineering,57.21333333333334,20.0,34.9,Moderate,Below Average,Not Ranked
Technocrats Institute of Technology Excellence,CIVIL ENGINEERING,Bhopal,Madhya Pradesh,"Rajiv Gandhi Proudyogiki Vishwavidyalaya, Bhopal",210000.0,0.0,,Private,No,No,www.titbhopal.n et,Civil Engineering,58.0,20.0,35.2,Moderate,Below Average,Not Ranked
Gyan Ganga Institute of Technology and Sciences,CIVIL ENGINEERING,Jabalpur,Madhya Pradesh,"Rajiv Gandhi Proudyogiki Vishwavidyalaya, Bhopal",173333.33333333334,0.0,,Private,No,No,www.ggits.org,Civil Engineering,65.33333333333333,20.0,38.1,Affordable,Below Average,Not Ranked
Sagar Institute of Research and Technology,CIVIL ENGINEERING,Bhopal,Madhya Pradesh,"Rajiv Gandhi Proudyogiki Vishwavidyalaya, Bhopal",206083.3333333333,0.0,,Private,No,No,www.sirtbhopal.a c.in,Civil Engineering,58.78333333333334,20.0,35.5,Moderate,Below Average,Not Ranked
Shri Ram Institute of Technology,CIVIL ENGINEERING,Jabalpur,Madhya Pradesh,"Rajiv Gandhi Proudyogiki Vishwavidyalaya, Bhopal",156300.0,0.0,,Private,No,No,www.sritgroup.n et,Civil Engineering,68.74000000000001,20.0,39.5,Affordable,Below Average,Not Ranked
Shri Ram Institute of Technology,CIVIL ENGINEERING,Jabalpur,Madhya Pradesh,"Rajiv Gandhi Proudyogiki Vishwavidyalaya, Bhopal",156300.0,0.0,,Private,No,No,www.sritgroup.n et,Civil Engineering,68.74000000000001,20.0,39.5,Affordable,Below Average,Not Ranked
Technocrats Institute of Technology,CIVIL ENGINEERING,Bhopal,Madhya Pradesh,"Rajiv Gandhi Proudyogiki Vishwavidyalaya, Bhopal",216466.66666666663,0.0,,Private,No,No,www.titbhopal.n et,Civil Engineering,56.70666666666668,20.0,34.7,Moderate,Below Average,Not Ranked
Madhira Institute of Technology and Science,CIVIL ENGINEERING,Seethalathanda,Telangana,"Jawaharlal Nehru Technological University, Hyderabad",112294.11764705884,0.0,,"Private -
 Autonomous",No,No,"www.medicaps.a
 c.in",Civil Engineering,77.54117647058823,20.0,43.0,Affordable,Below Average,Not Ranked
Shri Ram Institute of Technology,COMPUTER SCIENCE,Jabalpur,Madhya Pradesh,"Rajiv Gandhi Proudyogiki Vishwavidyalaya, Bhopal",156300.0,0.0,,Private,No,No,www.sritgroup.n et,Computer Science & IT,68.74000000000001,20.0,39.5,Affordable,Below Average,Not Ranked
Rustamji Institute of Technology,COMPUTER SCIENCE & ENGINEERING,Gwalior,Madhya Pradesh,"Rajiv Gandhi Proudyogiki Vishwavidyalaya, Bhopal",234700.0,0.0,,Private,No,No,www.rjit.org,Computer Science & IT,53.06,20.0,33.2,Moderate,Below Average,Not Ranked
Shri Ram Institute of Technology,COMPUTER SCIENCE & ENGINEERING,Jabalpur,Madhya Pradesh,"Rajiv Gandhi Proudyogiki Vishwavidyalaya, Bhopal",156300.0,0.0,,Private,No,No,www.sritgroup.n et,Computer Science & IT,68.74000000000001,20.0,39.5,Affordable,Below Average,Not Ranked
Oriental Institute of Science and Technology,COMPUTER SCIENCE AND ENGINEERING,Bhopal,Madhya Pradesh,"Rajiv Gandhi Proudyogiki Vishwavidyalaya, Bhopal",213933.3333333333,0.0,,Private,No,No,www.oistbpl.com,Computer Science & IT,57.21333333333334,20.0,34.9,Moderate,Below Average,Not Ranked
Apex Institute of Management and Technology,COMPUTER SCIENCE AND ENGINEERING,Bahlolpur Viran,Haryana,"Kurukshetra University, Kurukshetra",172200.0,0.0,,"Private -
 Autonomous",No,No,"www.medicaps.a
 c.in",Computer Science & IT,65.56,20.0,38.2,Affordable,Below Average,Not Ranked
University Institute of Technology,COMPUTER SCIENCE AND ENGINEERING,Burdwan,West Bengal,"University of Burdwan, Bardhaman",207825.0,0.0,,Government,No,No,www.rgpv.ac.in,Computer Science & IT,58.435,33.3,43.4,Moderate,Below Average,Not Ranked
Technocrats Institute of Technology,COMPUTER SCIENCE AND ENGINEERING,Bhopal,Madhya Pradesh,"Rajiv Gandhi Proudyogiki Vishwavidyalaya, Bhopal",216466.66666666663,0.0,,Private,No,No,www.titbhopal.n et,Computer Science & IT,56.70666666666668,20.0,34.7,Moderate,Below Average,Not Ranked
Technocrats Institute of Technology Excellence,COMPUTER SCIENCE AND ENGINEERING,Bhopal,Madhya Pradesh,"Rajiv Gandhi Proudyogiki Vishwavidyalaya, Bhopal",210000.0,0.0,,Private,No,No,www.titbhopal.n et,Computer Science & IT,58.0,20.0,35.2,Moderate,Below Average,Not Ranked
Gyan Ganga Institute of Technology and Sciences,COMPUTER SCIENCE AND ENGINEERING,Jabalpur,Madhya Pradesh,"Rajiv Gandhi Proudyogiki Vishwavidyalaya, Bhopal",173333.33333333334,0.0,,Private,No,No,www.ggits.org,Computer Science & IT,65.33333333333333,20.0,38.1,Affordable,Below Average,Not Ranked
Sagar Institute of Research and Technology,COMPUTER SCIENCE AND ENGINEERING,Bhopal,Madhya Pradesh,"Rajiv Gandhi Proudyogiki Vishwavidyalaya, Bhopal",206083.3333333333,0.0,,Private,No,No,www.sirtbhopal.a c.in,Computer Science & IT,58.78333333333334,20.0,35.5,Moderate,Below Average,Not Ranked
Madhira Institute of Technology and Science,COMPUTER SCIENCE AND ENGINEERING,Seethalathanda,Telangana,"Jawaharlal Nehru Technological University, Hyderabad",112294.11764705884,0.0,,"Private -
 Autonomous",No,No,"www.medicaps.a
 c.in",Computer Science & IT,77.54117647058823,20.0,43.0,Affordable,Below Average,Not Ranked
Gyan Ganga Institute of Technology and Sciences,ELECTRICAL AND ELECTRONICS ENGINEERING,Jabalpur,Madhya Pradesh,"Rajiv Gandhi Proudyogiki Vishwavidyalaya, Bhopal",173333.33333333334,0.0,,Private,No,No,www.ggits.org,Electronics & Communication,65.33333333333333,20.0,38.1,Affordable,Below Average,Not Ranked
Apex Institute of Management and Technology,ELECTRICAL AND ELECTRONICS ENGINEERING,Bahlolpur Viran,Haryana,"Kurukshetra University, Kurukshetra",172200.0,0.0,,"Private -
 Autonomous",No,No,"www.medicaps.a
 c.in",Electronics & Communication,65.56,20.0,38.2,Affordable,Below Average,Not Ranked
Sagar Institute of Research and Technology,ELECTRICAL AND ELECTRONICS ENGINEERING,Bhopal,Madhya Pradesh,"Rajiv Gandhi Proudyogiki Vishwavidyalaya, Bhopal",206083.3333333333,0.0,,Private,No,No,www.sirtbhopal.a c.in,Electronics & Communication,58.78333333333334,20.0,35.5,Moderate,Below Average,Not Ranked
Shri Ram Institute of Technology,ELECTRICAL AND ELECTRONICS ENGINEERING,Jabalpur,Madhya Pradesh,"Rajiv Gandhi Proudyogiki Vishwavidyalaya, Bhopal",156300.0,0.0,,Private,No,No,www.sritgroup.n et,Electronics & Communication,68.74000000000001,20.0,39.5,Affordable,Below Average,Not Ranked
University Institute of Technology,ELECTRICAL AND ELECTRONICS ENGINEERING,Burdwan,West Bengal,"University of Burdwan, Bardhaman",207825.0,0.0,,Government,No,No,www.rgpv.ac.in,Electronics & Communication,58.435,33.3,43.4,Moderate,Below Average,Not Ranked
Technocrats Institute of Technology,ELECTRICAL AND ELECTRONICS ENGINEERING,Bhopal,Madhya Pradesh,"Rajiv Gandhi Proudyogiki Vishwavidyalaya, Bhopal",216466.66666666663,0.0,,Private,No,No,www.titbhopal.n et,Electronics & Communication,56.70666666666668,20.0,34.7,Moderate,Below Average,Not Ranked
Oriental Institute of Science and Technology,ELECTRICAL AND ELECTRONICS ENGINEERING,Bhopal,Madhya Pradesh,"Rajiv Gandhi Proudyogiki Vishwavidyalaya, Bhopal",213933.3333333333,0.0,,Private,No,No,www.oistbpl.com,Electronics & Communication,57.21333333333334,20.0,34.9,Moderate,Below Average,Not Ranked
Gyan Ganga Institute of Technology and Sciences,ELECTRICAL ENGINEERING,Jabalpur,Madhya Pradesh,"Rajiv Gandhi Proudyogiki Vishwavidyalaya, Bhopal",173333.33333333334,0.0,,Private,No,No,www.ggits.org,Electrical & Power,65.33333333333333,20.0,38.1,Affordable,Below Average,Not Ranked
Shri Ram Institute of Technology,ELECTRICAL ENGINEERING,Jabalpur,Madhya Pradesh,"Rajiv Gandhi Proudyogiki Vishwavidyalaya, Bhopal",156300.0,0.0,,Private,No,No,www.sritgroup.n et,Electrical & Power,68.74000000000001,20.0,39.5,Affordable,Below Average,Not Ranked
Rustamji Institute of Technology,ELECTRICAL ENGINEERING,Gwalior,Madhya Pradesh,"Rajiv Gandhi Proudyogiki Vishwavidyalaya, Bhopal",234700.0,0.0,,Private,No,No,www.rjit.org,Electrical & Power,53.06,20.0,33.2,Moderate,Below Average,Not Ranked
Technocrats Institute of Technology Excellence,ELECTRICAL ENGINEERING,Bhopal,Madhya Pradesh,"Rajiv Gandhi Proudyogiki Vishwavidyalaya, Bhopal",210000.0,0.0,,Private,No,No,www.titbhopal.n et,Electrical & Power,58.0,20.0,35.2,Moderate,Below Average,Not Ranked
Technocrats Institute of Technology Excellence,ELECTRONICS & COMMUNICATION ENGG,Bhopal,Madhya Pradesh,"Rajiv Gandhi Proudyogiki Vishwavidyalaya, Bhopal",210000.0,0.0,,Private,No,No,www.titbhopal.n et,Electronics & Communication,58.0,20.0,35.2,Moderate,Below Average,Not Ranked
Shri Ram Institute of Technology,ELECTRONICS & COMMUNICATION ENGG,Jabalpur,Madhya Pradesh,"Rajiv Gandhi Proudyogiki Vishwavidyalaya, Bhopal",156300.0,0.0,,Private,No,No,www.sritgroup.n et,Electronics & Communication,68.74000000000001,20.0,39.5,Affordable,Below Average,Not Ranked
University Institute of Technology,ELECTRONICS & COMMUNICATION ENGG,Burdwan,West Bengal,"University of Burdwan, Bardhaman",207825.0,0.0,,Government,No,No,www.rgpv.ac.in,Electronics & Communication,58.435,33.3,43.4,Moderate,Below Average,Not Ranked
Technocrats Institute of Technology,ELECTRONICS & COMMUNICATION ENGG,Bhopal,Madhya Pradesh,"Rajiv Gandhi Proudyogiki Vishwavidyalaya, Bhopal",216466.66666666663,0.0,,Private,No,No,www.titbhopal.n et,Electronics & Communication,56.70666666666668,20.0,34.7,Moderate,Below Average,Not Ranked
Gyan Ganga Institute of Technology and Sciences,ELECTRONICS & COMMUNICATION ENGG,Jabalpur,Madhya Pradesh,"Rajiv Gandhi Proudyogiki Vishwavidyalaya, Bhopal",173333.33333333334,0.0,,Private,No,No,www.ggits.org,Electronics & Communication,65.33333333333333,20.0,38.1,Affordable,Below Average,Not Ranked
Sagar Institute of Research and Technology,ELECTRONICS & COMMUNICATION ENGG,Bhopal,Madhya Pradesh,"Rajiv Gandhi Proudyogiki Vishwavidyalaya, Bhopal",206083.3333333333,0.0,,Private,No,No,www.sirtbhopal.a c.in,Electronics & Communication,58.78333333333334,20.0,35.5,Moderate,Below Average,Not Ranked
Madhira Institute of Technology and Science,ELECTRONICS AND COMMUNICATIONS ENGINEERING,Seethalathanda,Telangana,"Jawaharlal Nehru Technological University, Hyderabad",112294.11764705884,0.0,,"Private -
 Autonomous",No,No,"www.medicaps.a
 c.in",Electronics & Communication,77.54117647058823,20.0,43.0,Affordable,Below Average,Not Ranked
Oriental Institute of Science and Technology,ELECTRONICS AND COMMUNICATIONS ENGINEERING,Bhopal,Madhya Pradesh,"Rajiv Gandhi Proudyogiki Vishwavidyalaya, Bhopal",213933.3333333333,0.0,,Private,No,No,www.oistbpl.com,Electronics & Communication,57.21333333333334,20.0,34.9,Moderate,Below Average,Not Ranked
Shri Ram Institute of Technology,ELECTRONICS AND COMMUNICATIONS ENGINEERING,Jabalpur,Madhya Pradesh,"Rajiv Gandhi Proudyogiki Vishwavidyalaya, Bhopal",156300.0,0.0,,Private,No,No,www.sritgroup.n et,Electronics & Communication,68.74000000000001,20.0,39.5,Affordable,Below Average,Not Ranked
Apex Institute of Management and Technology,ELECTRONICS AND COMMUNICATIONS ENGINEERING,Bahlolpur Viran,Haryana,"Kurukshetra University, Kurukshetra",172200.0,0.0,,"Private -
 Autonomous",No,No,"www.medicaps.a
 c.in",Electronics & Communication,65.56,20.0,38.2,Affordable,Below Average,Not Ranked
Apex Institute of Management and Technology,ELECTRONICS AND INSTRUMENTATION ENGINEERING,Bahlolpur Viran,Haryana,"Kurukshetra University, Kurukshetra",172200.0,0.0,,"Private -
 Autonomous",No,No,"www.medicaps.a
 c.in",Electronics & Communication,65.56,20.0,38.2,Affordable,Below Average,Not Ranked
Rustamji Institute of Technology,ELECTRONICS ENGINEERING,Gwalior,Madhya Pradesh,"Rajiv Gandhi Proudyogiki Vishwavidyalaya, Bhopal",234700.0,0.0,,Private,No,No,www.rjit.org,Electronics & Communication,53.06,20.0,33.2,Moderate,Below Average,Not Ranked
Gyan Ganga Institute of Technology and Sciences,INFORMATION TECHNOLOGY,Jabalpur,Madhya Pradesh,"Rajiv Gandhi Proudyogiki Vishwavidyalaya, Bhopal",173333.33333333334,0.0,,Private,No,No,www.ggits.org,Computer Science & IT,65.33333333333333,20.0,38.1,Affordable,Below Average,Not Ranked
Apex Institute of Management and Technology,INFORMATION TECHNOLOGY,Bahlolpur Viran,Haryana,"Kurukshetra University, Kurukshetra",172200.0,0.0,,"Private -
 Autonomous",No,No,"www.medicaps.a
 c.in",Computer Science & IT,65.56,20.0,38.2,Affordable,Below Average,Not Ranked
Sagar Institute of Research and Technology,INFORMATION TECHNOLOGY,Bhopal,Madhya Pradesh,"Rajiv Gandhi Proudyogiki Vishwavidyalaya, Bhopal",206083.3333333333,0.0,,Private,No,No,www.sirtbhopal.a c.in,Computer Science & IT,58.78333333333334,20.0,35.5,Moderate,Below Average,Not Ranked
Rustamji Institute of Technology,INFORMATION TECHNOLOGY,Gwalior,Madhya Pradesh,"Rajiv Gandhi Proudyogiki Vishwavidyalaya, Bhopal",234700.0,0.0,,Private,No,No,www.rjit.org,Computer Science & IT,53.06,20.0,33.2,Moderate,Below Average,Not Ranked
University Institute of Technology,INFORMATION TECHNOLOGY,Burdwan,West Bengal,"University of Burdwan, Bardhaman",207825.0,0.0,,Government,No,No,www.rgpv.ac.in,Computer Science & IT,58.435,33.3,43.4,Moderate,Below Average,Not Ranked
Madhira Institute of Technology and Science,INFORMATION TECHNOLOGY,Seethalathanda,Telangana,"Jawaharlal Nehru Technological University, Hyderabad",112294.11764705884,0.0,,"Private -
 Autonomous",No,No,"www.medicaps.a
 c.in",Computer Science & IT,77.54117647058823,20.0,43.0,Affordable,Below Average,Not Ranked
Oriental Institute of Science and Technology,INFORMATION TECHNOLOGY,Bhopal,Madhya Pradesh,"Rajiv Gandhi Proudyogiki Vishwavidyalaya, Bhopal",213933.3333333333,0.0,,Private,No,No,www.oistbpl.com,Computer Science & IT,57.21333333333334,20.0,34.9,Moderate,Below Average,Not Ranked
Shri Ram Institute of Technology,INFORMATION TECHNOLOGY,Jabalpur,Madhya Pradesh,"Rajiv Gandhi Proudyogiki Vishwavidyalaya, Bhopal",156300.0,0.0,,Private,No,No,www.sritgroup.n et,Computer Science & IT,68.74000000000001,20.0,39.5,Affordable,Below Average,Not Ranked
Technocrats Institute of Technology,INFORMATION TECHNOLOGY,Bhopal,Madhya Pradesh,"Rajiv Gandhi Proudyogiki Vishwavidyalaya, Bhopal",216466.66666666663,0.0,,Private,No,No,www.titbhopal.n et,Computer Science & IT,56.70666666666668,20.0,34.7,Moderate,Below Average,Not Ranked
Rustamji Institute of Technology,MECHANICAL ENGINEERING,Gwalior,Madhya Pradesh,"Rajiv Gandhi Proudyogiki Vishwavidyalaya, Bhopal",234700.0,0.0,,Private,No,No,www.rjit.org,Mechanical Engineering,53.06,20.0,33.2,Moderate,Below Average,Not Ranked
University Institute of Technology,MECHANICAL ENGINEERING,Burdwan,West Bengal,"University of Burdwan, Bardhaman",207825.0,0.0,,Government,No,No,www.rgpv.ac.in,Mechanical Engineering,58.435,33.3,43.4,Moderate,Below Average,Not Ranked
Sagar Institute of Research and Technology,MECHANICAL ENGINEERING,Bhopal,Madhya Pradesh,"Rajiv Gandhi Proudyogiki Vishwavidyalaya, Bhopal",206083.3333333333,0.0,,Private,No,No,www.sirtbhopal.a c.in,Mechanical Engineering,58.78333333333334,20.0,35.5,Moderate,Below Average,Not Ranked
Shri Ram Institute of Technology,MECHANICAL ENGINEERING,Jabalpur,Madhya Pradesh,"Rajiv Gandhi Proudyogiki Vishwavidyalaya, Bhopal",156300.0,0.0,,Private,No,No,www.sritgroup.n et,Mechanical Engineering,68.74000000000001,20.0,39.5,Affordable,Below Average,Not Ranked
Oriental Institute of Science and Technology,MECHANICAL ENGINEERING,Bhopal,Madhya Pradesh,"Rajiv Gandhi Proudyogiki Vishwavidyalaya, Bhopal",213933.3333333333,0.0,,Private,No,No,www.oistbpl.com,Mechanical Engineering,57.21333333333334,20.0,34.9,Moderate,Below Average,Not Ranked
Technocrats Institute of Technology Excellence,MECHANICAL ENGINEERING,Bhopal,Madhya Pradesh,"Rajiv Gandhi Proudyogiki Vishwavidyalaya, Bhopal",210000.0,0.0,,Private,No,No,www.titbhopal.n et,Mechanical Engineering,58.0,20.0,35.2,Moderate,Below Average,Not Ranked
Gyan Ganga Institute of Technology and Sciences,MECHANICAL ENGINEERING,Jabalpur,Madhya Pradesh,"Rajiv Gandhi Proudyogiki Vishwavidyalaya, Bhopal",173333.33333333334,0.0,,Private,No,No,www.ggits.org,Mechanical Engineering,65.33333333333333,20.0,38.1,Affordable,Below Average,Not Ranked
Apex Institute of Management and Technology,MECHANICAL ENGINEERING,Bahlolpur Viran,Haryana,"Kurukshetra University, Kurukshetra",172200.0,0.0,,"Private -
 Autonomous",No,No,"www.medicaps.a
 c.in",Mechanical Engineering,65.56,20.0,38.2,Affordable,Below Average,Not Ranked
Shri Ram Institute of Technology,MECHANICAL ENGINEERING,Jabalpur,Madhya Pradesh,"Rajiv Gandhi Proudyogiki Vishwavidyalaya, Bhopal",156300.0,0.0,,Private,No,No,www.sritgroup.n et,Mechanical Engineering,68.74000000000001,20.0,39.5,Affordable,Below Average,Not Ranked
Technocrats Institute of Technology,MECHANICAL ENGINEERING,Bhopal,Madhya Pradesh,"Rajiv Gandhi Proudyogiki Vishwavidyalaya, Bhopal",216466.66666666663,0.0,,Private,No,No,www.titbhopal.n et,Mechanical Engineering,56.70666666666668,20.0,34.7,Moderate,Below Average,Not Ranked
University Institute of Technology,PETROCHEMICAL TECHNOLOGY,Burdwan,West Bengal,"University of Burdwan, Bardhaman",207825.0,0.0,,Government,No,No,www.rgpv.ac.in,Chemical & Biotechnology,58.435,33.3,43.4,Moderate,Below Average,Not Ranked
Madhav Institute of Technology and Science,AUTOMOBILE ENGINEERING,Gwalior,Madhya Pradesh,"Rajiv Gandhi Proudyogiki Vishwavidyalaya, Bhopal",234264.7058823529,2.86,,Government Autonomous,Yes,Yes,www.mitsgwl.ac.i n,Mechanical Engineering,53.14705882352942,71.9,64.4,Moderate,Good,Not Ranked
Sri Sai Institute of Technology and Science,BIOMEDICAL ENGINEERING,Kadapa,Andhra Pradesh,"Jawaharlal Nehru Technological University, Anantapur",104384.6153846154,0.0,,Government Autonomous,Yes,Yes,www.sgsits.ac.in,Chemical & Biotechnology,79.12307692307692,86.7,83.7,Affordable,Excellent,Not Ranked
Madhav Institute of Technology and Science,BIOTECHNOLOGY,Gwalior,Madhya Pradesh,"Rajiv Gandhi Proudyogiki Vishwavidyalaya, Bhopal",234264.7058823529,2.86,,Government Autonomous,Yes,Yes,www.mitsgwl.ac.i n,Chemical & Biotechnology,53.14705882352942,71.9,64.4,Moderate,Good,Not Ranked
Madhav Institute of Technology and Science,CHEMICAL ENGINEERING,Gwalior,Madhya Pradesh,"Rajiv Gandhi Proudyogiki Vishwavidyalaya, Bhopal",234264.7058823529,2.86,,Government Autonomous,Yes,Yes,www.mitsgwl.ac.i n,Chemical & Biotechnology,53.14705882352942,71.9,64.4,Moderate,Good,Not Ranked
Lakshmi Narain College of Technology,CHEMICAL ENGINEERING,Bhopal,Madhya Pradesh,"Rajiv Gandhi Proudyogiki Vishwavidyalaya, Bhopal",584812.5,0.0,,Private,Yes,Yes,www.lnctgroup.in,Chemical & Biotechnology,16.6075,86.7,58.7,Expensive,Excellent,Not Ranked
Sri Sai Institute of Technology and Science,CIVIL ENGINEERING,Kadapa,Andhra Pradesh,"Jawaharlal Nehru Technological University, Anantapur",104384.6153846154,0.0,,Government Autonomous,Yes,Yes,www.sgsits.ac.in,Civil Engineering,79.12307692307692,86.7,83.7,Affordable,Excellent,Not Ranked
Madhav Institute of Technology and Science,CIVIL ENGINEERING,Gwalior,Madhya Pradesh,"Rajiv Gandhi Proudyogiki Vishwavidyalaya, Bhopal",234264.7058823529,2.86,,Government Autonomous,Yes,Yes,www.mitsgwl.ac.i n,Civil Engineering,53.14705882352942,71.9,64.4,Moderate,Good,Not Ranked
Lakshmi Narain College of Technology,CIVIL ENGINEERING,Bhopal,Madhya Pradesh,"Rajiv Gandhi Proudyogiki Vishwavidyalaya, Bhopal",584812.5,0.0,,Private,Yes,Yes,www.lnctgroup.in,Civil Engineering,16.6075,86.7,58.7,Expensive,Excellent,Not Ranked
Sri Sai Institute of Technology and Science,COMPUTER SCIENCE & ENGINEERING,Kadapa,Andhra Pradesh,"Jawaharlal Nehru Technological University, Anantapur",104384.6153846154,0.0,,Government Autonomous,Yes,Yes,www.sgsits.ac.in,Computer Science & IT,79.12307692307692,86.7,83.7,Affordable,Excellent,Not Ranked
Madhav Institute of Technology and Science,COMPUTER SCIENCE AND ENGINEERING,Gwalior,Madhya Pradesh,"Rajiv Gandhi Proudyogiki Vishwavidyalaya, Bhopal",234264.7058823529,2.86,,Government Autonomous,Yes,Yes,www.mitsgwl.ac.i n,Computer Science & IT,53.14705882352942,71.9,64.4,Moderate,Good,Not Ranked
Lakshmi Narain College of Technology,COMPUTER SCIENCE AND ENGINEERING,Bhopal,Madhya Pradesh,"Rajiv Gandhi Proudyogiki Vishwavidyalaya, Bhopal",584812.5,0.0,,Private,Yes,Yes,www.lnctgroup.in,Computer Science & IT,16.6075,86.7,58.7,Expensive,Excellent,Not Ranked
Lakshmi Narain College of Technology,ELECTRICAL AND ELECTRONICS ENGINEERING,Bhopal,Madhya Pradesh,"Rajiv Gandhi Proudyogiki Vishwavidyalaya, Bhopal",584812.5,0.0,,Private,Yes,Yes,www.lnctgroup.in,Electronics & Communication,16.6075,86.7,58.7,Expensive,Excellent,Not Ranked
Sri Sai Institute of Technology and Science,ELECTRICAL ENGINEERING,Kadapa,Andhra Pradesh,"Jawaharlal Nehru Technological University, Anantapur",104384.6153846154,0.0,,Government Autonomous,Yes,Yes,www.sgsits.ac.in,Electrical & Power,79.12307692307692,86.7,83.7,Affordable,Excellent,Not Ranked
Madhav Institute of Technology and Science,ELECTRICAL ENGINEERING,Gwalior,Madhya Pradesh,"Rajiv Gandhi Proudyogiki Vishwavidyalaya, Bhopal",234264.7058823529,2.86,,Government Autonomous,Yes,Yes,www.mitsgwl.ac.i n,Electrical & Power,53.14705882352942,71.9,64.4,Moderate,Good,Not Ranked
Lakshmi Narain College of Technology,ELECTRICAL ENGINEERING,Bhopal,Madhya Pradesh,"Rajiv Gandhi Proudyogiki Vishwavidyalaya, Bhopal",584812.5,0.0,,Private,Yes,Yes,www.lnctgroup.in,Electrical & Power,16.6075,86.7,58.7,Expensive,Excellent,Not Ranked
Lakshmi Narain College of Technology,ELECTRONICS & COMMUNICATION ENGG,Bhopal,Madhya Pradesh,"Rajiv Gandhi Proudyogiki Vishwavidyalaya, Bhopal",584812.5,0.0,,Private,Yes,Yes,www.lnctgroup.in,Electronics & Communication,16.6075,86.7,58.7,Expensive,Excellent,Not Ranked
Sri Sai Institute of Technology and Science,ELECTRONICS & INSTRUMENTATION ENGINEERING,Kadapa,Andhra Pradesh,"Jawaharlal Nehru Technological University, Anantapur",104384.6153846154,0.0,,Government Autonomous,Yes,Yes,www.sgsits.ac.in,Electronics & Communication,79.12307692307692,86.7,83.7,Affordable,Excellent,Not Ranked
Madhav Institute of Technology and Science,ELECTRONICS AND TELECOMMUNICATIONS ENGINEERING,Gwalior,Madhya Pradesh,"Rajiv Gandhi Proudyogiki Vishwavidyalaya, Bhopal",234264.7058823529,2.86,,Government Autonomous,Yes,Yes,www.mitsgwl.ac.i n,Electronics & Communication,53.14705882352942,71.9,64.4,Moderate,Good,Not Ranked
Sri Sai Institute of Technology and Science,ELECTRONICS AND TELECOMMUNICATIONS ENGINEERING,Kadapa,Andhra Pradesh,"Jawaharlal Nehru Technological University, Anantapur",104384.6153846154,0.0,,Government Autonomous,Yes,Yes,www.sgsits.ac.in,Electronics & Communication,79.12307692307692,86.7,83.7,Affordable,Excellent,Not Ranked
Madhav Institute of Technology and Science,ELECTRONICS ENGINEERING,Gwalior,Madhya Pradesh,"Rajiv Gandhi Proudyogiki Vishwavidyalaya, Bhopal",234264.7058823529,2.86,,Government Autonomous,Yes,Yes,www.mitsgwl.ac.i n,Electronics & Communication,53.14705882352942,71.9,64.4,Moderate,Good,Not Ranked
Sri Sai Institute of Technology and Science,INDUSTRIAL AND PRODUCTION ENGINEERING,Kadapa,Andhra Pradesh,"Jawaharlal Nehru Technological University, Anantapur",104384.6153846154,0.0,,Government Autonomous,Yes,Yes,www.sgsits.ac.in,Mechanical Engineering,79.12307692307692,86.7,83.7,Affordable,Excellent,Not Ranked
Madhav Institute of Technology and Science,INFORMATION TECHNOLOGY,Gwalior,Madhya Pradesh,"Rajiv Gandhi Proudyogiki Vishwavidyalaya, Bhopal",234264.7058823529,2.86,,Government Autonomous,Yes,Yes,www.mitsgwl.ac.i n,Computer Science & IT,53.14705882352942,71.9,64.4,Moderate,Good,Not Ranked
Sri Sai Institute of Technology and Science,INFORMATION TECHNOLOGY,Kadapa,Andhra Pradesh,"Jawaharlal Nehru Technological University, Anantapur",104384.6153846154,0.0,,Government Autonomous,Yes,Yes,www.sgsits.ac.in,Computer Science & IT,79.12307692307692,86.7,83.7,Affordable,Excellent,Not Ranked
Lakshmi Narain College of Technology,INFORMATION TECHNOLOGY,Bhopal,Madhya Pradesh,"Rajiv Gandhi Proudyogiki Vishwavidyalaya, Bhopal",584812.5,0.0,,Private,Yes,Yes,www.lnctgroup.in,Computer Science & IT,16.6075,86.7,58.7,Expensive,Excellent,Not Ranked
Sri Sai Institute of Technology and Science,MECHANICAL ENGINEERING,Kadapa,Andhra Pradesh,"Jawaharlal Nehru Technological University, Anantapur",104384.6153846154,0.0,,Government Autonomous,Yes,Yes,www.sgsits.ac.in,Mechanical Engineering,79.12307692307692,86.7,83.7,Affordable,Excellent,Not Ranked
Madhav Institute of Technology and Science,MECHANICAL ENGINEERING,Gwalior,Madhya Pradesh,"Rajiv Gandhi Proudyogiki Vishwavidyalaya, Bhopal",234264.7058823529,2.86,,Government Autonomous,Yes,Yes,www.mitsgwl.ac.i n,Mechanical Engineering,53.14705882352942,71.9,64.4,Moderate,Good,Not Ranked
Lakshmi Narain College of Technology,MECHANICAL ENGINEERING,Bhopal,Madhya Pradesh,"Rajiv Gandhi Proudyogiki Vishwavidyalaya, Bhopal",584812.5,0.0,,Private,Yes,Yes,www.lnctgroup.in,Mechanical Engineering,16.6075,86.7,58.7,Expensive,Excellent,Not Ranked
SVKM`s Narsee Monjee Institute of Management Studies,CIVIL ENGINEERING,Mumbai,Maharashtra,Not Available,0.0,0.0,101.0,Private,Not Available,Not Available,-,Civil Engineering,,42.2,42.2,Not Available,Average,Top 200
GH Raisoni College of Engineering and Management,CIVIL ENGINEERING,Pune,Maharashtra,"Savitribai Phule Pune University, Pune",323750.0,0.0,,Private,Not Available,Not Available,-,Civil Engineering,37.625,20.0,27.1,Premium,Below Average,Not Ranked
GH Raisoni College of Engineering and Management,COMPUTER ENGINEERING,Pune,Maharashtra,"Savitribai Phule Pune University, Pune",323750.0,0.0,,Private,Not Available,Not Available,-,Computer Science & IT,37.625,20.0,27.1,Premium,Below Average,Not Ranked
College of Engineering,COMPUTER ENGINEERING,Chennai,Tamil Nadu,"Anna University, Chennai",100167.9411764706,0.0,,Private,Not Available,Not Available,-,Computer Science & IT,79.96641176470588,20.0,44.0,Affordable,Below Average,Not Ranked
All India Shri Shivaji Memorial Society's Institute of Information Technology,COMPUTER ENGINEERING,Pune,Maharashtra,"Savitribai Phule Pune University, Pune",323777.7777777777,3.09,,Private,Not Available,Not Available,-,Computer Science & IT,37.622222222222234,40.9,39.6,Premium,Average,Not Ranked
SVKM`s Narsee Monjee Institute of Management Studies,COMPUTER SCIENCE,Mumbai,Maharashtra,Not Available,0.0,0.0,101.0,Private,Not Available,Not Available,-,Computer Science & IT,,42.2,42.2,Not Available,Average,Top 200
All India Shri Shivaji Memorial Society's Institute of Information Technology,ELECTRICAL ENGINEERING,Pune,Maharashtra,"Savitribai Phule Pune University, Pune",323777.7777777777,3.09,,Private,Not Available,Not Available,-,Electrical & Power,37.622222222222234,40.9,39.6,Premium,Average,Not Ranked
SVKM`s Narsee Monjee Institute of Management Studies,ELECTRONICS & TELE- COMMUNICATION ENGINEERING,Mumbai,Maharashtra,Not Available,0.0,0.0,101.0,Private,Not Available,Not Available,-,Electronics & Communication,,42.2,42.2,Not Available,Average,Top 200
All India Shri Shivaji Memorial Society's Institute of Information Technology,ELECTRONICS & TELE- COMMUNICATION ENGINEERING,Pune,Maharashtra,"Savitribai Phule Pune University, Pune",323777.7777777777,3.09,,Private,Not Available,Not Available,-,Electronics & Communication,37.622222222222234,40.9,39.6,Premium,Average,Not Ranked
GH Raisoni College of Engineering and Management,ELECTRONICS AND TELECOMMUNICATIONS ENGINEERING,Pune,Maharashtra,"Savitribai Phule Pune University, Pune",323750.0,0.0,,Private,Not Available,Not Available,-,Electronics & Communication,37.625,20.0,27.1,Premium,Below Average,Not Ranked
College of Engineering,ELECTRONICS ENGINEERING,Chennai,Tamil Nadu,"Anna University, Chennai",100167.9411764706,0.0,,Private,Not Available,Not Available,-,Electronics & Communication,79.96641176470588,20.0,44.0,Affordable,Below Average,Not Ranked
GH Raisoni College of Engineering and Management,INFORMATION TECHNOLOGY,Pune,Maharashtra,"Savitribai Phule Pune University, Pune",323750.0,0.0,,Private,Not Available,Not Available,-,Computer Science & IT,37.625,20.0,27.1,Premium,Below Average,Not Ranked
College of Engineering,INFORMATION TECHNOLOGY,Chennai,Tamil Nadu,"Anna University, Chennai",100167.9411764706,0.0,,Private,Not Available,Not Available,-,Computer Science & IT,79.96641176470588,20.0,44.0,Affordable,Below Average,Not Ranked
All India Shri Shivaji Memorial Society's Institute of Information Technology,INFORMATION TECHNOLOGY,Pune,Maharashtra,"Savitribai Phule Pune University, Pune",323777.7777777777,3.09,,Private,Not Available,Not Available,-,Computer Science & IT,37.622222222222234,40.9,39.6,Premium,Average,Not Ranked
SVKM`s Narsee Monjee Institute of Management Studies,INFORMATION TECHNOLOGY,Mumbai,Maharashtra,Not Available,0.0,0.0,101.0,Private,Not Available,Not Available,-,Computer Science & IT,,42.2,42.2,Not Available,Average,Top 200
College of Engineering,INSTRUMENTATION & CONTROL ENGINEERING,Chennai,Tamil Nadu,"Anna University, Chennai",100167.9411764706,0.0,,Private,Not Available,Not Available,-,Other Engineering,79.96641176470588,20.0,44.0,Affordable,Below Average,Not Ranked
All India Shri Shivaji Memorial Society's Institute of Information Technology,INSTRUMENTATION ENGINEERING,Pune,Maharashtra,"Savitribai Phule Pune University, Pune",323777.7777777777,3.09,,Private,Not Available,Not Available,-,Other Engineering,37.622222222222234,40.9,39.6,Premium,Average,Not Ranked
College of Engineering,MECHANICAL ENGINEERING,Chennai,Tamil Nadu,"Anna University, Chennai",100167.9411764706,0.0,,Private,Not Available,Not Available,-,Mechanical Engineering,79.96641176470588,20.0,44.0,Affordable,Below Average,Not Ranked
SVKM`s Narsee Monjee Institute of Management Studies,MECHANICAL ENGINEERING,Mumbai,Maharashtra,Not Available,0.0,0.0,101.0,Private,Not Available,Not Available,-,Mechanical Engineering,,42.2,42.2,Not Available,Average,Top 200
GH Raisoni College of Engineering and Management,MECHANICAL ENGINEERING,Pune,Maharashtra,"Savitribai Phule Pune University, Pune",323750.0,0.0,,Private,Not Available,Not Available,-,Mechanical Engineering,37.625,20.0,27.1,Premium,Below Average,Not Ranked
SVKM`s Narsee Monjee Institute of Management Studies,MECHATRONICS,Mumbai,Maharashtra,Not Available,0.0,0.0,101.0,Private,Not Available,Not Available,-,Mechanical Engineering,,42.2,42.2,Not Available,Average,Top 200
SVKM`s Narsee Monjee Institute of Management Studies,TEXTILE TECHNOLOGY,Mumbai,Maharashtra,Not Available,0.0,0.0,101.0,Private,Not Available,Not Available,-,Other Engineering,,42.2,42.2,Not Available,Average,Top 200
Priyadarshini College of Engineering,AERONAUTICAL ENGINEERING,Nagpur,Maharashtra,"Rashtrasant Tukadoji Maharaj Nagpur University, Nagpur",331714.28571428574,0.0,,Private,No,Not Available,www.pce.ltjss.net,Aerospace & Aeronautical,36.82857142857143,20.0,26.7,Premium,Below Average,Not Ranked
KE Society's Rajarambapu Institute of Technology,AUTOMOBILE ENGINEERING,Uran Islampur,Maharashtra,"Shivaji University, Kolhapur",323136.36363636365,3.1,,Private,No,Not Available,www.ritindia.edu,Mechanical Engineering,37.68636363636364,41.0,39.7,Premium,Average,Not Ranked
Vidyalankar Institute of Technology,BIOMEDICAL ENGINEERING,Mumbai,Maharashtra,"University of Mumbai, Mumbai",433583.3333333333,3.41,,Private,No,Not Available,www.vit.edu.in,Chemical & Biotechnology,26.641666666666666,44.1,37.1,Premium,Average,Not Ranked
KIIT College of Engineering,BIOTECHNOLOGY,Maruti Kunj,Haryana,"Maharshi Dayanand University, Rohtak",248875.0,0.0,,"Private -
 Autonomous",No,No,www.kitcoek.in,Chemical & Biotechnology,50.225,20.0,32.1,Moderate,Below Average,Not Ranked
KK Wagh Institute of Engineering Education and Research,CHEMICAL ENGINEERING,Nashik,Maharashtra,"Savitribai Phule Pune University, Pune",267722.22222222225,0.0,,Private,No,No,"www.engg.kkwag
 h.edu.",Chemical & Biotechnology,46.45555555555555,20.0,30.6,Moderate,Below Average,Not Ranked
Dr. Babasaheb Ambedkar Technological University,CHEMICAL ENGINEERING,Lonere,Maharashtra,Not Available,279052.1327014218,0.0,,Government,No,Not Available,www.dbatu.ac.in,Chemical & Biotechnology,44.18957345971564,33.3,37.7,Moderate,Below Average,Not Ranked
Dr. DY Patil Institute of Engineering Management and Research,CHEMICAL ENGINEERING,Pimpri-Chinchwad,Maharashtra,"Savitribai Phule Pune University, Pune",307000.0,0.0,,Private,No,No,"www.dypiemr.ac.
 in",Chemical & Biotechnology,39.3,20.0,27.7,Premium,Below Average,Not Ranked
Bharati Vidyapeeth Deemed University College of Engineering,CHEMICAL ENGINEERING,Pune,Maharashtra,"Bharati Vidyapeeth, Pune",341931.0344827586,0.0,151.0,Private,No,No,www.bvucoepun e.edu.i,Chemical & Biotechnology,35.80689655172414,36.7,36.3,Premium,Below Average,Top 200
Bharati Vidyapeeth College of Engineering,CHEMICAL ENGINEERING,Navi Mumbai,Maharashtra,"University of Mumbai, Mumbai",315875.0,0.0,,Private,No,No,"www.bvcoenm.or
 g.in",Chemical & Biotechnology,38.4125,20.0,27.4,Premium,Below Average,Not Ranked
Finolex Academy of Management and Technology,CHEMICAL ENGINEERING,Ratnagiri,Maharashtra,"University of Mumbai, Mumbai",261750.0,0.0,,Private,No,No,www.famt.ac.in,Chemical & Biotechnology,47.65,20.0,31.1,Moderate,Below Average,Not Ranked
Mahatma Gandhi Mission's Jawaharlal Nehru Engineering College,CHEMICAL ENGINEERING,Aurangabad,Maharashtra,"Dr Babasaheb Ambedkar Technological University, Lonere",366875.0,0.0,,Private,No,No,www.jnec.org,Chemical & Biotechnology,33.3125,20.0,25.3,Premium,Below Average,Not Ranked
Symbiosis Institute of Technology,CIVIL ENGINEERING,Pune,Maharashtra,"Symbiosis International University, Pune",766428.5714285715,0.0,,Private,No,No,"www.sitpune.edu
 .in",Civil Engineering,9.342857142857142,20.0,15.7,Expensive,Below Average,Not Ranked
KK Wagh Institute of Engineering Education and Research,CIVIL ENGINEERING,Nashik,Maharashtra,"Savitribai Phule Pune University, Pune",267722.22222222225,0.0,,Private,No,No,"www.engg.kkwag
 h.edu.",Civil Engineering,46.45555555555555,20.0,30.6,Moderate,Below Average,Not Ranked
Dr. Babasaheb Ambedkar Technological University,CIVIL ENGINEERING,Lonere,Maharashtra,Not Available,279052.1327014218,0.0,,Government,No,Not Available,www.dbatu.ac.in,Civil Engineering,44.18957345971564,33.3,37.7,Moderate,Below Average,Not Ranked
Walchand Institute of Technology,CIVIL ENGINEERING,Solapur,Maharashtra,"Solapur University, Solapur",357692.3076923077,3.26,,Private,No,No,"www.witsolapur.
 org",Civil Engineering,34.23076923076923,42.6,39.3,Premium,Average,Not Ranked
Bharati Vidyapeeth Deemed University College of Engineering,CIVIL ENGINEERING,Pune,Maharashtra,"Bharati Vidyapeeth, Pune",341931.0344827586,0.0,151.0,Private,No,No,www.bvucoepun e.edu.i,Civil Engineering,35.80689655172414,36.7,36.3,Premium,Below Average,Top 200
RC Patel Institute of Technology,CIVIL ENGINEERING,Shirpur,Maharashtra,"Dr Babasaheb Ambedkar Technological University, Lonere",416000.0,0.0,,Private,No,No,www.rcpit.ac.in,Civil Engineering,28.4,20.0,23.4,Premium,Below Average,Not Ranked
KE Society's Rajarambapu Institute of Technology,CIVIL ENGINEERING,Uran Islampur,Maharashtra,"Shivaji University, Kolhapur",323136.36363636365,3.1,,Private,No,Not Available,www.ritindia.edu,Civil Engineering,37.68636363636364,41.0,39.7,Premium,Average,Not Ranked
Government College of Engineering,CIVIL ENGINEERING,Aurangabad,Maharashtra,"Dr Babasaheb Ambedkar Marathwada University, Aurangabad",199963.0434782609,0.0,,Government,No,No,www.gec.ac.in,Civil Engineering,60.00739130434782,33.3,44.0,Affordable,Below Average,Not Ranked
Priyadarshini College of Engineering,CIVIL ENGINEERING,Nagpur,Maharashtra,"Rashtrasant Tukadoji Maharaj Nagpur University, Nagpur",331714.28571428574,0.0,,Private,No,Not Available,www.pce.ltjss.net,Civil Engineering,36.82857142857143,20.0,26.7,Premium,Below Average,Not Ranked
Mahatma Gandhi Mission's Jawaharlal Nehru Engineering College,CIVIL ENGINEERING,Aurangabad,Maharashtra,"Dr Babasaheb Ambedkar Technological University, Lonere",366875.0,0.0,,Private,No,No,www.jnec.org,Civil Engineering,33.3125,20.0,25.3,Premium,Below Average,Not Ranked
KIIT College of Engineering,CIVIL ENGINEERING,Maruti Kunj,Haryana,"Maharshi Dayanand University, Rohtak",248875.0,0.0,,"Private -
 Autonomous",No,No,www.kitcoek.in,Civil Engineering,50.225,20.0,32.1,Moderate,Below Average,Not Ranked
Dr. DY Patil Institute of Engineering Management and Research,CIVIL ENGINEERING,Pimpri-Chinchwad,Maharashtra,"Savitribai Phule Pune University, Pune",307000.0,0.0,,Private,No,No,"www.dypiemr.ac.
 in",Civil Engineering,39.3,20.0,27.7,Premium,Below Average,Not Ranked
DY Patil College of Engineering,CIVIL ENGINEERING,Pimpri-Chinchwad,Maharashtra,"Savitribai Phule Pune University, Pune",375352.9411764706,3.06,,Private,No,No,"www.dypcoeakur
 di.ac.",Civil Engineering,32.46470588235294,20.0,25.0,Premium,Below Average,Not Ranked
KDK College of Engineering,CIVIL ENGINEERING,Nagpur,Maharashtra,"Rashtrasant Tukadoji Maharaj Nagpur University, Nagpur",282222.22222222225,0.0,,Private,No,No,www.kdkce.edu.i n,Civil Engineering,43.55555555555555,20.0,29.4,Moderate,Below Average,Not Ranked
Sinhgad Institute of Technology and Science,CIVIL ENGINEERING,Pune,Maharashtra,"Savitribai Phule Pune University, Pune",348285.71428571426,0.0,,Private,No,No,www.sinhgad.ed u,Civil Engineering,35.17142857142858,20.0,26.1,Premium,Below Average,Not Ranked
Sinhgad Academy of Engineering,CIVIL ENGINEERING,Pune,Maharashtra,"Savitribai Phule Pune University, Pune",302923.07692307694,0.0,,Private,No,No,www.sinhgad.ed u,Civil Engineering,39.707692307692305,20.0,27.9,Premium,Below Average,Not Ranked
Amrutvahini College of Engineering,CIVIL ENGINEERING,Sangamner,Maharashtra,"Savitribai Phule Pune University, Pune",265400.0,0.0,,Private,No,No,www.avcoe.org,Civil Engineering,46.92,20.0,30.8,Moderate,Below Average,Not Ranked
Dr. Babasaheb Ambedkar Technological University,COMPUTER ENGINEERING,Lonere,Maharashtra,Not Available,279052.1327014218,0.0,,Government,No,Not Available,www.dbatu.ac.in,Computer Science & IT,44.18957345971564,33.3,37.7,Moderate,Below Average,Not Ranked
Walchand Institute of Technology,COMPUTER ENGINEERING,Solapur,Maharashtra,"Solapur University, Solapur",357692.3076923077,3.26,,Private,No,No,"www.witsolapur.
 org",Computer Science & IT,34.23076923076923,42.6,39.3,Premium,Average,Not Ranked
Fr C Rodrigues Institute of Technology,COMPUTER ENGINEERING,Navi Mumbai,Maharashtra,"University of Mumbai, Mumbai",437750.0,0.0,,Private,No,No,www.fcrit.ac.in,Computer Science & IT,26.225,20.0,22.5,Premium,Below Average,Not Ranked
Bharati Vidyapeeth College of Engineering,COMPUTER ENGINEERING,Navi Mumbai,Maharashtra,"University of Mumbai, Mumbai",315875.0,0.0,,Private,No,No,"www.bvcoenm.or
 g.in",Computer Science & IT,38.4125,20.0,27.4,Premium,Below Average,Not Ranked
Sinhgad Institute of Technology and Science,COMPUTER ENGINEERING,Pune,Maharashtra,"Savitribai Phule Pune University, Pune",348285.71428571426,0.0,,Private,No,No,www.sinhgad.ed u,Computer Science & IT,35.17142857142858,20.0,26.1,Premium,Below Average,Not Ranked
KJ Somaiya Institute of Engineering and Information Technology,COMPUTER ENGINEERING,Mumbai,Maharashtra,"University of Mumbai, Mumbai",516000.0,3.21,,Private,No,Not Available,www.somaiya.ed u/kjsi,Computer Science & IT,19.36,42.1,33.0,Expensive,Average,Not Ranked
Pune Vidyarthi Griha's College of Engineering and Technology,COMPUTER ENGINEERING,Pune,Maharashtra,"Savitribai Phule Pune University, Pune",394500.0,0.0,,Private,No,No,"www.pvgcoet.ac.i
 n",Computer Science & IT,30.55,20.0,24.2,Premium,Below Average,Not Ranked
Vidyalankar Institute of Technology,COMPUTER ENGINEERING,Mumbai,Maharashtra,"University of Mumbai, Mumbai",433583.3333333333,3.41,,Private,No,Not Available,www.vit.edu.in,Computer Science & IT,26.641666666666666,44.1,37.1,Premium,Average,Not Ranked
KK Wagh Institute of Engineering Education and Research,COMPUTER ENGINEERING,Nashik,Maharashtra,"Savitribai Phule Pune University, Pune",267722.22222222225,0.0,,Private,No,No,"www.engg.kkwag
 h.edu.",Computer Science & IT,46.45555555555555,20.0,30.6,Moderate,Below Average,Not Ranked
Sinhgad Institute of Technology,COMPUTER ENGINEERING,Lonavala,Maharashtra,"Savitribai Phule Pune University, Pune",352777.7777777777,0.0,,Private,No,No,www.sinhgad.ed u,Computer Science & IT,34.72222222222223,20.0,25.9,Premium,Below Average,Not Ranked
Modern Education Society's College of Engineering,COMPUTER ENGINEERING,Pune,Maharashtra,"Savitribai Phule Pune University, Pune",348285.71428571426,0.0,,Private,No,No,"www.mescoepun
 e.org",Computer Science & IT,35.17142857142858,20.0,26.1,Premium,Below Average,Not Ranked
NBN Sinhgad Technical Institutes Campus,COMPUTER ENGINEERING,Pune,Maharashtra,"Savitribai Phule Pune University, Pune",352750.0,0.0,,Private,No,No,"www.sinhgad.ed
 u",Computer Science & IT,34.725,20.0,25.9,Premium,Below Average,Not Ranked
Dr. DY Patil Institute of Engineering Management and Research,COMPUTER ENGINEERING,Pimpri-Chinchwad,Maharashtra,"Savitribai Phule Pune University, Pune",307000.0,0.0,,Private,No,No,"www.dypiemr.ac.
 in",Computer Science & IT,39.3,20.0,27.7,Premium,Below Average,Not Ranked
KJ Somaiya College of Engineering,COMPUTER ENGINEERING,Mumbai,Maharashtra,"University of Mumbai, Mumbai",492272.7272727273,3.03,,"Private -
 Autonomous",No,No,"www.somaiya.ed
 u",Computer Science & IT,20.772727272727273,40.3,32.5,Premium,Average,Not Ranked
Ramrao Adik Institute of Technology,COMPUTER ENGINEERING,Navi Mumbai,Maharashtra,"University of Mumbai, Mumbai",401153.8461538461,3.09,,Private,No,Not Available,www.rait.ac.in,Computer Science & IT,29.884615384615387,40.9,36.5,Premium,Average,Not Ranked
St. Francis Institute of Technology,COMPUTER ENGINEERING,Mumbai,Maharashtra,"University of Mumbai, Mumbai",408428.5714285715,0.0,,Private,No,Not Available,www.sfitengg.org,Computer Science & IT,29.15714285714285,20.0,23.7,Premium,Below Average,Not Ranked
DY Patil College of Engineering,COMPUTER ENGINEERING,Pimpri-Chinchwad,Maharashtra,"Savitribai Phule Pune University, Pune",375352.9411764706,3.06,,Private,No,No,"www.dypcoeakur
 di.ac.",Computer Science & IT,32.46470588235294,20.0,25.0,Premium,Below Average,Not Ranked
Bharati Vidyapeeth Deemed University College of Engineering,COMPUTER ENGINEERING,Pune,Maharashtra,"Bharati Vidyapeeth, Pune",341931.0344827586,0.0,151.0,Private,No,No,www.bvucoepun e.edu.i,Computer Science & IT,35.80689655172414,36.7,36.3,Premium,Below Average,Top 200
KE Society's Rajarambapu Institute of Technology,COMPUTER ENGINEERING,Uran Islampur,Maharashtra,"Shivaji University, Kolhapur",323136.36363636365,3.1,,Private,No,Not Available,www.ritindia.edu,Computer Science & IT,37.68636363636364,41.0,39.7,Premium,Average,Not Ranked
Sinhgad Academy of Engineering,COMPUTER ENGINEERING,Pune,Maharashtra,"Savitribai Phule Pune University, Pune",302923.07692307694,0.0,,Private,No,No,www.sinhgad.ed u,Computer Science & IT,39.707692307692305,20.0,27.9,Premium,Below Average,Not Ranked
Amrutvahini College of Engineering,COMPUTER ENGINEERING,Sangamner,Maharashtra,"Savitribai Phule Pune University, Pune",265400.0,0.0,,Private,No,No,www.avcoe.org,Computer Science & IT,46.92,20.0,30.8,Moderate,Below Average,Not Ranked
Army Institute of Technology,COMPUTER ENGINEERING,Pune,Maharashtra,"Savitribai Phule Pune University, Pune",591800.0,3.06,,Private,No,Not Available,-,Computer Science & IT,16.328,40.6,30.9,Expensive,Average,Not Ranked
RC Patel Institute of Technology,COMPUTER ENGINEERING,Shirpur,Maharashtra,"Dr Babasaheb Ambedkar Technological University, Lonere",416000.0,0.0,,Private,No,No,www.rcpit.ac.in,Computer Science & IT,28.4,20.0,23.4,Premium,Below Average,Not Ranked
Smt Kashibai Navale College of Engineering,COMPUTER ENGINEERING,Pune,Maharashtra,"Savitribai Phule Pune University, Pune",296133.3333333333,0.0,,Private,No,No,"www.sinhgad.ed
 u",Computer Science & IT,40.77333333333334,20.0,28.3,Moderate,Below Average,Not Ranked
Symbiosis Institute of Technology,COMPUTER SCIENCE AND ENGINEERING,Pune,Maharashtra,"Symbiosis International University, Pune",766428.5714285715,0.0,,Private,No,No,"www.sitpune.edu
 .in",Computer Science & IT,9.342857142857142,20.0,15.7,Expensive,Below Average,Not Ranked
Shri Sant Gajanan Maharaj College of Engineering,COMPUTER SCIENCE AND ENGINEERING,Shegaon,Maharashtra,"Sant Gadge Baba Amravati University, Amravati",284200.0,0.0,,Private,No,No,www.ssgmce.org,Computer Science & IT,43.16,20.0,29.3,Moderate,Below Average,Not Ranked
KIIT College of Engineering,COMPUTER SCIENCE AND ENGINEERING,Maruti Kunj,Haryana,"Maharshi Dayanand University, Rohtak",248875.0,0.0,,"Private -
 Autonomous",No,No,www.kitcoek.in,Computer Science & IT,50.225,20.0,32.1,Moderate,Below Average,Not Ranked
Mahatma Gandhi Mission's Jawaharlal Nehru Engineering College,COMPUTER SCIENCE AND ENGINEERING,Aurangabad,Maharashtra,"Dr Babasaheb Ambedkar Technological University, Lonere",366875.0,0.0,,Private,No,No,www.jnec.org,Computer Science & IT,33.3125,20.0,25.3,Premium,Below Average,Not Ranked
KDK College of Engineering,COMPUTER TECHNOLOGY,Nagpur,Maharashtra,"Rashtrasant Tukadoji Maharaj Nagpur University, Nagpur",282222.22222222225,0.0,,Private,No,No,www.kdkce.edu.i n,Other Engineering,43.55555555555555,20.0,29.4,Moderate,Below Average,Not Ranked
Priyadarshini College of Engineering,COMPUTER TECHNOLOGY,Nagpur,Maharashtra,"Rashtrasant Tukadoji Maharaj Nagpur University, Nagpur",331714.28571428574,0.0,,Private,No,Not Available,www.pce.ltjss.net,Other Engineering,36.82857142857143,20.0,26.7,Premium,Below Average,Not Ranked
Shri Sant Gajanan Maharaj College of Engineering,ELECTRICAL AND POWER ENGINEERING,Shegaon,Maharashtra,"Sant Gadge Baba Amravati University, Amravati",284200.0,0.0,,Private,No,No,www.ssgmce.org,Electrical & Power,43.16,20.0,29.3,Moderate,Below Average,Not Ranked
KK Wagh Institute of Engineering Education and Research,ELECTRICAL ENGINEERING,Nashik,Maharashtra,"Savitribai Phule Pune University, Pune",267722.22222222225,0.0,,Private,No,No,"www.engg.kkwag
 h.edu.",Electrical & Power,46.45555555555555,20.0,30.6,Moderate,Below Average,Not Ranked
Sinhgad Institute of Technology,ELECTRICAL ENGINEERING,Lonavala,Maharashtra,"Savitribai Phule Pune University, Pune",352777.7777777777,0.0,,Private,No,No,www.sinhgad.ed u,Electrical & Power,34.72222222222223,20.0,25.9,Premium,Below Average,Not Ranked
Dr. Babasaheb Ambedkar Technological University,ELECTRICAL ENGINEERING,Lonere,Maharashtra,Not Available,279052.1327014218,0.0,,Government,No,Not Available,www.dbatu.ac.in,Electrical & Power,44.18957345971564,33.3,37.7,Moderate,Below Average,Not Ranked
NBN Sinhgad Technical Institutes Campus,ELECTRICAL ENGINEERING,Pune,Maharashtra,"Savitribai Phule Pune University, Pune",352750.0,0.0,,Private,No,No,"www.sinhgad.ed
 u",Electrical & Power,34.725,20.0,25.9,Premium,Below Average,Not Ranked
KIIT College of Engineering,ELECTRICAL ENGINEERING,Maruti Kunj,Haryana,"Maharshi Dayanand University, Rohtak",248875.0,0.0,,"Private -
 Autonomous",No,No,www.kitcoek.in,Electrical & Power,50.225,20.0,32.1,Moderate,Below Average,Not Ranked
St. Francis Institute of Technology,ELECTRICAL ENGINEERING,Mumbai,Maharashtra,"University of Mumbai, Mumbai",408428.5714285715,0.0,,Private,No,Not Available,www.sfitengg.org,Electrical & Power,29.15714285714285,20.0,23.7,Premium,Below Average,Not Ranked
Bharati Vidyapeeth Deemed University College of Engineering,ELECTRICAL ENGINEERING,Pune,Maharashtra,"Bharati Vidyapeeth, Pune",341931.0344827586,0.0,151.0,Private,No,No,www.bvucoepun e.edu.i,Electrical & Power,35.80689655172414,36.7,36.3,Premium,Below Average,Top 200
RC Patel Institute of Technology,ELECTRICAL ENGINEERING,Shirpur,Maharashtra,"Dr Babasaheb Ambedkar Technological University, Lonere",416000.0,0.0,,Private,No,No,www.rcpit.ac.in,Electrical & Power,28.4,20.0,23.4,Premium,Below Average,Not Ranked
Fr C Rodrigues Institute of Technology,ELECTRICAL ENGINEERING,Navi Mumbai,Maharashtra,"University of Mumbai, Mumbai",437750.0,0.0,,Private,No,No,www.fcrit.ac.in,Electrical & Power,26.225,20.0,22.5,Premium,Below Average,Not Ranked
KE Society's Rajarambapu Institute of Technology,ELECTRICAL ENGINEERING,Uran Islampur,Maharashtra,"Shivaji University, Kolhapur",323136.36363636365,3.1,,Private,No,Not Available,www.ritindia.edu,Electrical & Power,37.68636363636364,41.0,39.7,Premium,Average,Not Ranked
Finolex Academy of Management and Technology,ELECTRICAL ENGINEERING,Ratnagiri,Maharashtra,"University of Mumbai, Mumbai",261750.0,0.0,,Private,No,No,www.famt.ac.in,Electrical & Power,47.65,20.0,31.1,Moderate,Below Average,Not Ranked
Government College of Engineering,ELECTRICAL ENGINEERING,Aurangabad,Maharashtra,"Dr Babasaheb Ambedkar Marathwada University, Aurangabad",199963.0434782609,0.0,,Government,No,No,www.gec.ac.in,Electrical & Power,60.00739130434782,33.3,44.0,Affordable,Below Average,Not Ranked
Pune Vidyarthi Griha's College of Engineering and Technology,ELECTRICAL ENGINEERING,Pune,Maharashtra,"Savitribai Phule Pune University, Pune",394500.0,0.0,,Private,No,No,"www.pvgcoet.ac.i
 n",Electrical & Power,30.55,20.0,24.2,Premium,Below Average,Not Ranked
Amrutvahini College of Engineering,ELECTRICAL ENGINEERING,Sangamner,Maharashtra,"Savitribai Phule Pune University, Pune",265400.0,0.0,,Private,No,No,www.avcoe.org,Electrical & Power,46.92,20.0,30.8,Moderate,Below Average,Not Ranked
KDK College of Engineering,ELECTRICAL ENGINEERING,Nagpur,Maharashtra,"Rashtrasant Tukadoji Maharaj Nagpur University, Nagpur",282222.22222222225,0.0,,Private,No,No,www.kdkce.edu.i n,Electrical & Power,43.55555555555555,20.0,29.4,Moderate,Below Average,Not Ranked
Priyadarshini College of Engineering,ELECTRICAL ENGINEERING (ELECTRONICS & POWER),Nagpur,Maharashtra,"Rashtrasant Tukadoji Maharaj Nagpur University, Nagpur",331714.28571428574,0.0,,Private,No,Not Available,www.pce.ltjss.net,Electronics & Communication,36.82857142857143,20.0,26.7,Premium,Below Average,Not Ranked
Mahatma Gandhi Mission's Jawaharlal Nehru Engineering College,"ELECTRICAL, ELECTRONICS AND POWER",Aurangabad,Maharashtra,"Dr Babasaheb Ambedkar Technological University, Lonere",366875.0,0.0,,Private,No,No,www.jnec.org,Electronics & Communication,33.3125,20.0,25.3,Premium,Below Average,Not Ranked
Walchand Institute of Technology,ELECTRONICS & COMMUNICATION ENGG,Solapur,Maharashtra,"Solapur University, Solapur",357692.3076923077,3.26,,Private,No,No,"www.witsolapur.
 org",Electronics & Communication,34.23076923076923,42.6,39.3,Premium,Average,Not Ranked
KK Wagh Institute of Engineering Education and Research,ELECTRONICS & TELE- COMMUNICATION ENGINEERING,Nashik,Maharashtra,"Savitribai Phule Pune University, Pune",267722.22222222225,0.0,,Private,No,No,"www.engg.kkwag
 h.edu.",Electronics & Communication,46.45555555555555,20.0,30.6,Moderate,Below Average,Not Ranked
KIIT College of Engineering,ELECTRONICS & TELE- COMMUNICATION ENGINEERING,Maruti Kunj,Haryana,"Maharshi Dayanand University, Rohtak",248875.0,0.0,,"Private -
 Autonomous",No,No,www.kitcoek.in,Electronics & Communication,50.225,20.0,32.1,Moderate,Below Average,Not Ranked
Dr. DY Patil Institute of Engineering Management and Research,ELECTRONICS & TELE- COMMUNICATION ENGINEERING,Pimpri-Chinchwad,Maharashtra,"Savitribai Phule Pune University, Pune",307000.0,0.0,,Private,No,No,"www.dypiemr.ac.
 in",Electronics & Communication,39.3,20.0,27.7,Premium,Below Average,Not Ranked
KE Society's Rajarambapu Institute of Technology,ELECTRONICS & TELE- COMMUNICATION ENGINEERING,Uran Islampur,Maharashtra,"Shivaji University, Kolhapur",323136.36363636365,3.1,,Private,No,Not Available,www.ritindia.edu,Electronics & Communication,37.68636363636364,41.0,39.7,Premium,Average,Not Ranked
Finolex Academy of Management and Technology,ELECTRONICS & TELE- COMMUNICATION ENGINEERING,Ratnagiri,Maharashtra,"University of Mumbai, Mumbai",261750.0,0.0,,Private,No,No,www.famt.ac.in,Electronics & Communication,47.65,20.0,31.1,Moderate,Below Average,Not Ranked
Symbiosis Institute of Technology,ELECTRONICS & TELE- COMMUNICATION ENGINEERING,Pune,Maharashtra,"Symbiosis International University, Pune",766428.5714285715,0.0,,Private,No,No,"www.sitpune.edu
 .in",Electronics & Communication,9.342857142857142,20.0,15.7,Expensive,Below Average,Not Ranked
Dr. Babasaheb Ambedkar Technological University,ELECTRONICS & TELE- COMMUNICATION ENGINEERING,Lonere,Maharashtra,Not Available,279052.1327014218,0.0,,Government,No,Not Available,www.dbatu.ac.in,Electronics & Communication,44.18957345971564,33.3,37.7,Moderate,Below Average,Not Ranked
St. Francis Institute of Technology,ELECTRONICS & TELE- COMMUNICATION ENGINEERING,Mumbai,Maharashtra,"University of Mumbai, Mumbai",408428.5714285715,0.0,,Private,No,Not Available,www.sfitengg.org,Electronics & Communication,29.15714285714285,20.0,23.7,Premium,Below Average,Not Ranked
RC Patel Institute of Technology,ELECTRONICS & TELE- COMMUNICATION ENGINEERING,Shirpur,Maharashtra,"Dr Babasaheb Ambedkar Technological University, Lonere",416000.0,0.0,,Private,No,No,www.rcpit.ac.in,Electronics & Communication,28.4,20.0,23.4,Premium,Below Average,Not Ranked
KJ Somaiya Institute of Engineering and Information Technology,ELECTRONICS & TELE- COMMUNICATION ENGINEERING,Mumbai,Maharashtra,"University of Mumbai, Mumbai",516000.0,3.21,,Private,No,Not Available,www.somaiya.ed u/kjsi,Electronics & Communication,19.36,42.1,33.0,Expensive,Average,Not Ranked
Sinhgad Institute of Technology,ELECTRONICS & TELE- COMMUNICATION ENGINEERING,Lonavala,Maharashtra,"Savitribai Phule Pune University, Pune",352777.7777777777,0.0,,Private,No,No,www.sinhgad.ed u,Electronics & Communication,34.72222222222223,20.0,25.9,Premium,Below Average,Not Ranked
Smt Kashibai Navale College of Engineering,ELECTRONICS & TELE- COMMUNICATION ENGINEERING,Pune,Maharashtra,"Savitribai Phule Pune University, Pune",296133.3333333333,0.0,,Private,No,No,"www.sinhgad.ed
 u",Electronics & Communication,40.77333333333334,20.0,28.3,Moderate,Below Average,Not Ranked
NBN Sinhgad Technical Institutes Campus,ELECTRONICS AND TELECOMMUNICATIONS ENGINEERING,Pune,Maharashtra,"Savitribai Phule Pune University, Pune",352750.0,0.0,,Private,No,No,"www.sinhgad.ed
 u",Electronics & Communication,34.725,20.0,25.9,Premium,Below Average,Not Ranked
Fr C Rodrigues Institute of Technology,ELECTRONICS AND TELECOMMUNICATIONS ENGINEERING,Navi Mumbai,Maharashtra,"University of Mumbai, Mumbai",437750.0,0.0,,Private,No,No,www.fcrit.ac.in,Electronics & Communication,26.225,20.0,22.5,Premium,Below Average,Not Ranked
Government College of Engineering,ELECTRONICS AND TELECOMMUNICATIONS ENGINEERING,Aurangabad,Maharashtra,"Dr Babasaheb Ambedkar Marathwada University, Aurangabad",199963.0434782609,0.0,,Government,No,No,www.gec.ac.in,Electronics & Communication,60.00739130434782,33.3,44.0,Affordable,Below Average,Not Ranked
Amrutvahini College of Engineering,ELECTRONICS AND TELECOMMUNICATIONS ENGINEERING,Sangamner,Maharashtra,"Savitribai Phule Pune University, Pune",265400.0,0.0,,Private,No,No,www.avcoe.org,Electronics & Communication,46.92,20.0,30.8,Moderate,Below Average,Not Ranked
Army Institute of Technology,ELECTRONICS AND TELECOMMUNICATIONS ENGINEERING,Pune,Maharashtra,"Savitribai Phule Pune University, Pune",591800.0,3.06,,Private,No,Not Available,-,Electronics & Communication,16.328,40.6,30.9,Expensive,Average,Not Ranked
Vidyalankar Institute of Technology,ELECTRONICS AND TELECOMMUNICATIONS ENGINEERING,Mumbai,Maharashtra,"University of Mumbai, Mumbai",433583.3333333333,3.41,,Private,No,Not Available,www.vit.edu.in,Electronics & Communication,26.641666666666666,44.1,37.1,Premium,Average,Not Ranked
Modern Education Society's College of Engineering,ELECTRONICS AND TELECOMMUNICATIONS ENGINEERING,Pune,Maharashtra,"Savitribai Phule Pune University, Pune",348285.71428571426,0.0,,Private,No,No,"www.mescoepun
 e.org",Electronics & Communication,35.17142857142858,20.0,26.1,Premium,Below Average,Not Ranked
KJ Somaiya College of Engineering,ELECTRONICS AND TELECOMMUNICATIONS ENGINEERING,Mumbai,Maharashtra,"University of Mumbai, Mumbai",492272.7272727273,3.03,,"Private -
 Autonomous",No,No,"www.somaiya.ed
 u",Electronics & Communication,20.772727272727273,40.3,32.5,Premium,Average,Not Ranked
DY Patil College of Engineering,ELECTRONICS AND TELECOMMUNICATIONS ENGINEERING,Pimpri-Chinchwad,Maharashtra,"Savitribai Phule Pune University, Pune",375352.9411764706,3.06,,Private,No,No,"www.dypcoeakur
 di.ac.",Electronics & Communication,32.46470588235294,20.0,25.0,Premium,Below Average,Not Ranked
Bharati Vidyapeeth Deemed University College of Engineering,ELECTRONICS AND TELECOMMUNICATIONS ENGINEERING,Pune,Maharashtra,"Bharati Vidyapeeth, Pune",341931.0344827586,0.0,151.0,Private,No,No,www.bvucoepun e.edu.i,Electronics & Communication,35.80689655172414,36.7,36.3,Premium,Below Average,Top 200
Bharati Vidyapeeth College of Engineering,ELECTRONICS AND TELECOMMUNICATIONS ENGINEERING,Navi Mumbai,Maharashtra,"University of Mumbai, Mumbai",315875.0,0.0,,Private,No,No,"www.bvcoenm.or
 g.in",Electronics & Communication,38.4125,20.0,27.4,Premium,Below Average,Not Ranked
Sinhgad Institute of Technology and Science,ELECTRONICS AND TELECOMMUNICATIONS ENGINEERING,Pune,Maharashtra,"Savitribai Phule Pune University, Pune",348285.71428571426,0.0,,Private,No,No,www.sinhgad.ed u,Electronics & Communication,35.17142857142858,20.0,26.1,Premium,Below Average,Not Ranked
Shri Sant Gajanan Maharaj College of Engineering,ELECTRONICS AND TELECOMMUNICATIONS ENGINEERING,Shegaon,Maharashtra,"Sant Gadge Baba Amravati University, Amravati",284200.0,0.0,,Private,No,No,www.ssgmce.org,Electronics & Communication,43.16,20.0,29.3,Moderate,Below Average,Not Ranked
Sinhgad Academy of Engineering,ELECTRONICS AND TELECOMMUNICATIONS ENGINEERING,Pune,Maharashtra,"Savitribai Phule Pune University, Pune",302923.07692307694,0.0,,Private,No,No,www.sinhgad.ed u,Electronics & Communication,39.707692307692305,20.0,27.9,Premium,Below Average,Not Ranked
Pune Vidyarthi Griha's College of Engineering and Technology,ELECTRONICS AND TELECOMMUNICATIONS ENGINEERING,Pune,Maharashtra,"Savitribai Phule Pune University, Pune",394500.0,0.0,,Private,No,No,"www.pvgcoet.ac.i
 n",Electronics & Communication,30.55,20.0,24.2,Premium,Below Average,Not Ranked
Priyadarshini College of Engineering,ELECTRONICS AND TELECOMMUNICATIONS ENGINEERING,Nagpur,Maharashtra,"Rashtrasant Tukadoji Maharaj Nagpur University, Nagpur",331714.28571428574,0.0,,Private,No,Not Available,www.pce.ltjss.net,Electronics & Communication,36.82857142857143,20.0,26.7,Premium,Below Average,Not Ranked
Mahatma Gandhi Mission's Jawaharlal Nehru Engineering College,ELECTRONICS AND TELECOMMUNICATIONS ENGINEERING,Aurangabad,Maharashtra,"Dr Babasaheb Ambedkar Technological University, Lonere",366875.0,0.0,,Private,No,No,www.jnec.org,Electronics & Communication,33.3125,20.0,25.3,Premium,Below Average,Not Ranked
Ramrao Adik Institute of Technology,ELECTRONICS AND TELECOMMUNICATIONS ENGINEERING,Navi Mumbai,Maharashtra,"University of Mumbai, Mumbai",401153.8461538461,3.09,,Private,No,Not Available,www.rait.ac.in,Electronics & Communication,29.884615384615387,40.9,36.5,Premium,Average,Not Ranked
KIIT College of Engineering,ELECTRONICS ENGINEERING,Maruti Kunj,Haryana,"Maharshi Dayanand University, Rohtak",248875.0,0.0,,"Private -
 Autonomous",No,No,www.kitcoek.in,Electronics & Communication,50.225,20.0,32.1,Moderate,Below Average,Not Ranked
KDK College of Engineering,ELECTRONICS ENGINEERING,Nagpur,Maharashtra,"Rashtrasant Tukadoji Maharaj Nagpur University, Nagpur",282222.22222222225,0.0,,Private,No,No,www.kdkce.edu.i n,Electronics & Communication,43.55555555555555,20.0,29.4,Moderate,Below Average,Not Ranked
Walchand Institute of Technology,ELECTRONICS ENGINEERING,Solapur,Maharashtra,"Solapur University, Solapur",357692.3076923077,3.26,,Private,No,No,"www.witsolapur.
 org",Electronics & Communication,34.23076923076923,42.6,39.3,Premium,Average,Not Ranked
Finolex Academy of Management and Technology,ELECTRONICS ENGINEERING,Ratnagiri,Maharashtra,"University of Mumbai, Mumbai",261750.0,0.0,,Private,No,No,www.famt.ac.in,Electronics & Communication,47.65,20.0,31.1,Moderate,Below Average,Not Ranked
KJ Somaiya Institute of Engineering and Information Technology,ELECTRONICS ENGINEERING,Mumbai,Maharashtra,"University of Mumbai, Mumbai",516000.0,3.21,,Private,No,Not Available,www.somaiya.ed u/kjsi,Electronics & Communication,19.36,42.1,33.0,Expensive,Average,Not Ranked
Priyadarshini College of Engineering,ELECTRONICS ENGINEERING,Nagpur,Maharashtra,"Rashtrasant Tukadoji Maharaj Nagpur University, Nagpur",331714.28571428574,0.0,,Private,No,Not Available,www.pce.ltjss.net,Electronics & Communication,36.82857142857143,20.0,26.7,Premium,Below Average,Not Ranked
Amrutvahini College of Engineering,ELECTRONICS ENGINEERING,Sangamner,Maharashtra,"Savitribai Phule Pune University, Pune",265400.0,0.0,,Private,No,No,www.avcoe.org,Electronics & Communication,46.92,20.0,30.8,Moderate,Below Average,Not Ranked
Vidyalankar Institute of Technology,ELECTRONICS ENGINEERING,Mumbai,Maharashtra,"University of Mumbai, Mumbai",433583.3333333333,3.41,,Private,No,Not Available,www.vit.edu.in,Electronics & Communication,26.641666666666666,44.1,37.1,Premium,Average,Not Ranked
KJ Somaiya College of Engineering,ELECTRONICS ENGINEERING,Mumbai,Maharashtra,"University of Mumbai, Mumbai",492272.7272727273,3.03,,"Private -
 Autonomous",No,No,"www.somaiya.ed
 u",Electronics & Communication,20.772727272727273,40.3,32.5,Premium,Average,Not Ranked
Bharati Vidyapeeth Deemed University College of Engineering,ELECTRONICS ENGINEERING,Pune,Maharashtra,"Bharati Vidyapeeth, Pune",341931.0344827586,0.0,151.0,Private,No,No,www.bvucoepun e.edu.i,Electronics & Communication,35.80689655172414,36.7,36.3,Premium,Below Average,Top 200
Ramrao Adik Institute of Technology,ELECTRONICS ENGINEERING,Navi Mumbai,Maharashtra,"University of Mumbai, Mumbai",401153.8461538461,3.09,,Private,No,Not Available,www.rait.ac.in,Electronics & Communication,29.884615384615387,40.9,36.5,Premium,Average,Not Ranked
KIIT College of Engineering,ENVIRONMENTAL ENGINEERING,Maruti Kunj,Haryana,"Maharshi Dayanand University, Rohtak",248875.0,0.0,,"Private -
 Autonomous",No,No,www.kitcoek.in,Civil Engineering,50.225,20.0,32.1,Moderate,Below Average,Not Ranked
Symbiosis Institute of Technology,INFORMATION TECHNOLOGY,Pune,Maharashtra,"Symbiosis International University, Pune",766428.5714285715,0.0,,Private,No,No,"www.sitpune.edu
 .in",Computer Science & IT,9.342857142857142,20.0,15.7,Expensive,Below Average,Not Ranked
KK Wagh Institute of Engineering Education and Research,INFORMATION TECHNOLOGY,Nashik,Maharashtra,"Savitribai Phule Pune University, Pune",267722.22222222225,0.0,,Private,No,No,"www.engg.kkwag
 h.edu.",Computer Science & IT,46.45555555555555,20.0,30.6,Moderate,Below Average,Not Ranked
Sinhgad Institute of Technology,INFORMATION TECHNOLOGY,Lonavala,Maharashtra,"Savitribai Phule Pune University, Pune",352777.7777777777,0.0,,Private,No,No,www.sinhgad.ed u,Computer Science & IT,34.72222222222223,20.0,25.9,Premium,Below Average,Not Ranked
Dr. Babasaheb Ambedkar Technological University,INFORMATION TECHNOLOGY,Lonere,Maharashtra,Not Available,279052.1327014218,0.0,,Government,No,Not Available,www.dbatu.ac.in,Computer Science & IT,44.18957345971564,33.3,37.7,Moderate,Below Average,Not Ranked
NBN Sinhgad Technical Institutes Campus,INFORMATION TECHNOLOGY,Pune,Maharashtra,"Savitribai Phule Pune University, Pune",352750.0,0.0,,Private,No,No,"www.sinhgad.ed
 u",Computer Science & IT,34.725,20.0,25.9,Premium,Below Average,Not Ranked
KDK College of Engineering,INFORMATION TECHNOLOGY,Nagpur,Maharashtra,"Rashtrasant Tukadoji Maharaj Nagpur University, Nagpur",282222.22222222225,0.0,,Private,No,No,www.kdkce.edu.i n,Computer Science & IT,43.55555555555555,20.0,29.4,Moderate,Below Average,Not Ranked
Walchand Institute of Technology,INFORMATION TECHNOLOGY,Solapur,Maharashtra,"Solapur University, Solapur",357692.3076923077,3.26,,Private,No,No,"www.witsolapur.
 org",Computer Science & IT,34.23076923076923,42.6,39.3,Premium,Average,Not Ranked
Bharati Vidyapeeth Deemed University College of Engineering,INFORMATION TECHNOLOGY,Pune,Maharashtra,"Bharati Vidyapeeth, Pune",341931.0344827586,0.0,151.0,Private,No,No,www.bvucoepun e.edu.i,Computer Science & IT,35.80689655172414,36.7,36.3,Premium,Below Average,Top 200
Fr C Rodrigues Institute of Technology,INFORMATION TECHNOLOGY,Navi Mumbai,Maharashtra,"University of Mumbai, Mumbai",437750.0,0.0,,Private,No,No,www.fcrit.ac.in,Computer Science & IT,26.225,20.0,22.5,Premium,Below Average,Not Ranked
Bharati Vidyapeeth College of Engineering,INFORMATION TECHNOLOGY,Navi Mumbai,Maharashtra,"University of Mumbai, Mumbai",315875.0,0.0,,Private,No,No,"www.bvcoenm.or
 g.in",Computer Science & IT,38.4125,20.0,27.4,Premium,Below Average,Not Ranked
Sinhgad Institute of Technology and Science,INFORMATION TECHNOLOGY,Pune,Maharashtra,"Savitribai Phule Pune University, Pune",348285.71428571426,0.0,,Private,No,No,www.sinhgad.ed u,Computer Science & IT,35.17142857142858,20.0,26.1,Premium,Below Average,Not Ranked
Finolex Academy of Management and Technology,INFORMATION TECHNOLOGY,Ratnagiri,Maharashtra,"University of Mumbai, Mumbai",261750.0,0.0,,Private,No,No,www.famt.ac.in,Computer Science & IT,47.65,20.0,31.1,Moderate,Below Average,Not Ranked
Shri Sant Gajanan Maharaj College of Engineering,INFORMATION TECHNOLOGY,Shegaon,Maharashtra,"Sant Gadge Baba Amravati University, Amravati",284200.0,0.0,,Private,No,No,www.ssgmce.org,Computer Science & IT,43.16,20.0,29.3,Moderate,Below Average,Not Ranked
Sinhgad Academy of Engineering,INFORMATION TECHNOLOGY,Pune,Maharashtra,"Savitribai Phule Pune University, Pune",302923.07692307694,0.0,,Private,No,No,www.sinhgad.ed u,Computer Science & IT,39.707692307692305,20.0,27.9,Premium,Below Average,Not Ranked
KJ Somaiya Institute of Engineering and Information Technology,INFORMATION TECHNOLOGY,Mumbai,Maharashtra,"University of Mumbai, Mumbai",516000.0,3.21,,Private,No,Not Available,www.somaiya.ed u/kjsi,Computer Science & IT,19.36,42.1,33.0,Expensive,Average,Not Ranked
Government College of Engineering,INFORMATION TECHNOLOGY,Aurangabad,Maharashtra,"Dr Babasaheb Ambedkar Marathwada University, Aurangabad",199963.0434782609,0.0,,Government,No,No,www.gec.ac.in,Computer Science & IT,60.00739130434782,33.3,44.0,Affordable,Below Average,Not Ranked
Pune Vidyarthi Griha's College of Engineering and Technology,INFORMATION TECHNOLOGY,Pune,Maharashtra,"Savitribai Phule Pune University, Pune",394500.0,0.0,,Private,No,No,"www.pvgcoet.ac.i
 n",Computer Science & IT,30.55,20.0,24.2,Premium,Below Average,Not Ranked
Priyadarshini College of Engineering,INFORMATION TECHNOLOGY,Nagpur,Maharashtra,"Rashtrasant Tukadoji Maharaj Nagpur University, Nagpur",331714.28571428574,0.0,,Private,No,Not Available,www.pce.ltjss.net,Computer Science & IT,36.82857142857143,20.0,26.7,Premium,Below Average,Not Ranked
Mahatma Gandhi Mission's Jawaharlal Nehru Engineering College,INFORMATION TECHNOLOGY,Aurangabad,Maharashtra,"Dr Babasaheb Ambedkar Technological University, Lonere",366875.0,0.0,,Private,No,No,www.jnec.org,Computer Science & IT,33.3125,20.0,25.3,Premium,Below Average,Not Ranked
Amrutvahini College of Engineering,INFORMATION TECHNOLOGY,Sangamner,Maharashtra,"Savitribai Phule Pune University, Pune",265400.0,0.0,,Private,No,No,www.avcoe.org,Computer Science & IT,46.92,20.0,30.8,Moderate,Below Average,Not Ranked
Army Institute of Technology,INFORMATION TECHNOLOGY,Pune,Maharashtra,"Savitribai Phule Pune University, Pune",591800.0,3.06,,Private,No,Not Available,-,Computer Science & IT,16.328,40.6,30.9,Expensive,Average,Not Ranked
Vidyalankar Institute of Technology,INFORMATION TECHNOLOGY,Mumbai,Maharashtra,"University of Mumbai, Mumbai",433583.3333333333,3.41,,Private,No,Not Available,www.vit.edu.in,Computer Science & IT,26.641666666666666,44.1,37.1,Premium,Average,Not Ranked
KJ Somaiya College of Engineering,INFORMATION TECHNOLOGY,Mumbai,Maharashtra,"University of Mumbai, Mumbai",492272.7272727273,3.03,,"Private -
 Autonomous",No,No,"www.somaiya.ed
 u",Computer Science & IT,20.772727272727273,40.3,32.5,Premium,Average,Not Ranked
Ramrao Adik Institute of Technology,INFORMATION TECHNOLOGY,Navi Mumbai,Maharashtra,"University of Mumbai, Mumbai",401153.8461538461,3.09,,Private,No,Not Available,www.rait.ac.in,Computer Science & IT,29.884615384615387,40.9,36.5,Premium,Average,Not Ranked
St. Francis Institute of Technology,INFORMATION TECHNOLOGY,Mumbai,Maharashtra,"University of Mumbai, Mumbai",408428.5714285715,0.0,,Private,No,Not Available,www.sfitengg.org,Computer Science & IT,29.15714285714285,20.0,23.7,Premium,Below Average,Not Ranked
DY Patil College of Engineering,INFORMATION TECHNOLOGY,Pimpri-Chinchwad,Maharashtra,"Savitribai Phule Pune University, Pune",375352.9411764706,3.06,,Private,No,No,"www.dypcoeakur
 di.ac.",Computer Science & IT,32.46470588235294,20.0,25.0,Premium,Below Average,Not Ranked
Smt Kashibai Navale College of Engineering,INFORMATION TECHNOLOGY,Pune,Maharashtra,"Savitribai Phule Pune University, Pune",296133.3333333333,0.0,,Private,No,No,"www.sinhgad.ed
 u",Computer Science & IT,40.77333333333334,20.0,28.3,Moderate,Below Average,Not Ranked
DY Patil College of Engineering,INSTRUMENTATION & CONTROL ENGINEERING,Pimpri-Chinchwad,Maharashtra,"Savitribai Phule Pune University, Pune",375352.9411764706,3.06,,Private,No,No,"www.dypcoeakur
 di.ac.",Other Engineering,32.46470588235294,20.0,25.0,Premium,Below Average,Not Ranked
Bharati Vidyapeeth College of Engineering,INSTRUMENTATION ENGINEERING,Navi Mumbai,Maharashtra,"University of Mumbai, Mumbai",315875.0,0.0,,Private,No,No,"www.bvcoenm.or
 g.in",Other Engineering,38.4125,20.0,27.4,Premium,Below Average,Not Ranked
Ramrao Adik Institute of Technology,INSTRUMENTATION ENGINEERING,Navi Mumbai,Maharashtra,"University of Mumbai, Mumbai",401153.8461538461,3.09,,Private,No,Not Available,www.rait.ac.in,Other Engineering,29.884615384615387,40.9,36.5,Premium,Average,Not Ranked
Dr. Babasaheb Ambedkar Technological University,MECHANICAL ENGINEERING,Lonere,Maharashtra,Not Available,279052.1327014218,0.0,,Government,No,Not Available,www.dbatu.ac.in,Mechanical Engineering,44.18957345971564,33.3,37.7,Moderate,Below Average,Not Ranked
St. Francis Institute of Technology,MECHANICAL ENGINEERING,Mumbai,Maharashtra,"University of Mumbai, Mumbai",408428.5714285715,0.0,,Private,No,Not Available,www.sfitengg.org,Mechanical Engineering,29.15714285714285,20.0,23.7,Premium,Below Average,Not Ranked
Fr C Rodrigues Institute of Technology,MECHANICAL ENGINEERING,Navi Mumbai,Maharashtra,"University of Mumbai, Mumbai",437750.0,0.0,,Private,No,No,www.fcrit.ac.in,Mechanical Engineering,26.225,20.0,22.5,Premium,Below Average,Not Ranked
Shri Sant Gajanan Maharaj College of Engineering,MECHANICAL ENGINEERING,Shegaon,Maharashtra,"Sant Gadge Baba Amravati University, Amravati",284200.0,0.0,,Private,No,No,www.ssgmce.org,Mechanical Engineering,43.16,20.0,29.3,Moderate,Below Average,Not Ranked
Government College of Engineering,MECHANICAL ENGINEERING,Aurangabad,Maharashtra,"Dr Babasaheb Ambedkar Marathwada University, Aurangabad",199963.0434782609,0.0,,Government,No,No,www.gec.ac.in,Mechanical Engineering,60.00739130434782,33.3,44.0,Affordable,Below Average,Not Ranked
Army Institute of Technology,MECHANICAL ENGINEERING,Pune,Maharashtra,"Savitribai Phule Pune University, Pune",591800.0,3.06,,Private,No,Not Available,-,Mechanical Engineering,16.328,40.6,30.9,Expensive,Average,Not Ranked
Symbiosis Institute of Technology,MECHANICAL ENGINEERING,Pune,Maharashtra,"Symbiosis International University, Pune",766428.5714285715,0.0,,Private,No,No,"www.sitpune.edu
 .in",Mechanical Engineering,9.342857142857142,20.0,15.7,Expensive,Below Average,Not Ranked
KK Wagh Institute of Engineering Education and Research,MECHANICAL ENGINEERING,Nashik,Maharashtra,"Savitribai Phule Pune University, Pune",267722.22222222225,0.0,,Private,No,No,"www.engg.kkwag
 h.edu.",Mechanical Engineering,46.45555555555555,20.0,30.6,Moderate,Below Average,Not Ranked
Modern Education Society's College of Engineering,MECHANICAL ENGINEERING,Pune,Maharashtra,"Savitribai Phule Pune University, Pune",348285.71428571426,0.0,,Private,No,No,"www.mescoepun
 e.org",Mechanical Engineering,35.17142857142858,20.0,26.1,Premium,Below Average,Not Ranked
NBN Sinhgad Technical Institutes Campus,MECHANICAL ENGINEERING,Pune,Maharashtra,"Savitribai Phule Pune University, Pune",352750.0,0.0,,Private,No,No,"www.sinhgad.ed
 u",Mechanical Engineering,34.725,20.0,25.9,Premium,Below Average,Not Ranked
KIIT College of Engineering,MECHANICAL ENGINEERING,Maruti Kunj,Haryana,"Maharshi Dayanand University, Rohtak",248875.0,0.0,,"Private -
 Autonomous",No,No,www.kitcoek.in,Mechanical Engineering,50.225,20.0,32.1,Moderate,Below Average,Not Ranked
Dr. DY Patil Institute of Engineering Management and Research,MECHANICAL ENGINEERING,Pimpri-Chinchwad,Maharashtra,"Savitribai Phule Pune University, Pune",307000.0,0.0,,Private,No,No,"www.dypiemr.ac.
 in",Mechanical Engineering,39.3,20.0,27.7,Premium,Below Average,Not Ranked
KJ Somaiya College of Engineering,MECHANICAL ENGINEERING,Mumbai,Maharashtra,"University of Mumbai, Mumbai",492272.7272727273,3.03,,"Private -
 Autonomous",No,No,"www.somaiya.ed
 u",Mechanical Engineering,20.772727272727273,40.3,32.5,Premium,Average,Not Ranked
DY Patil College of Engineering,MECHANICAL ENGINEERING,Pimpri-Chinchwad,Maharashtra,"Savitribai Phule Pune University, Pune",375352.9411764706,3.06,,Private,No,No,"www.dypcoeakur
 di.ac.",Mechanical Engineering,32.46470588235294,20.0,25.0,Premium,Below Average,Not Ranked
KDK College of Engineering,MECHANICAL ENGINEERING,Nagpur,Maharashtra,"Rashtrasant Tukadoji Maharaj Nagpur University, Nagpur",282222.22222222225,0.0,,Private,No,No,www.kdkce.edu.i n,Mechanical Engineering,43.55555555555555,20.0,29.4,Moderate,Below Average,Not Ranked
Walchand Institute of Technology,MECHANICAL ENGINEERING,Solapur,Maharashtra,"Solapur University, Solapur",357692.3076923077,3.26,,Private,No,No,"www.witsolapur.
 org",Mechanical Engineering,34.23076923076923,42.6,39.3,Premium,Average,Not Ranked
Bharati Vidyapeeth Deemed University College of Engineering,MECHANICAL ENGINEERING,Pune,Maharashtra,"Bharati Vidyapeeth, Pune",341931.0344827586,0.0,151.0,Private,No,No,www.bvucoepun e.edu.i,Mechanical Engineering,35.80689655172414,36.7,36.3,Premium,Below Average,Top 200
RC Patel Institute of Technology,MECHANICAL ENGINEERING,Shirpur,Maharashtra,"Dr Babasaheb Ambedkar Technological University, Lonere",416000.0,0.0,,Private,No,No,www.rcpit.ac.in,Mechanical Engineering,28.4,20.0,23.4,Premium,Below Average,Not Ranked
Bharati Vidyapeeth College of Engineering,MECHANICAL ENGINEERING,Navi Mumbai,Maharashtra,"University of Mumbai, Mumbai",315875.0,0.0,,Private,No,No,"www.bvcoenm.or
 g.in",Mechanical Engineering,38.4125,20.0,27.4,Premium,Below Average,Not Ranked
KE Society's Rajarambapu Institute of Technology,MECHANICAL ENGINEERING,Uran Islampur,Maharashtra,"Shivaji University, Kolhapur",323136.36363636365,3.1,,Private,No,Not Available,www.ritindia.edu,Mechanical Engineering,37.68636363636364,41.0,39.7,Premium,Average,Not Ranked
Finolex Academy of Management and Technology,MECHANICAL ENGINEERING,Ratnagiri,Maharashtra,"University of Mumbai, Mumbai",261750.0,0.0,,Private,No,No,www.famt.ac.in,Mechanical Engineering,47.65,20.0,31.1,Moderate,Below Average,Not Ranked
Pune Vidyarthi Griha's College of Engineering and Technology,MECHANICAL ENGINEERING,Pune,Maharashtra,"Savitribai Phule Pune University, Pune",394500.0,0.0,,Private,No,No,"www.pvgcoet.ac.i
 n",Mechanical Engineering,30.55,20.0,24.2,Premium,Below Average,Not Ranked
Priyadarshini College of Engineering,MECHANICAL ENGINEERING,Nagpur,Maharashtra,"Rashtrasant Tukadoji Maharaj Nagpur University, Nagpur",331714.28571428574,0.0,,Private,No,Not Available,www.pce.ltjss.net,Mechanical Engineering,36.82857142857143,20.0,26.7,Premium,Below Average,Not Ranked
Mahatma Gandhi Mission's Jawaharlal Nehru Engineering College,MECHANICAL ENGINEERING,Aurangabad,Maharashtra,"Dr Babasaheb Ambedkar Technological University, Lonere",366875.0,0.0,,Private,No,No,www.jnec.org,Mechanical Engineering,33.3125,20.0,25.3,Premium,Below Average,Not Ranked
Amrutvahini College of Engineering,MECHANICAL ENGINEERING,Sangamner,Maharashtra,"Savitribai Phule Pune University, Pune",265400.0,0.0,,Private,No,No,www.avcoe.org,Mechanical Engineering,46.92,20.0,30.8,Moderate,Below Average,Not Ranked
Sinhgad Institute of Technology and Science,MECHANICAL ENGINEERING,Pune,Maharashtra,"Savitribai Phule Pune University, Pune",348285.71428571426,0.0,,Private,No,No,www.sinhgad.ed u,Mechanical Engineering,35.17142857142858,20.0,26.1,Premium,Below Average,Not Ranked
Sinhgad Academy of Engineering,MECHANICAL ENGINEERING,Pune,Maharashtra,"Savitribai Phule Pune University, Pune",302923.07692307694,0.0,,Private,No,No,www.sinhgad.ed u,Mechanical Engineering,39.707692307692305,20.0,27.9,Premium,Below Average,Not Ranked
Sinhgad Institute of Technology,MECHANICAL ENGINEERING,Lonavala,Maharashtra,"Savitribai Phule Pune University, Pune",352777.7777777777,0.0,,Private,No,No,www.sinhgad.ed u,Mechanical Engineering,34.72222222222223,20.0,25.9,Premium,Below Average,Not Ranked
Smt Kashibai Navale College of Engineering,MECHANICAL ENGINEERING,Pune,Maharashtra,"Savitribai Phule Pune University, Pune",296133.3333333333,0.0,,Private,No,No,"www.sinhgad.ed
 u",Mechanical Engineering,40.77333333333334,20.0,28.3,Moderate,Below Average,Not Ranked
Dr. Babasaheb Ambedkar Technological University,PETROCHEMICAL ENGINEERING,Lonere,Maharashtra,Not Available,279052.1327014218,0.0,,Government,No,Not Available,www.dbatu.ac.in,Chemical & Biotechnology,44.18957345971564,33.3,37.7,Moderate,Below Average,Not Ranked
Pune Vidyarthi Griha's College of Engineering and Technology,PRINTING TECHNOLOGY,Pune,Maharashtra,"Savitribai Phule Pune University, Pune",394500.0,0.0,,Private,No,No,"www.pvgcoet.ac.i
 n",Other Engineering,30.55,20.0,24.2,Premium,Below Average,Not Ranked
KK Wagh Institute of Engineering Education and Research,PRODUCTION ENGINEERING,Nashik,Maharashtra,"Savitribai Phule Pune University, Pune",267722.22222222225,0.0,,Private,No,No,"www.engg.kkwag
 h.edu.",Mechanical Engineering,46.45555555555555,20.0,30.6,Moderate,Below Average,Not Ranked
Bharati Vidyapeeth Deemed University College of Engineering,PRODUCTION ENGINEERING,Pune,Maharashtra,"Bharati Vidyapeeth, Pune",341931.0344827586,0.0,151.0,Private,No,No,www.bvucoepun e.edu.i,Mechanical Engineering,35.80689655172414,36.7,36.3,Premium,Below Average,Top 200
Amrutvahini College of Engineering,PRODUCTION ENGINEERING,Sangamner,Maharashtra,"Savitribai Phule Pune University, Pune",265400.0,0.0,,Private,No,No,www.avcoe.org,Mechanical Engineering,46.92,20.0,30.8,Moderate,Below Average,Not Ranked
DY Patil College of Engineering,PRODUCTION ENGINEERING (SANDWICH),Pimpri-Chinchwad,Maharashtra,"Savitribai Phule Pune University, Pune",375352.9411764706,3.06,,Private,No,No,"www.dypcoeakur
 di.ac.",Mechanical Engineering,32.46470588235294,20.0,25.0,Premium,Below Average,Not Ranked
Jawahar Education Society's AC Patil College of Engineering,AUTOMOBILE ENGINEERING,Navi Mumbai,Maharashtra,"University of Mumbai, Mumbai",252000.0,0.0,,Private,Yes,Yes,www.piit.ac.in,Mechanical Engineering,49.6,86.7,71.9,Moderate,Excellent,Not Ranked
Sinhgad College of Engineering,BIOTECHNOLOGY,Pune,Maharashtra,"Savitribai Phule Pune University, Pune",400476.1904761905,3.25,,Private,Yes,Not Available,"www.sinhgad.ed
 u",Chemical & Biotechnology,29.952380952380953,59.2,47.5,Premium,Average,Not Ranked
Shri Guru Gobind Singhji Institute of Engineering and Technology,CHEMICAL ENGINEERING,Vishnupuri,Maharashtra,"Swami Ramanand Teerth Marathwada University, Nanded",247000.0,0.0,,Government Autonomous,Yes,Yes,www.sggs.ac.in,Chemical & Biotechnology,50.6,100.0,80.2,Moderate,Excellent,Not Ranked
Sinhgad College of Engineering,CHEMICAL ENGINEERING,Pune,Maharashtra,"Savitribai Phule Pune University, Pune",400476.1904761905,3.25,,Private,Yes,Not Available,"www.sinhgad.ed
 u",Chemical & Biotechnology,29.952380952380953,59.2,47.5,Premium,Average,Not Ranked
MIT Academy of Engineering,CHEMICAL ENGINEERING,Pune,Maharashtra,"Savitribai Phule Pune University, Pune",500454.5454545455,3.13,,"Private -
 Autonomous",Yes,Yes,"www.maepune.a
 c.in",Chemical & Biotechnology,19.98181818181818,74.6,52.8,Expensive,Good,Not Ranked
Vishwakarma Institute of Technology,CHEMICAL ENGINEERING,Pune,Maharashtra,"Savitribai Phule Pune University, Pune",511550.0,3.53,,"Private -
 Autonomous",Yes,Yes,www.vit.edu,Chemical & Biotechnology,19.538,78.6,55.0,Expensive,Good,Not Ranked
Institute of Chemical Technology,CHEMICAL ENGINEERING,Mumbai,Maharashtra,Not Available,189512.8205128205,3.77,41.0,Government,Yes,Not Available,"www.ictmumbai.
 edu.in",Chemical & Biotechnology,62.0974358974359,76.3,70.6,Affordable,Good,Top 50
Veermata Jijabai Technological Institute,CIVIL ENGINEERING,Mumbai,Maharashtra,"University of Mumbai, Mumbai",177209.41176470587,0.0,,"Government
 Autonomous",Yes,Yes,www.vjti.ac.in,Civil Engineering,64.55811764705882,100.0,85.8,Affordable,Excellent,Not Ranked
Shri Guru Gobind Singhji Institute of Engineering and Technology,CIVIL ENGINEERING,Vishnupuri,Maharashtra,"Swami Ramanand Teerth Marathwada University, Nanded",247000.0,0.0,,Government Autonomous,Yes,Yes,www.sggs.ac.in,Civil Engineering,50.6,100.0,80.2,Moderate,Excellent,Not Ranked
Vishwakarma Institute of Information Technology,CIVIL ENGINEERING,Pune,Maharashtra,"Savitribai Phule Pune University, Pune",463461.5384615384,3.14,,"Private -
 Autonomous",Yes,Yes,www.viit.ac.in,Civil Engineering,23.65384615384616,74.7,54.3,Premium,Good,Not Ranked
MIT Academy of Engineering,CIVIL ENGINEERING,Pune,Maharashtra,"Savitribai Phule Pune University, Pune",500454.5454545455,3.13,,"Private -
 Autonomous",Yes,Yes,"www.maepune.a
 c.in",Civil Engineering,19.98181818181818,74.6,52.8,Expensive,Good,Not Ranked
DKTE Society's Textile and Engineering Institute,CIVIL ENGINEERING,Kolhapur,Maharashtra,"Shivaji University, Kolhapur",281318.1818181818,0.0,,"Private -
 Autonomous",Yes,Yes,www.dktes.com,Civil Engineering,43.736363636363635,86.7,69.5,Moderate,Excellent,Not Ranked
PES College of Engineering,CIVIL ENGINEERING,Mandya,Karnataka,"Visvesvaraya Technological University, Belagavi",127875.0,2.99,,Private,No,No,"www.sircrrengg.a
 c.in",Civil Engineering,74.425,20.0,41.8,Affordable,Below Average,Not Ranked
Sardar Patel College of Engineering,CIVIL ENGINEERING,Mumbai,Maharashtra,"University of Mumbai, Mumbai",163875.0,0.0,,"Government
 Autonomous",Yes,Yes,www.spce.ac.in,Civil Engineering,67.225,86.7,78.9,Affordable,Excellent,Not Ranked
Pimpri Chinchwad College of Engineering,CIVIL ENGINEERING,Pune,Maharashtra,"Savitribai Phule Pune University, Pune",359000.0,0.0,,Private,Yes,Yes,"www.pccoepune.
 com",Civil Engineering,34.1,86.7,65.7,Premium,Excellent,Not Ranked
Terna Public Charitable Trust's Terna Engineering College,CIVIL ENGINEERING,Navi Mumbai,Maharashtra,"University of Mumbai, Mumbai",320333.3333333333,0.0,,Private,Yes,Yes,www.terna.org,Civil Engineering,37.96666666666667,86.7,67.2,Premium,Excellent,Not Ranked
Walchand College of Engineering,CIVIL ENGINEERING,Sangli,Maharashtra,"Shivaji University, Kolhapur",202910.0,3.25,,"Government
 Autonomous",Yes,Yes,"www.walchandsa
 ngli.a",Civil Engineering,59.418,75.8,69.2,Moderate,Good,Not Ranked
Phaltan Education Society's College of Engineering,CIVIL ENGINEERING,Thakurki,Maharashtra,"Dr Babasaheb Ambedkar Technological University, Lonere",197000.0,0.0,,Private,Yes,Yes,www.sanjivanico e.org,Civil Engineering,60.6,86.7,76.3,Affordable,Excellent,Not Ranked
Dr. DY Patil Institute of Engineering and Technology,CIVIL ENGINEERING,Pune,Maharashtra,"Savitribai Phule Pune University, Pune",271142.8571428572,0.0,,Private,Yes,Yes,"www.engg.dypvp
 .edu.i",Civil Engineering,45.77142857142856,86.7,70.3,Moderate,Excellent,Not Ranked
"G. H. Raisoni College of Engineering, Nagpur",CIVIL ENGINEERING,Nagpur,Maharashtra,Not Available,0.0,0.0,151.0,Private - Autonomous,Yes,Yes,www.ghrce.raiso ni.ne,Civil Engineering,,65.3,65.3,Not Available,Good,Top 200
Sinhgad College of Engineering,CIVIL ENGINEERING,Pune,Maharashtra,"Savitribai Phule Pune University, Pune",400476.1904761905,3.25,,Private,Yes,Not Available,"www.sinhgad.ed
 u",Civil Engineering,29.952380952380953,59.2,47.5,Premium,Average,Not Ranked
Sri Prakash College of Engineering,CIVIL ENGINEERING,Rajupeta,Andhra Pradesh,"Jawaharlal Nehru Technological University, Kakinada",100250.0,0.0,,Private,Yes,Not Available,www.sveri.ac.in,Civil Engineering,79.95,53.3,64.0,Affordable,Average,Not Ranked
JSPM's Rajarshi Shahu College of Engineering,CIVIL ENGINEERING,Pune,Maharashtra,Not Available,0.0,0.0,151.0,Private,Yes,Yes,www.jspm.edu.in,Civil Engineering,,65.3,65.3,Not Available,Good,Top 200
Thakur College of Engineering and Technology,CIVIL ENGINEERING,Mumbai,Maharashtra,"University of Mumbai, Mumbai",491666.6666666667,3.17,,Private,Yes,Yes,"www.tcetmumbai
 .in",Civil Engineering,20.83333333333333,75.0,53.3,Premium,Good,Not Ranked
Yeshwantrao Chavan College of Engineering,CIVIL ENGINEERING,Nagpur,Maharashtra,"Rashtrasant Tukadoji Maharaj Nagpur University, Nagpur",443454.5454545455,3.25,151.0,Private,Yes,Not Available,www.ycce.edu,Civil Engineering,25.65454545454545,55.2,43.4,Premium,Average,Top 200
Veermata Jijabai Technological Institute,COMPUTER ENGINEERING,Mumbai,Maharashtra,"University of Mumbai, Mumbai",177209.41176470587,0.0,,"Government
 Autonomous",Yes,Yes,www.vjti.ac.in,Computer Science & IT,64.55811764705882,100.0,85.8,Affordable,Excellent,Not Ranked
Fr Conceicao Rodrigues College of Engineering,COMPUTER ENGINEERING,Mumbai,Maharashtra,"University of Mumbai, Mumbai",508285.7142857143,0.0,,Private,Yes,Yes,"www.fragnel.ac.i
 n",Computer Science & IT,19.668571428571425,86.7,59.9,Expensive,Excellent,Not Ranked
JSPM's Rajarshi Shahu College of Engineering,COMPUTER ENGINEERING,Pune,Maharashtra,Not Available,0.0,0.0,151.0,Private,Yes,Yes,www.jspm.edu.in,Computer Science & IT,,65.3,65.3,Not Available,Good,Top 200
Phaltan Education Society's College of Engineering,COMPUTER ENGINEERING,Thakurki,Maharashtra,"Dr Babasaheb Ambedkar Technological University, Lonere",197000.0,0.0,,Private,Yes,Yes,www.sanjivanico e.org,Computer Science & IT,60.6,86.7,76.3,Affordable,Excellent,Not Ranked
Sinhgad College of Engineering,COMPUTER ENGINEERING,Pune,Maharashtra,"Savitribai Phule Pune University, Pune",400476.1904761905,3.25,,Private,Yes,Not Available,"www.sinhgad.ed
 u",Computer Science & IT,29.952380952380953,59.2,47.5,Premium,Average,Not Ranked
MIT Academy of Engineering,COMPUTER ENGINEERING,Pune,Maharashtra,"Savitribai Phule Pune University, Pune",500454.5454545455,3.13,,"Private -
 Autonomous",Yes,Yes,"www.maepune.a
 c.in",Computer Science & IT,19.98181818181818,74.6,52.8,Expensive,Good,Not Ranked
PES College of Engineering,COMPUTER ENGINEERING,Mandya,Karnataka,"Visvesvaraya Technological University, Belagavi",127875.0,2.99,,Private,No,No,"www.sircrrengg.a
 c.in",Computer Science & IT,74.425,20.0,41.8,Affordable,Below Average,Not Ranked
Maharshi Karve Stree Shikshan Samstha Cummins College of Engineering for Women,COMPUTER ENGINEERING,Nagpur,Maharashtra,"Rashtrasant Tukadoji Maharaj Nagpur University, Nagpur",347000.0,0.0,,"Private -
 Autonomous",Yes,Yes,"www.cumminscol
 lege.o",Computer Science & IT,35.3,86.7,66.1,Premium,Excellent,Not Ranked
Pimpri Chinchwad College of Engineering,COMPUTER ENGINEERING,Pune,Maharashtra,"Savitribai Phule Pune University, Pune",359000.0,0.0,,Private,Yes,Yes,"www.pccoepune.
 com",Computer Science & IT,34.1,86.7,65.7,Premium,Excellent,Not Ranked
Terna Public Charitable Trust's Terna Engineering College,COMPUTER ENGINEERING,Navi Mumbai,Maharashtra,"University of Mumbai, Mumbai",320333.3333333333,0.0,,Private,Yes,Yes,www.terna.org,Computer Science & IT,37.96666666666667,86.7,67.2,Premium,Excellent,Not Ranked
Thakur College of Engineering and Technology,COMPUTER ENGINEERING,Mumbai,Maharashtra,"University of Mumbai, Mumbai",491666.6666666667,3.17,,Private,Yes,Yes,"www.tcetmumbai
 .in",Computer Science & IT,20.83333333333333,75.0,53.3,Premium,Good,Not Ranked
Vivekanand Education Society's Institute of Technology,COMPUTER ENGINEERING,Mumbai,Maharashtra,"University of Mumbai, Mumbai",315500.00000000006,0.0,,Private,Yes,Yes,www.ves.ac.in/ve sit,Computer Science & IT,38.449999999999996,86.7,67.4,Premium,Excellent,Not Ranked
Jawahar Education Society's AC Patil College of Engineering,COMPUTER ENGINEERING,Navi Mumbai,Maharashtra,"University of Mumbai, Mumbai",252000.0,0.0,,Private,Yes,Yes,www.piit.ac.in,Computer Science & IT,49.6,86.7,71.9,Moderate,Excellent,Not Ranked
Dr. DY Patil Institute of Engineering and Technology,COMPUTER ENGINEERING,Pune,Maharashtra,"Savitribai Phule Pune University, Pune",271142.8571428572,0.0,,Private,Yes,Yes,"www.engg.dypvp
 .edu.i",Computer Science & IT,45.77142857142856,86.7,70.3,Moderate,Excellent,Not Ranked
Vishwakarma Institute of Information Technology,COMPUTER ENGINEERING,Pune,Maharashtra,"Savitribai Phule Pune University, Pune",463461.5384615384,3.14,,"Private -
 Autonomous",Yes,Yes,www.viit.ac.in,Computer Science & IT,23.65384615384616,74.7,54.3,Premium,Good,Not Ranked
SCTR's Pune Institute of Computer Technology,COMPUTER ENGINEERING,Pune,Maharashtra,"Savitribai Phule Pune University, Pune",314666.6666666667,2.71,,Private,Yes,Yes,www.pict.edu,Computer Science & IT,38.53333333333333,70.4,57.7,Premium,Good,Not Ranked
Vishwakarma Institute of Technology,COMPUTER ENGINEERING,Pune,Maharashtra,"Savitribai Phule Pune University, Pune",511550.0,3.53,,"Private -
 Autonomous",Yes,Yes,www.vit.edu,Computer Science & IT,19.538,78.6,55.0,Expensive,Good,Not Ranked
DKTE Society's Textile and Engineering Institute,COMPUTER SCIENCE AND ENGINEERING,Kolhapur,Maharashtra,"Shivaji University, Kolhapur",281318.1818181818,0.0,,"Private -
 Autonomous",Yes,Yes,www.dktes.com,Computer Science & IT,43.736363636363635,86.7,69.5,Moderate,Excellent,Not Ranked
Shri Guru Gobind Singhji Institute of Engineering and Technology,COMPUTER SCIENCE AND ENGINEERING,Vishnupuri,Maharashtra,"Swami Ramanand Teerth Marathwada University, Nanded",247000.0,0.0,,Government Autonomous,Yes,Yes,www.sggs.ac.in,Computer Science & IT,50.6,100.0,80.2,Moderate,Excellent,Not Ranked
Sri Prakash College of Engineering,COMPUTER SCIENCE AND ENGINEERING,Rajupeta,Andhra Pradesh,"Jawaharlal Nehru Technological University, Kakinada",100250.0,0.0,,Private,Yes,Not Available,www.sveri.ac.in,Computer Science & IT,79.95,53.3,64.0,Affordable,Average,Not Ranked
Walchand College of Engineering,COMPUTER SCIENCE AND ENGINEERING,Sangli,Maharashtra,"Shivaji University, Kolhapur",202910.0,3.25,,"Government
 Autonomous",Yes,Yes,"www.walchandsa
 ngli.a",Computer Science & IT,59.418,75.8,69.2,Moderate,Good,Not Ranked
"G. H. Raisoni College of Engineering, Nagpur",COMPUTER SCIENCE AND ENGINEERING,Nagpur,Maharashtra,Not Available,0.0,0.0,151.0,Private - Autonomous,Yes,Yes,www.ghrce.raiso ni.ne,Computer Science & IT,,65.3,65.3,Not Available,Good,Top 200
Yeshwantrao Chavan College of Engineering,COMPUTER TECHNOLOGY,Nagpur,Maharashtra,"Rashtrasant Tukadoji Maharaj Nagpur University, Nagpur",443454.5454545455,3.25,151.0,Private,Yes,Not Available,www.ycce.edu,Other Engineering,25.65454545454545,55.2,43.4,Premium,Average,Top 200
Institute of Chemical Technology,DYESTUFF TECHNOLOGY,Mumbai,Maharashtra,Not Available,189512.8205128205,3.77,41.0,Government,Yes,Not Available,"www.ictmumbai.
 edu.in",Other Engineering,62.0974358974359,76.3,70.6,Affordable,Good,Top 50
Veermata Jijabai Technological Institute,ELECTRICAL ENGINEERING,Mumbai,Maharashtra,"University of Mumbai, Mumbai",177209.41176470587,0.0,,"Government
 Autonomous",Yes,Yes,www.vjti.ac.in,Electrical & Power,64.55811764705882,100.0,85.8,Affordable,Excellent,Not Ranked
Phaltan Education Society's College of Engineering,ELECTRICAL ENGINEERING,Thakurki,Maharashtra,"Dr Babasaheb Ambedkar Technological University, Lonere",197000.0,0.0,,Private,Yes,Yes,www.sanjivanico e.org,Electrical & Power,60.6,86.7,76.3,Affordable,Excellent,Not Ranked
Shri Guru Gobind Singhji Institute of Engineering and Technology,ELECTRICAL ENGINEERING,Vishnupuri,Maharashtra,"Swami Ramanand Teerth Marathwada University, Nanded",247000.0,0.0,,Government Autonomous,Yes,Yes,www.sggs.ac.in,Electrical & Power,50.6,100.0,80.2,Moderate,Excellent,Not Ranked
Dr. DY Patil Institute of Engineering and Technology,ELECTRICAL ENGINEERING,Pune,Maharashtra,"Savitribai Phule Pune University, Pune",271142.8571428572,0.0,,Private,Yes,Yes,"www.engg.dypvp
 .edu.i",Electrical & Power,45.77142857142856,86.7,70.3,Moderate,Excellent,Not Ranked
DKTE Society's Textile and Engineering Institute,ELECTRICAL ENGINEERING,Kolhapur,Maharashtra,"Shivaji University, Kolhapur",281318.1818181818,0.0,,"Private -
 Autonomous",Yes,Yes,www.dktes.com,Electrical & Power,43.736363636363635,86.7,69.5,Moderate,Excellent,Not Ranked
PES College of Engineering,ELECTRICAL ENGINEERING,Mandya,Karnataka,"Visvesvaraya Technological University, Belagavi",127875.0,2.99,,Private,No,No,"www.sircrrengg.a
 c.in",Electrical & Power,74.425,20.0,41.8,Affordable,Below Average,Not Ranked
Sardar Patel College of Engineering,ELECTRICAL ENGINEERING,Mumbai,Maharashtra,"University of Mumbai, Mumbai",163875.0,0.0,,"Government
 Autonomous",Yes,Yes,www.spce.ac.in,Electrical & Power,67.225,86.7,78.9,Affordable,Excellent,Not Ranked
Sri Prakash College of Engineering,ELECTRICAL ENGINEERING,Rajupeta,Andhra Pradesh,"Jawaharlal Nehru Technological University, Kakinada",100250.0,0.0,,Private,Yes,Not Available,www.sveri.ac.in,Electrical & Power,79.95,53.3,64.0,Affordable,Average,Not Ranked
JSPM's Rajarshi Shahu College of Engineering,ELECTRICAL ENGINEERING,Pune,Maharashtra,Not Available,0.0,0.0,151.0,Private,Yes,Yes,www.jspm.edu.in,Electrical & Power,,65.3,65.3,Not Available,Good,Top 200
Walchand College of Engineering,ELECTRICAL ENGINEERING,Sangli,Maharashtra,"Shivaji University, Kolhapur",202910.0,3.25,,"Government
 Autonomous",Yes,Yes,"www.walchandsa
 ngli.a",Electrical & Power,59.418,75.8,69.2,Moderate,Good,Not Ranked
"G. H. Raisoni College of Engineering, Nagpur",ELECTRICAL ENGINEERING,Nagpur,Maharashtra,Not Available,0.0,0.0,151.0,Private - Autonomous,Yes,Yes,www.ghrce.raiso ni.ne,Electrical & Power,,65.3,65.3,Not Available,Good,Top 200
Yeshwantrao Chavan College of Engineering,ELECTRICAL ENGINEERING,Nagpur,Maharashtra,"Rashtrasant Tukadoji Maharaj Nagpur University, Nagpur",443454.5454545455,3.25,151.0,Private,Yes,Not Available,www.ycce.edu,Electrical & Power,25.65454545454545,55.2,43.4,Premium,Average,Top 200
Veermata Jijabai Technological Institute,ELECTRONICS & TELE- COMMUNICATION ENGINEERING,Mumbai,Maharashtra,"University of Mumbai, Mumbai",177209.41176470587,0.0,,"Government
 Autonomous",Yes,Yes,www.vjti.ac.in,Electronics & Communication,64.55811764705882,100.0,85.8,Affordable,Excellent,Not Ranked
PES College of Engineering,ELECTRONICS & TELE- COMMUNICATION ENGINEERING,Mandya,Karnataka,"Visvesvaraya Technological University, Belagavi",127875.0,2.99,,Private,No,No,"www.sircrrengg.a
 c.in",Electronics & Communication,74.425,20.0,41.8,Affordable,Below Average,Not Ranked
Vishwakarma Institute of Technology,ELECTRONICS & TELE- COMMUNICATION ENGINEERING,Pune,Maharashtra,"Savitribai Phule Pune University, Pune",511550.0,3.53,,"Private -
 Autonomous",Yes,Yes,www.vit.edu,Electronics & Communication,19.538,78.6,55.0,Expensive,Good,Not Ranked
Vishwakarma Institute of Information Technology,ELECTRONICS & TELE- COMMUNICATION ENGINEERING,Pune,Maharashtra,"Savitribai Phule Pune University, Pune",463461.5384615384,3.14,,"Private -
 Autonomous",Yes,Yes,www.viit.ac.in,Electronics & Communication,23.65384615384616,74.7,54.3,Premium,Good,Not Ranked
Maharshi Karve Stree Shikshan Samstha Cummins College of Engineering for Women,ELECTRONICS & TELE- COMMUNICATION ENGINEERING,Nagpur,Maharashtra,"Rashtrasant Tukadoji Maharaj Nagpur University, Nagpur",347000.0,0.0,,"Private -
 Autonomous",Yes,Yes,"www.cumminscol
 lege.o",Electronics & Communication,35.3,86.7,66.1,Premium,Excellent,Not Ranked
Pimpri Chinchwad College of Engineering,ELECTRONICS & TELE- COMMUNICATION ENGINEERING,Pune,Maharashtra,"Savitribai Phule Pune University, Pune",359000.0,0.0,,Private,Yes,Yes,"www.pccoepune.
 com",Electronics & Communication,34.1,86.7,65.7,Premium,Excellent,Not Ranked
Terna Public Charitable Trust's Terna Engineering College,ELECTRONICS & TELE- COMMUNICATION ENGINEERING,Navi Mumbai,Maharashtra,"University of Mumbai, Mumbai",320333.3333333333,0.0,,Private,Yes,Yes,www.terna.org,Electronics & Communication,37.96666666666667,86.7,67.2,Premium,Excellent,Not Ranked
Sri Prakash College of Engineering,ELECTRONICS & TELE- COMMUNICATION ENGINEERING,Rajupeta,Andhra Pradesh,"Jawaharlal Nehru Technological University, Kakinada",100250.0,0.0,,Private,Yes,Not Available,www.sveri.ac.in,Electronics & Communication,79.95,53.3,64.0,Affordable,Average,Not Ranked
Thakur College of Engineering and Technology,ELECTRONICS & TELE- COMMUNICATION ENGINEERING,Mumbai,Maharashtra,"University of Mumbai, Mumbai",491666.6666666667,3.17,,Private,Yes,Yes,"www.tcetmumbai
 .in",Electronics & Communication,20.83333333333333,75.0,53.3,Premium,Good,Not Ranked
Yeshwantrao Chavan College of Engineering,ELECTRONICS & TELE- COMMUNICATION ENGINEERING,Nagpur,Maharashtra,"Rashtrasant Tukadoji Maharaj Nagpur University, Nagpur",443454.5454545455,3.25,151.0,Private,Yes,Not Available,www.ycce.edu,Electronics & Communication,25.65454545454545,55.2,43.4,Premium,Average,Top 200
Dr. DY Patil Institute of Engineering and Technology,ELECTRONICS & TELE- COMMUNICATION ENGINEERING,Pune,Maharashtra,"Savitribai Phule Pune University, Pune",271142.8571428572,0.0,,Private,Yes,Yes,"www.engg.dypvp
 .edu.i",Electronics & Communication,45.77142857142856,86.7,70.3,Moderate,Excellent,Not Ranked
Sinhgad College of Engineering,ELECTRONICS & TELE- COMMUNICATION ENGINEERING,Pune,Maharashtra,"Savitribai Phule Pune University, Pune",400476.1904761905,3.25,,Private,Yes,Not Available,"www.sinhgad.ed
 u",Electronics & Communication,29.952380952380953,59.2,47.5,Premium,Average,Not Ranked
SCTR's Pune Institute of Computer Technology,ELECTRONICS & TELE- COMMUNICATION ENGINEERING,Pune,Maharashtra,"Savitribai Phule Pune University, Pune",314666.6666666667,2.71,,Private,Yes,Yes,www.pict.edu,Electronics & Communication,38.53333333333333,70.4,57.7,Premium,Good,Not Ranked
Phaltan Education Society's College of Engineering,ELECTRONICS AND TELECOMMUNICATIONS ENGINEERING,Thakurki,Maharashtra,"Dr Babasaheb Ambedkar Technological University, Lonere",197000.0,0.0,,Private,Yes,Yes,www.sanjivanico e.org,Electronics & Communication,60.6,86.7,76.3,Affordable,Excellent,Not Ranked
DKTE Society's Textile and Engineering Institute,ELECTRONICS AND TELECOMMUNICATIONS ENGINEERING,Kolhapur,Maharashtra,"Shivaji University, Kolhapur",281318.1818181818,0.0,,"Private -
 Autonomous",Yes,Yes,www.dktes.com,Electronics & Communication,43.736363636363635,86.7,69.5,Moderate,Excellent,Not Ranked
Shri Guru Gobind Singhji Institute of Engineering and Technology,ELECTRONICS AND TELECOMMUNICATIONS ENGINEERING,Vishnupuri,Maharashtra,"Swami Ramanand Teerth Marathwada University, Nanded",247000.0,0.0,,Government Autonomous,Yes,Yes,www.sggs.ac.in,Electronics & Communication,50.6,100.0,80.2,Moderate,Excellent,Not Ranked
MIT Academy of Engineering,ELECTRONICS AND TELECOMMUNICATIONS ENGINEERING,Pune,Maharashtra,"Savitribai Phule Pune University, Pune",500454.5454545455,3.13,,"Private -
 Autonomous",Yes,Yes,"www.maepune.a
 c.in",Electronics & Communication,19.98181818181818,74.6,52.8,Expensive,Good,Not Ranked
JSPM's Rajarshi Shahu College of Engineering,ELECTRONICS AND TELECOMMUNICATIONS ENGINEERING,Pune,Maharashtra,Not Available,0.0,0.0,151.0,Private,Yes,Yes,www.jspm.edu.in,Electronics & Communication,,65.3,65.3,Not Available,Good,Top 200
Vivekanand Education Society's Institute of Technology,ELECTRONICS AND TELECOMMUNICATIONS ENGINEERING,Mumbai,Maharashtra,"University of Mumbai, Mumbai",315500.00000000006,0.0,,Private,Yes,Yes,www.ves.ac.in/ve sit,Electronics & Communication,38.449999999999996,86.7,67.4,Premium,Excellent,Not Ranked
Jawahar Education Society's AC Patil College of Engineering,ELECTRONICS AND TELECOMMUNICATIONS ENGINEERING,Navi Mumbai,Maharashtra,"University of Mumbai, Mumbai",252000.0,0.0,,Private,Yes,Yes,www.piit.ac.in,Electronics & Communication,49.6,86.7,71.9,Moderate,Excellent,Not Ranked
"G. H. Raisoni College of Engineering, Nagpur",ELECTRONICS AND TELECOMMUNICATIONS ENGINEERING,Nagpur,Maharashtra,Not Available,0.0,0.0,151.0,Private - Autonomous,Yes,Yes,www.ghrce.raiso ni.ne,Electronics & Communication,,65.3,65.3,Not Available,Good,Top 200
Veermata Jijabai Technological Institute,ELECTRONICS ENGINEERING,Mumbai,Maharashtra,"University of Mumbai, Mumbai",177209.41176470587,0.0,,"Government
 Autonomous",Yes,Yes,www.vjti.ac.in,Electronics & Communication,64.55811764705882,100.0,85.8,Affordable,Excellent,Not Ranked
Fr Conceicao Rodrigues College of Engineering,ELECTRONICS ENGINEERING,Mumbai,Maharashtra,"University of Mumbai, Mumbai",508285.7142857143,0.0,,Private,Yes,Yes,"www.fragnel.ac.i
 n",Electronics & Communication,19.668571428571425,86.7,59.9,Expensive,Excellent,Not Ranked
MIT Academy of Engineering,ELECTRONICS ENGINEERING,Pune,Maharashtra,"Savitribai Phule Pune University, Pune",500454.5454545455,3.13,,"Private -
 Autonomous",Yes,Yes,"www.maepune.a
 c.in",Electronics & Communication,19.98181818181818,74.6,52.8,Expensive,Good,Not Ranked
Terna Public Charitable Trust's Terna Engineering College,ELECTRONICS ENGINEERING,Navi Mumbai,Maharashtra,"University of Mumbai, Mumbai",320333.3333333333,0.0,,Private,Yes,Yes,www.terna.org,Electronics & Communication,37.96666666666667,86.7,67.2,Premium,Excellent,Not Ranked
Walchand College of Engineering,ELECTRONICS ENGINEERING,Sangli,Maharashtra,"Shivaji University, Kolhapur",202910.0,3.25,,"Government
 Autonomous",Yes,Yes,"www.walchandsa
 ngli.a",Electronics & Communication,59.418,75.8,69.2,Moderate,Good,Not Ranked
Thakur College of Engineering and Technology,ELECTRONICS ENGINEERING,Mumbai,Maharashtra,"University of Mumbai, Mumbai",491666.6666666667,3.17,,Private,Yes,Yes,"www.tcetmumbai
 .in",Electronics & Communication,20.83333333333333,75.0,53.3,Premium,Good,Not Ranked
"G. H. Raisoni College of Engineering, Nagpur",ELECTRONICS ENGINEERING,Nagpur,Maharashtra,Not Available,0.0,0.0,151.0,Private - Autonomous,Yes,Yes,www.ghrce.raiso ni.ne,Electronics & Communication,,65.3,65.3,Not Available,Good,Top 200
DKTE Society's Textile and Engineering Institute,ELECTRONICS ENGINEERING,Kolhapur,Maharashtra,"Shivaji University, Kolhapur",281318.1818181818,0.0,,"Private -
 Autonomous",Yes,Yes,www.dktes.com,Electronics & Communication,43.736363636363635,86.7,69.5,Moderate,Excellent,Not Ranked
Vishwakarma Institute of Technology,ELECTRONICS ENGINEERING,Pune,Maharashtra,"Savitribai Phule Pune University, Pune",511550.0,3.53,,"Private -
 Autonomous",Yes,Yes,www.vit.edu,Electronics & Communication,19.538,78.6,55.0,Expensive,Good,Not Ranked
Vivekanand Education Society's Institute of Technology,ELECTRONICS ENGINEERING,Mumbai,Maharashtra,"University of Mumbai, Mumbai",315500.00000000006,0.0,,Private,Yes,Yes,www.ves.ac.in/ve sit,Electronics & Communication,38.449999999999996,86.7,67.4,Premium,Excellent,Not Ranked
Yeshwantrao Chavan College of Engineering,ELECTRONICS ENGINEERING,Nagpur,Maharashtra,"Rashtrasant Tukadoji Maharaj Nagpur University, Nagpur",443454.5454545455,3.25,151.0,Private,Yes,Not Available,www.ycce.edu,Electronics & Communication,25.65454545454545,55.2,43.4,Premium,Average,Top 200
Jawahar Education Society's AC Patil College of Engineering,ELECTRONICS ENGINEERING,Navi Mumbai,Maharashtra,"University of Mumbai, Mumbai",252000.0,0.0,,Private,Yes,Yes,www.piit.ac.in,Electronics & Communication,49.6,86.7,71.9,Moderate,Excellent,Not Ranked
DKTE Society's Textile and Engineering Institute,FASHION TECHNOLOGY,Kolhapur,Maharashtra,"Shivaji University, Kolhapur",281318.1818181818,0.0,,"Private -
 Autonomous",Yes,Yes,www.dktes.com,Other Engineering,43.736363636363635,86.7,69.5,Moderate,Excellent,Not Ranked
Institute of Chemical Technology,FIBRES AND TEXTILES PROCESSING TECHNOLOGY,Mumbai,Maharashtra,Not Available,189512.8205128205,3.77,41.0,Government,Yes,Not Available,"www.ictmumbai.
 edu.in",Other Engineering,62.0974358974359,76.3,70.6,Affordable,Good,Top 50
Institute of Chemical Technology,FOOD ENGINEERING AND TECHNOLOGY,Mumbai,Maharashtra,Not Available,189512.8205128205,3.77,41.0,Government,Yes,Not Available,"www.ictmumbai.
 edu.in",Agriculture & Food Tech,62.0974358974359,76.3,70.6,Affordable,Good,Top 50
Vishwakarma Institute of Technology,INDUSTRIAL ENGINEERING,Pune,Maharashtra,"Savitribai Phule Pune University, Pune",511550.0,3.53,,"Private -
 Autonomous",Yes,Yes,www.vit.edu,Mechanical Engineering,19.538,78.6,55.0,Expensive,Good,Not Ranked
Veermata Jijabai Technological Institute,INFORMATION TECHNOLOGY,Mumbai,Maharashtra,"University of Mumbai, Mumbai",177209.41176470587,0.0,,"Government
 Autonomous",Yes,Yes,www.vjti.ac.in,Computer Science & IT,64.55811764705882,100.0,85.8,Affordable,Excellent,Not Ranked
Fr Conceicao Rodrigues College of Engineering,INFORMATION TECHNOLOGY,Mumbai,Maharashtra,"University of Mumbai, Mumbai",508285.7142857143,0.0,,Private,Yes,Yes,"www.fragnel.ac.i
 n",Computer Science & IT,19.668571428571425,86.7,59.9,Expensive,Excellent,Not Ranked
Phaltan Education Society's College of Engineering,INFORMATION TECHNOLOGY,Thakurki,Maharashtra,"Dr Babasaheb Ambedkar Technological University, Lonere",197000.0,0.0,,Private,Yes,Yes,www.sanjivanico e.org,Computer Science & IT,60.6,86.7,76.3,Affordable,Excellent,Not Ranked
Shri Guru Gobind Singhji Institute of Engineering and Technology,INFORMATION TECHNOLOGY,Vishnupuri,Maharashtra,"Swami Ramanand Teerth Marathwada University, Nanded",247000.0,0.0,,Government Autonomous,Yes,Yes,www.sggs.ac.in,Computer Science & IT,50.6,100.0,80.2,Moderate,Excellent,Not Ranked
Dr. DY Patil Institute of Engineering and Technology,INFORMATION TECHNOLOGY,Pune,Maharashtra,"Savitribai Phule Pune University, Pune",271142.8571428572,0.0,,Private,Yes,Yes,"www.engg.dypvp
 .edu.i",Computer Science & IT,45.77142857142856,86.7,70.3,Moderate,Excellent,Not Ranked
"G. H. Raisoni College of Engineering, Nagpur",INFORMATION TECHNOLOGY,Nagpur,Maharashtra,Not Available,0.0,0.0,151.0,Private - Autonomous,Yes,Yes,www.ghrce.raiso ni.ne,Computer Science & IT,,65.3,65.3,Not Available,Good,Top 200
MIT Academy of Engineering,INFORMATION TECHNOLOGY,Pune,Maharashtra,"Savitribai Phule Pune University, Pune",500454.5454545455,3.13,,"Private -
 Autonomous",Yes,Yes,"www.maepune.a
 c.in",Computer Science & IT,19.98181818181818,74.6,52.8,Expensive,Good,Not Ranked
Maharshi Karve Stree Shikshan Samstha Cummins College of Engineering for Women,INFORMATION TECHNOLOGY,Nagpur,Maharashtra,"Rashtrasant Tukadoji Maharaj Nagpur University, Nagpur",347000.0,0.0,,"Private -
 Autonomous",Yes,Yes,"www.cumminscol
 lege.o",Computer Science & IT,35.3,86.7,66.1,Premium,Excellent,Not Ranked
Pimpri Chinchwad College of Engineering,INFORMATION TECHNOLOGY,Pune,Maharashtra,"Savitribai Phule Pune University, Pune",359000.0,0.0,,Private,Yes,Yes,"www.pccoepune.
 com",Computer Science & IT,34.1,86.7,65.7,Premium,Excellent,Not Ranked
Terna Public Charitable Trust's Terna Engineering College,INFORMATION TECHNOLOGY,Navi Mumbai,Maharashtra,"University of Mumbai, Mumbai",320333.3333333333,0.0,,Private,Yes,Yes,www.terna.org,Computer Science & IT,37.96666666666667,86.7,67.2,Premium,Excellent,Not Ranked
Walchand College of Engineering,INFORMATION TECHNOLOGY,Sangli,Maharashtra,"Shivaji University, Kolhapur",202910.0,3.25,,"Government
 Autonomous",Yes,Yes,"www.walchandsa
 ngli.a",Computer Science & IT,59.418,75.8,69.2,Moderate,Good,Not Ranked
Vishwakarma Institute of Technology,INFORMATION TECHNOLOGY,Pune,Maharashtra,"Savitribai Phule Pune University, Pune",511550.0,3.53,,"Private -
 Autonomous",Yes,Yes,www.vit.edu,Computer Science & IT,19.538,78.6,55.0,Expensive,Good,Not Ranked
Vivekanand Education Society's Institute of Technology,INFORMATION TECHNOLOGY,Mumbai,Maharashtra,"University of Mumbai, Mumbai",315500.00000000006,0.0,,Private,Yes,Yes,www.ves.ac.in/ve sit,Computer Science & IT,38.449999999999996,86.7,67.4,Premium,Excellent,Not Ranked
Vishwakarma Institute of Information Technology,INFORMATION TECHNOLOGY,Pune,Maharashtra,"Savitribai Phule Pune University, Pune",463461.5384615384,3.14,,"Private -
 Autonomous",Yes,Yes,www.viit.ac.in,Computer Science & IT,23.65384615384616,74.7,54.3,Premium,Good,Not Ranked
Sinhgad College of Engineering,INFORMATION TECHNOLOGY,Pune,Maharashtra,"Savitribai Phule Pune University, Pune",400476.1904761905,3.25,,Private,Yes,Not Available,"www.sinhgad.ed
 u",Computer Science & IT,29.952380952380953,59.2,47.5,Premium,Average,Not Ranked
JSPM's Rajarshi Shahu College of Engineering,INFORMATION TECHNOLOGY,Pune,Maharashtra,Not Available,0.0,0.0,151.0,Private,Yes,Yes,www.jspm.edu.in,Computer Science & IT,,65.3,65.3,Not Available,Good,Top 200
Thakur College of Engineering and Technology,INFORMATION TECHNOLOGY,Mumbai,Maharashtra,"University of Mumbai, Mumbai",491666.6666666667,3.17,,Private,Yes,Yes,"www.tcetmumbai
 .in",Computer Science & IT,20.83333333333333,75.0,53.3,Premium,Good,Not Ranked
Yeshwantrao Chavan College of Engineering,INFORMATION TECHNOLOGY,Nagpur,Maharashtra,"Rashtrasant Tukadoji Maharaj Nagpur University, Nagpur",443454.5454545455,3.25,151.0,Private,Yes,Not Available,www.ycce.edu,Computer Science & IT,25.65454545454545,55.2,43.4,Premium,Average,Top 200
Jawahar Education Society's AC Patil College of Engineering,INFORMATION TECHNOLOGY,Navi Mumbai,Maharashtra,"University of Mumbai, Mumbai",252000.0,0.0,,Private,Yes,Yes,www.piit.ac.in,Computer Science & IT,49.6,86.7,71.9,Moderate,Excellent,Not Ranked
SCTR's Pune Institute of Computer Technology,INFORMATION TECHNOLOGY,Pune,Maharashtra,"Savitribai Phule Pune University, Pune",314666.6666666667,2.71,,Private,Yes,Yes,www.pict.edu,Computer Science & IT,38.53333333333333,70.4,57.7,Premium,Good,Not Ranked
PES College of Engineering,INSTRUMENTATION & CONTROL ENGINEERING,Mandya,Karnataka,"Visvesvaraya Technological University, Belagavi",127875.0,2.99,,Private,No,No,"www.sircrrengg.a
 c.in",Other Engineering,74.425,20.0,41.8,Affordable,Below Average,Not Ranked
Maharshi Karve Stree Shikshan Samstha Cummins College of Engineering for Women,INSTRUMENTATION AND CONTROL ENGINEERING,Nagpur,Maharashtra,"Rashtrasant Tukadoji Maharaj Nagpur University, Nagpur",347000.0,0.0,,"Private -
 Autonomous",Yes,Yes,"www.cumminscol
 lege.o",Other Engineering,35.3,86.7,66.1,Premium,Excellent,Not Ranked
Vishwakarma Institute of Technology,INSTRUMENTATION AND CONTROL ENGINEERING,Pune,Maharashtra,"Savitribai Phule Pune University, Pune",511550.0,3.53,,"Private -
 Autonomous",Yes,Yes,www.vit.edu,Other Engineering,19.538,78.6,55.0,Expensive,Good,Not Ranked
Shri Guru Gobind Singhji Institute of Engineering and Technology,INSTRUMENTATION ENGINEERING,Vishnupuri,Maharashtra,"Swami Ramanand Teerth Marathwada University, Nanded",247000.0,0.0,,Government Autonomous,Yes,Yes,www.sggs.ac.in,Other Engineering,50.6,100.0,80.2,Moderate,Excellent,Not Ranked
Dr. DY Patil Institute of Engineering and Technology,INSTRUMENTATION ENGINEERING,Pune,Maharashtra,"Savitribai Phule Pune University, Pune",271142.8571428572,0.0,,Private,Yes,Yes,"www.engg.dypvp
 .edu.i",Other Engineering,45.77142857142856,86.7,70.3,Moderate,Excellent,Not Ranked
Vivekanand Education Society's Institute of Technology,INSTRUMENTATION ENGINEERING,Mumbai,Maharashtra,"University of Mumbai, Mumbai",315500.00000000006,0.0,,Private,Yes,Yes,www.ves.ac.in/ve sit,Other Engineering,38.449999999999996,86.7,67.4,Premium,Excellent,Not Ranked
DKTE Society's Textile and Engineering Institute,MAN-MADE TEXTILE TECHNOLOGY,Kolhapur,Maharashtra,"Shivaji University, Kolhapur",281318.1818181818,0.0,,"Private -
 Autonomous",Yes,Yes,www.dktes.com,Other Engineering,43.736363636363635,86.7,69.5,Moderate,Excellent,Not Ranked
Veermata Jijabai Technological Institute,MECHANICAL ENGINEERING,Mumbai,Maharashtra,"University of Mumbai, Mumbai",177209.41176470587,0.0,,"Government
 Autonomous",Yes,Yes,www.vjti.ac.in,Mechanical Engineering,64.55811764705882,100.0,85.8,Affordable,Excellent,Not Ranked
Shri Guru Gobind Singhji Institute of Engineering and Technology,MECHANICAL ENGINEERING,Vishnupuri,Maharashtra,"Swami Ramanand Teerth Marathwada University, Nanded",247000.0,0.0,,Government Autonomous,Yes,Yes,www.sggs.ac.in,Mechanical Engineering,50.6,100.0,80.2,Moderate,Excellent,Not Ranked
Maharshi Karve Stree Shikshan Samstha Cummins College of Engineering for Women,MECHANICAL ENGINEERING,Nagpur,Maharashtra,"Rashtrasant Tukadoji Maharaj Nagpur University, Nagpur",347000.0,0.0,,"Private -
 Autonomous",Yes,Yes,"www.cumminscol
 lege.o",Mechanical Engineering,35.3,86.7,66.1,Premium,Excellent,Not Ranked
Sardar Patel College of Engineering,MECHANICAL ENGINEERING,Mumbai,Maharashtra,"University of Mumbai, Mumbai",163875.0,0.0,,"Government
 Autonomous",Yes,Yes,www.spce.ac.in,Mechanical Engineering,67.225,86.7,78.9,Affordable,Excellent,Not Ranked
Walchand College of Engineering,MECHANICAL ENGINEERING,Sangli,Maharashtra,"Shivaji University, Kolhapur",202910.0,3.25,,"Government
 Autonomous",Yes,Yes,"www.walchandsa
 ngli.a",Mechanical Engineering,59.418,75.8,69.2,Moderate,Good,Not Ranked
Phaltan Education Society's College of Engineering,MECHANICAL ENGINEERING,Thakurki,Maharashtra,"Dr Babasaheb Ambedkar Technological University, Lonere",197000.0,0.0,,Private,Yes,Yes,www.sanjivanico e.org,Mechanical Engineering,60.6,86.7,76.3,Affordable,Excellent,Not Ranked
"G. H. Raisoni College of Engineering, Nagpur",MECHANICAL ENGINEERING,Nagpur,Maharashtra,Not Available,0.0,0.0,151.0,Private - Autonomous,Yes,Yes,www.ghrce.raiso ni.ne,Mechanical Engineering,,65.3,65.3,Not Available,Good,Top 200
MIT Academy of Engineering,MECHANICAL ENGINEERING,Pune,Maharashtra,"Savitribai Phule Pune University, Pune",500454.5454545455,3.13,,"Private -
 Autonomous",Yes,Yes,"www.maepune.a
 c.in",Mechanical Engineering,19.98181818181818,74.6,52.8,Expensive,Good,Not Ranked
DKTE Society's Textile and Engineering Institute,MECHANICAL ENGINEERING,Kolhapur,Maharashtra,"Shivaji University, Kolhapur",281318.1818181818,0.0,,"Private -
 Autonomous",Yes,Yes,www.dktes.com,Mechanical Engineering,43.736363636363635,86.7,69.5,Moderate,Excellent,Not Ranked
PES College of Engineering,MECHANICAL ENGINEERING,Mandya,Karnataka,"Visvesvaraya Technological University, Belagavi",127875.0,2.99,,Private,No,No,"www.sircrrengg.a
 c.in",Mechanical Engineering,74.425,20.0,41.8,Affordable,Below Average,Not Ranked
Pimpri Chinchwad College of Engineering,MECHANICAL ENGINEERING,Pune,Maharashtra,"Savitribai Phule Pune University, Pune",359000.0,0.0,,Private,Yes,Yes,"www.pccoepune.
 com",Mechanical Engineering,34.1,86.7,65.7,Premium,Excellent,Not Ranked
Terna Public Charitable Trust's Terna Engineering College,MECHANICAL ENGINEERING,Navi Mumbai,Maharashtra,"University of Mumbai, Mumbai",320333.3333333333,0.0,,Private,Yes,Yes,www.terna.org,Mechanical Engineering,37.96666666666667,86.7,67.2,Premium,Excellent,Not Ranked
Sri Prakash College of Engineering,MECHANICAL ENGINEERING,Rajupeta,Andhra Pradesh,"Jawaharlal Nehru Technological University, Kakinada",100250.0,0.0,,Private,Yes,Not Available,www.sveri.ac.in,Mechanical Engineering,79.95,53.3,64.0,Affordable,Average,Not Ranked
Thakur College of Engineering and Technology,MECHANICAL ENGINEERING,Mumbai,Maharashtra,"University of Mumbai, Mumbai",491666.6666666667,3.17,,Private,Yes,Yes,"www.tcetmumbai
 .in",Mechanical Engineering,20.83333333333333,75.0,53.3,Premium,Good,Not Ranked
Jawahar Education Society's AC Patil College of Engineering,MECHANICAL ENGINEERING,Navi Mumbai,Maharashtra,"University of Mumbai, Mumbai",252000.0,0.0,,Private,Yes,Yes,www.piit.ac.in,Mechanical Engineering,49.6,86.7,71.9,Moderate,Excellent,Not Ranked
Dr. DY Patil Institute of Engineering and Technology,MECHANICAL ENGINEERING,Pune,Maharashtra,"Savitribai Phule Pune University, Pune",271142.8571428572,0.0,,Private,Yes,Yes,"www.engg.dypvp
 .edu.i",Mechanical Engineering,45.77142857142856,86.7,70.3,Moderate,Excellent,Not Ranked
Vishwakarma Institute of Information Technology,MECHANICAL ENGINEERING,Pune,Maharashtra,"Savitribai Phule Pune University, Pune",463461.5384615384,3.14,,"Private -
 Autonomous",Yes,Yes,www.viit.ac.in,Mechanical Engineering,23.65384615384616,74.7,54.3,Premium,Good,Not Ranked
Vishwakarma Institute of Technology,MECHANICAL ENGINEERING,Pune,Maharashtra,"Savitribai Phule Pune University, Pune",511550.0,3.53,,"Private -
 Autonomous",Yes,Yes,www.vit.edu,Mechanical Engineering,19.538,78.6,55.0,Expensive,Good,Not Ranked
Yeshwantrao Chavan College of Engineering,MECHANICAL ENGINEERING,Nagpur,Maharashtra,"Rashtrasant Tukadoji Maharaj Nagpur University, Nagpur",443454.5454545455,3.25,151.0,Private,Yes,Not Available,www.ycce.edu,Mechanical Engineering,25.65454545454545,55.2,43.4,Premium,Average,Top 200
Sinhgad College of Engineering,MECHANICAL ENGINEERING,Pune,Maharashtra,"Savitribai Phule Pune University, Pune",400476.1904761905,3.25,,Private,Yes,Not Available,"www.sinhgad.ed
 u",Mechanical Engineering,29.952380952380953,59.2,47.5,Premium,Average,Not Ranked
JSPM's Rajarshi Shahu College of Engineering,MECHANICAL ENGINEERING,Pune,Maharashtra,Not Available,0.0,0.0,151.0,Private,Yes,Yes,www.jspm.edu.in,Mechanical Engineering,,65.3,65.3,Not Available,Good,Top 200
Terna Public Charitable Trust's Terna Engineering College,MECHATRONICS ENGINEERING,Navi Mumbai,Maharashtra,"University of Mumbai, Mumbai",320333.3333333333,0.0,,Private,Yes,Yes,www.terna.org,Mechanical Engineering,37.96666666666667,86.7,67.2,Premium,Excellent,Not Ranked
PES College of Engineering,METALLURGICAL ENGINEERING,Mandya,Karnataka,"Visvesvaraya Technological University, Belagavi",127875.0,2.99,,Private,No,No,"www.sircrrengg.a
 c.in",Mining & Metallurgy,74.425,20.0,41.8,Affordable,Below Average,Not Ranked
Institute of Chemical Technology,"OILS, OLEOCHEMICALS AND SURFACTANTS TECHNOLOGY",Mumbai,Maharashtra,Not Available,189512.8205128205,3.77,41.0,Government,Yes,Not Available,"www.ictmumbai.
 edu.in",Chemical & Biotechnology,62.0974358974359,76.3,70.6,Affordable,Good,Top 50
Institute of Chemical Technology,PHARMACEUTICALS CHEMISTRY AND TECHNOLOGY,Mumbai,Maharashtra,Not Available,189512.8205128205,3.77,41.0,Government,Yes,Not Available,"www.ictmumbai.
 edu.in",Chemical & Biotechnology,62.0974358974359,76.3,70.6,Affordable,Good,Top 50
PES College of Engineering,PLANNING,Mandya,Karnataka,"Visvesvaraya Technological University, Belagavi",127875.0,2.99,,Private,No,No,"www.sircrrengg.a
 c.in",Architecture & Planning,74.425,20.0,41.8,Affordable,Below Average,Not Ranked
Institute of Chemical Technology,POLYMER ENGINEERING AND TECHNOLOGY,Mumbai,Maharashtra,Not Available,189512.8205128205,3.77,41.0,Government,Yes,Not Available,"www.ictmumbai.
 edu.in",Other Engineering,62.0974358974359,76.3,70.6,Affordable,Good,Top 50
Veermata Jijabai Technological Institute,PRODUCTION ENGINEERING,Mumbai,Maharashtra,"University of Mumbai, Mumbai",177209.41176470587,0.0,,"Government
 Autonomous",Yes,Yes,www.vjti.ac.in,Mechanical Engineering,64.55811764705882,100.0,85.8,Affordable,Excellent,Not Ranked
Fr Conceicao Rodrigues College of Engineering,PRODUCTION ENGINEERING,Mumbai,Maharashtra,"University of Mumbai, Mumbai",508285.7142857143,0.0,,Private,Yes,Yes,"www.fragnel.ac.i
 n",Mechanical Engineering,19.668571428571425,86.7,59.9,Expensive,Excellent,Not Ranked
Shri Guru Gobind Singhji Institute of Engineering and Technology,PRODUCTION ENGINEERING,Vishnupuri,Maharashtra,"Swami Ramanand Teerth Marathwada University, Nanded",247000.0,0.0,,Government Autonomous,Yes,Yes,www.sggs.ac.in,Mechanical Engineering,50.6,100.0,80.2,Moderate,Excellent,Not Ranked
Sinhgad College of Engineering,PRODUCTION ENGINEERING,Pune,Maharashtra,"Savitribai Phule Pune University, Pune",400476.1904761905,3.25,,Private,Yes,Not Available,"www.sinhgad.ed
 u",Mechanical Engineering,29.952380952380953,59.2,47.5,Premium,Average,Not Ranked
Vishwakarma Institute of Technology,PRODUCTION ENGINEERING,Pune,Maharashtra,"Savitribai Phule Pune University, Pune",511550.0,3.53,,"Private -
 Autonomous",Yes,Yes,www.vit.edu,Mechanical Engineering,19.538,78.6,55.0,Expensive,Good,Not Ranked
PES College of Engineering,PRODUCTION ENGINEERING (SANDWICH),Mandya,Karnataka,"Visvesvaraya Technological University, Belagavi",127875.0,2.99,,Private,No,No,"www.sircrrengg.a
 c.in",Mechanical Engineering,74.425,20.0,41.8,Affordable,Below Average,Not Ranked
Institute of Chemical Technology,SURFACE COATING TECHNOLOGY,Mumbai,Maharashtra,Not Available,189512.8205128205,3.77,41.0,Government,Yes,Not Available,"www.ictmumbai.
 edu.in",Other Engineering,62.0974358974359,76.3,70.6,Affordable,Good,Top 50
DKTE Society's Textile and Engineering Institute,TEXTILE CHEMISTRY,Kolhapur,Maharashtra,"Shivaji University, Kolhapur",281318.1818181818,0.0,,"Private -
 Autonomous",Yes,Yes,www.dktes.com,Sciences,43.736363636363635,86.7,69.5,Moderate,Excellent,Not Ranked
DKTE Society's Textile and Engineering Institute,TEXTILE PLANT ENGINEERING,Kolhapur,Maharashtra,"Shivaji University, Kolhapur",281318.1818181818,0.0,,"Private -
 Autonomous",Yes,Yes,www.dktes.com,Other Engineering,43.736363636363635,86.7,69.5,Moderate,Excellent,Not Ranked
Veermata Jijabai Technological Institute,TEXTILE TECHNOLOGY,Mumbai,Maharashtra,"University of Mumbai, Mumbai",177209.41176470587,0.0,,"Government
 Autonomous",Yes,Yes,www.vjti.ac.in,Other Engineering,64.55811764705882,100.0,85.8,Affordable,Excellent,Not Ranked
Shri Guru Gobind Singhji Institute of Engineering and Technology,TEXTILE TECHNOLOGY,Vishnupuri,Maharashtra,"Swami Ramanand Teerth Marathwada University, Nanded",247000.0,0.0,,Government Autonomous,Yes,Yes,www.sggs.ac.in,Other Engineering,50.6,100.0,80.2,Moderate,Excellent,Not Ranked
DKTE Society's Textile and Engineering Institute,TEXTILE TECHNOLOGY,Kolhapur,Maharashtra,"Shivaji University, Kolhapur",281318.1818181818,0.0,,"Private -
 Autonomous",Yes,Yes,www.dktes.com,Other Engineering,43.736363636363635,86.7,69.5,Moderate,Excellent,Not Ranked
Veer Surendra Sai University of Technology,CHEMICAL ENGINEERING,Burla,Odisha,Not Available,135975.25,2.76,151.0,Government Autonomous,Not Available,Not Available,-,Chemical & Biotechnology,72.80495,46.3,56.9,Affordable,Average,Top 200
Veer Surendra Sai University of Technology,CIVIL ENGINEERING,Burla,Odisha,Not Available,135975.25,2.76,151.0,Government Autonomous,Not Available,Not Available,-,Civil Engineering,72.80495,46.3,56.9,Affordable,Average,Top 200
Veer Surendra Sai University of Technology,COMPUTER SCIENCE & ENGINEERING,Burla,Odisha,Not Available,135975.25,2.76,151.0,Government Autonomous,Not Available,Not Available,-,Computer Science & IT,72.80495,46.3,56.9,Affordable,Average,Top 200
Veer Surendra Sai University of Technology,ELECTRICAL AND ELECTRONICS ENGINEERING,Burla,Odisha,Not Available,135975.25,2.76,151.0,Government Autonomous,Not Available,Not Available,-,Electronics & Communication,72.80495,46.3,56.9,Affordable,Average,Top 200
Veer Surendra Sai University of Technology,ELECTRICAL ENGINEERING,Burla,Odisha,Not Available,135975.25,2.76,151.0,Government Autonomous,Not Available,Not Available,-,Electrical & Power,72.80495,46.3,56.9,Affordable,Average,Top 200
Veer Surendra Sai University of Technology,ELECTRONICS AND TELECOMMUNICATIONS ENGINEERING,Burla,Odisha,Not Available,135975.25,2.76,151.0,Government Autonomous,Not Available,Not Available,-,Electronics & Communication,72.80495,46.3,56.9,Affordable,Average,Top 200
Veer Surendra Sai University of Technology,INFORMATION TECHNOLOGY,Burla,Odisha,Not Available,135975.25,2.76,151.0,Government Autonomous,Not Available,Not Available,-,Computer Science & IT,72.80495,46.3,56.9,Affordable,Average,Top 200
Veer Surendra Sai University of Technology,MECHANICAL ENGINEERING,Burla,Odisha,Not Available,135975.25,2.76,151.0,Government Autonomous,Not Available,Not Available,-,Mechanical Engineering,72.80495,46.3,56.9,Affordable,Average,Top 200
Veer Surendra Sai University of Technology,METALLURGICAL AND MATERIALS ENGINEERING,Burla,Odisha,Not Available,135975.25,2.76,151.0,Government Autonomous,Not Available,Not Available,-,Mining & Metallurgy,72.80495,46.3,56.9,Affordable,Average,Top 200
Veer Surendra Sai University of Technology,PRODUCTION ENGINEERING,Burla,Odisha,Not Available,135975.25,2.76,151.0,Government Autonomous,Not Available,Not Available,-,Mechanical Engineering,72.80495,46.3,56.9,Affordable,Average,Top 200
Kalinga Institute of Industrial Technology,AEROSPACE ENGINEERING,Bhubaneshwar,Odisha,Not Available,2009710.0,3.48,37.0,Private,No,No,www.kiit.org,Aerospace & Aeronautical,0.0,61.4,36.8,Expensive,Good,Top 50
Kalinga Institute of Industrial Technology,BIOTECHNOLOGY,Bhubaneshwar,Odisha,Not Available,2009710.0,3.48,37.0,Private,No,No,www.kiit.org,Chemical & Biotechnology,0.0,61.4,36.8,Expensive,Good,Top 50
CV Raman College of Engineering,CHEMICAL ENGINEERING,Bhubaneswar,Odisha,"Biju Patnaik University of Technology, Rourkela",339375.0,3.16,,Private,No,Not Available,www.cvrce.edu.i n,Chemical & Biotechnology,36.0625,41.6,39.4,Premium,Average,Not Ranked
Kalinga Institute of Industrial Technology,CHEMICAL TECHNOLOGY,Bhubaneshwar,Odisha,Not Available,2009710.0,3.48,37.0,Private,No,No,www.kiit.org,Chemical & Biotechnology,0.0,61.4,36.8,Expensive,Good,Top 50
Sophitorium Engineering College,CIVIL ENGINEERING,Khurdha,Odisha,"Biju Patnaik University of Technology, Rourkela",210833.33333333337,0.0,,Private,No,No,www.sophitoriu m.org,Civil Engineering,57.83333333333333,20.0,35.1,Moderate,Below Average,Not Ranked
CV Raman College of Engineering,CIVIL ENGINEERING,Bhubaneswar,Odisha,"Biju Patnaik University of Technology, Rourkela",339375.0,3.16,,Private,No,Not Available,www.cvrce.edu.i n,Civil Engineering,36.0625,41.6,39.4,Premium,Average,Not Ranked
Kalinga Institute of Industrial Technology,CIVIL ENGINEERING,Bhubaneshwar,Odisha,Not Available,2009710.0,3.48,37.0,Private,No,No,www.kiit.org,Civil Engineering,0.0,61.4,36.8,Expensive,Good,Top 50
Sophitorium Engineering College,COMPUTER SCIENCE AND ENGINEERING,Khurdha,Odisha,"Biju Patnaik University of Technology, Rourkela",210833.33333333337,0.0,,Private,No,No,www.sophitoriu m.org,Computer Science & IT,57.83333333333333,20.0,35.1,Moderate,Below Average,Not Ranked
CV Raman College of Engineering,COMPUTER SCIENCE AND ENGINEERING,Bhubaneswar,Odisha,"Biju Patnaik University of Technology, Rourkela",339375.0,3.16,,Private,No,Not Available,www.cvrce.edu.i n,Computer Science & IT,36.0625,41.6,39.4,Premium,Average,Not Ranked
Silicon Institute of Technology,COMPUTER SCIENCE AND ENGINEERING,Bhubaneswar,Odisha,"Biju Patnaik University of Technology, Rourkela",421875.0,0.0,,Private,No,No,www.silicon.ac.in,Computer Science & IT,27.8125,20.0,23.1,Premium,Below Average,Not Ranked
Kalinga Institute of Industrial Technology,COMPUTER SCIENCE AND ENGINEERING,Bhubaneshwar,Odisha,Not Available,2009710.0,3.48,37.0,Private,No,No,www.kiit.org,Computer Science & IT,0.0,61.4,36.8,Expensive,Good,Top 50
CV Raman College of Engineering,COMPUTER SCIENCE AND INFORMATION TECHNOLOGY,Bhubaneswar,Odisha,"Biju Patnaik University of Technology, Rourkela",339375.0,3.16,,Private,No,Not Available,www.cvrce.edu.i n,Computer Science & IT,36.0625,41.6,39.4,Premium,Average,Not Ranked
CV Raman College of Engineering,ELECTRICAL AND ELECTRONICS ENGINEERING,Bhubaneswar,Odisha,"Biju Patnaik University of Technology, Rourkela",339375.0,3.16,,Private,No,Not Available,www.cvrce.edu.i n,Electronics & Communication,36.0625,41.6,39.4,Premium,Average,Not Ranked
Silicon Institute of Technology,ELECTRICAL AND ELECTRONICS ENGINEERING,Bhubaneswar,Odisha,"Biju Patnaik University of Technology, Rourkela",421875.0,0.0,,Private,No,No,www.silicon.ac.in,Electronics & Communication,27.8125,20.0,23.1,Premium,Below Average,Not Ranked
Sophitorium Engineering College,ELECTRICAL ENGINEERING,Khurdha,Odisha,"Biju Patnaik University of Technology, Rourkela",210833.33333333337,0.0,,Private,No,No,www.sophitoriu m.org,Electrical & Power,57.83333333333333,20.0,35.1,Moderate,Below Average,Not Ranked
Kalinga Institute of Industrial Technology,ELECTRICAL ENGINEERING,Bhubaneshwar,Odisha,Not Available,2009710.0,3.48,37.0,Private,No,No,www.kiit.org,Electrical & Power,0.0,61.4,36.8,Expensive,Good,Top 50
CV Raman College of Engineering,ELECTRICAL ENGINEERING,Bhubaneswar,Odisha,"Biju Patnaik University of Technology, Rourkela",339375.0,3.16,,Private,No,Not Available,www.cvrce.edu.i n,Electrical & Power,36.0625,41.6,39.4,Premium,Average,Not Ranked
Sophitorium Engineering College,ELECTRONICS & COMMUNICATION ENGG,Khurdha,Odisha,"Biju Patnaik University of Technology, Rourkela",210833.33333333337,0.0,,Private,No,No,www.sophitoriu m.org,Electronics & Communication,57.83333333333333,20.0,35.1,Moderate,Below Average,Not Ranked
Silicon Institute of Technology,ELECTRONICS & INSTRUMENTATION ENGINEERING,Bhubaneswar,Odisha,"Biju Patnaik University of Technology, Rourkela",421875.0,0.0,,Private,No,No,www.silicon.ac.in,Electronics & Communication,27.8125,20.0,23.1,Premium,Below Average,Not Ranked
CV Raman College of Engineering,ELECTRONICS & TELE- COMMUNICATION ENGINEERING,Bhubaneswar,Odisha,"Biju Patnaik University of Technology, Rourkela",339375.0,3.16,,Private,No,Not Available,www.cvrce.edu.i n,Electronics & Communication,36.0625,41.6,39.4,Premium,Average,Not Ranked
Silicon Institute of Technology,ELECTRONICS AND COMMUNICATIONS ENGINEERING,Bhubaneswar,Odisha,"Biju Patnaik University of Technology, Rourkela",421875.0,0.0,,Private,No,No,www.silicon.ac.in,Electronics & Communication,27.8125,20.0,23.1,Premium,Below Average,Not Ranked
Kalinga Institute of Industrial Technology,ELECTRONICS AND CONTROL SYSTEMS,Bhubaneshwar,Odisha,Not Available,2009710.0,3.48,37.0,Private,No,No,www.kiit.org,Electronics & Communication,0.0,61.4,36.8,Expensive,Good,Top 50
Kalinga Institute of Industrial Technology,ELECTRONICS AND ELECTRICAL ENGINEERING,Bhubaneshwar,Odisha,Not Available,2009710.0,3.48,37.0,Private,No,No,www.kiit.org,Electronics & Communication,0.0,61.4,36.8,Expensive,Good,Top 50
Kalinga Institute of Industrial Technology,ELECTRONICS AND INSTRUMENTATION ENGINEERING,Bhubaneshwar,Odisha,Not Available,2009710.0,3.48,37.0,Private,No,No,www.kiit.org,Electronics & Communication,0.0,61.4,36.8,Expensive,Good,Top 50
Kalinga Institute of Industrial Technology,ELECTRONICS AND TELECOMMUNICATIONS ENGINEERING,Bhubaneshwar,Odisha,Not Available,2009710.0,3.48,37.0,Private,No,No,www.kiit.org,Electronics & Communication,0.0,61.4,36.8,Expensive,Good,Top 50
Kalinga Institute of Industrial Technology,INFORMATION TECHNOLOGY,Bhubaneshwar,Odisha,Not Available,2009710.0,3.48,37.0,Private,No,No,www.kiit.org,Computer Science & IT,0.0,61.4,36.8,Expensive,Good,Top 50
CV Raman College of Engineering,MARINE ENGINEERING,Bhubaneswar,Odisha,"Biju Patnaik University of Technology, Rourkela",339375.0,3.16,,Private,No,Not Available,www.cvrce.edu.i n,Other Engineering,36.0625,41.6,39.4,Premium,Average,Not Ranked
Sophitorium Engineering College,MECHANICAL ENGINEERING,Khurdha,Odisha,"Biju Patnaik University of Technology, Rourkela",210833.33333333337,0.0,,Private,No,No,www.sophitoriu m.org,Mechanical Engineering,57.83333333333333,20.0,35.1,Moderate,Below Average,Not Ranked
Kalinga Institute of Industrial Technology,MECHANICAL ENGINEERING,Bhubaneshwar,Odisha,Not Available,2009710.0,3.48,37.0,Private,No,No,www.kiit.org,Mechanical Engineering,0.0,61.4,36.8,Expensive,Good,Top 50
CV Raman College of Engineering,MECHANICAL ENGINEERING,Bhubaneswar,Odisha,"Biju Patnaik University of Technology, Rourkela",339375.0,3.16,,Private,No,Not Available,www.cvrce.edu.i n,Mechanical Engineering,36.0625,41.6,39.4,Premium,Average,Not Ranked
Kalinga Institute of Industrial Technology,MECHANICAL ENGINEERING AUTOMOBILE,Bhubaneshwar,Odisha,Not Available,2009710.0,3.48,37.0,Private,No,No,www.kiit.org,Mechanical Engineering,0.0,61.4,36.8,Expensive,Good,Top 50
Kalinga Institute of Industrial Technology,MECHATRONICS,Bhubaneshwar,Odisha,Not Available,2009710.0,3.48,37.0,Private,No,No,www.kiit.org,Mechanical Engineering,0.0,61.4,36.8,Expensive,Good,Top 50
Indira Gandhi Institute of Technology,CHEMICAL ENGINEERING,Khalapal,Odisha,"Biju Patnaik University of Technology, Rourkela",161636.36363636365,0.0,,Government Autonomous,Yes,Yes,www.igitsarang.a c.in,Chemical & Biotechnology,67.67272727272727,100.0,87.1,Affordable,Excellent,Not Ranked
Indira Gandhi Institute of Technology,CIVIL ENGINEERING,Khalapal,Odisha,"Biju Patnaik University of Technology, Rourkela",161636.36363636365,0.0,,Government Autonomous,Yes,Yes,www.igitsarang.a c.in,Civil Engineering,67.67272727272727,100.0,87.1,Affordable,Excellent,Not Ranked
Indira Gandhi Institute of Technology,COMPUTER SCIENCE AND ENGINEERING,Khalapal,Odisha,"Biju Patnaik University of Technology, Rourkela",161636.36363636365,0.0,,Government Autonomous,Yes,Yes,www.igitsarang.a c.in,Computer Science & IT,67.67272727272727,100.0,87.1,Affordable,Excellent,Not Ranked
Indira Gandhi Institute of Technology,ELECTRICAL ENGINEERING,Khalapal,Odisha,"Biju Patnaik University of Technology, Rourkela",161636.36363636365,0.0,,Government Autonomous,Yes,Yes,www.igitsarang.a c.in,Electrical & Power,67.67272727272727,100.0,87.1,Affordable,Excellent,Not Ranked
Indira Gandhi Institute of Technology,ELECTRONICS AND TELECOMMUNICATIONS ENGINEERING,Khalapal,Odisha,"Biju Patnaik University of Technology, Rourkela",161636.36363636365,0.0,,Government Autonomous,Yes,Yes,www.igitsarang.a c.in,Electronics & Communication,67.67272727272727,100.0,87.1,Affordable,Excellent,Not Ranked
Indira Gandhi Institute of Technology,MECHANICAL ENGINEERING,Khalapal,Odisha,"Biju Patnaik University of Technology, Rourkela",161636.36363636365,0.0,,Government Autonomous,Yes,Yes,www.igitsarang.a c.in,Mechanical Engineering,67.67272727272727,100.0,87.1,Affordable,Excellent,Not Ranked
Indira Gandhi Institute of Technology,METALLURGICAL AND MATERIALS ENGINEERING,Khalapal,Odisha,"Biju Patnaik University of Technology, Rourkela",161636.36363636365,0.0,,Government Autonomous,Yes,Yes,www.igitsarang.a c.in,Mining & Metallurgy,67.67272727272727,100.0,87.1,Affordable,Excellent,Not Ranked
Indira Gandhi Institute of Technology,PRODUCTION ENGINEERING,Khalapal,Odisha,"Biju Patnaik University of Technology, Rourkela",161636.36363636365,0.0,,Government Autonomous,Yes,Yes,www.igitsarang.a c.in,Mechanical Engineering,67.67272727272727,100.0,87.1,Affordable,Excellent,Not Ranked
Pondicherry Engineering College,CHEMICAL ENGINEERING,Pillaichavady,Puducherry,"Pondicherry University, Puducherry",254650.0,0.0,,"Government
 Autonomous",Yes,Yes,www.pec.edu,Chemical & Biotechnology,49.07,100.0,79.6,Moderate,Excellent,Not Ranked
Pondicherry Engineering College,CIVIL ENGINEERING,Pillaichavady,Puducherry,"Pondicherry University, Puducherry",254650.0,0.0,,"Government
 Autonomous",Yes,Yes,www.pec.edu,Civil Engineering,49.07,100.0,79.6,Moderate,Excellent,Not Ranked
Pondicherry Engineering College,COMPUTER SCIENCE AND ENGINEERING,Pillaichavady,Puducherry,"Pondicherry University, Puducherry",254650.0,0.0,,"Government
 Autonomous",Yes,Yes,www.pec.edu,Computer Science & IT,49.07,100.0,79.6,Moderate,Excellent,Not Ranked
Pondicherry Engineering College,ELECTRICAL AND ELECTRONICS ENGINEERING,Pillaichavady,Puducherry,"Pondicherry University, Puducherry",254650.0,0.0,,"Government
 Autonomous",Yes,Yes,www.pec.edu,Electronics & Communication,49.07,100.0,79.6,Moderate,Excellent,Not Ranked
Pondicherry Engineering College,ELECTRONICS & COMMUNICATION ENGG,Pillaichavady,Puducherry,"Pondicherry University, Puducherry",254650.0,0.0,,"Government
 Autonomous",Yes,Yes,www.pec.edu,Electronics & Communication,49.07,100.0,79.6,Moderate,Excellent,Not Ranked
Pondicherry Engineering College,ELECTRONICS AND INSTRUMENTATION ENGINEERING,Pillaichavady,Puducherry,"Pondicherry University, Puducherry",254650.0,0.0,,"Government
 Autonomous",Yes,Yes,www.pec.edu,Electronics & Communication,49.07,100.0,79.6,Moderate,Excellent,Not Ranked
Pondicherry Engineering College,INFORMATION TECHNOLOGY,Pillaichavady,Puducherry,"Pondicherry University, Puducherry",254650.0,0.0,,"Government
 Autonomous",Yes,Yes,www.pec.edu,Computer Science & IT,49.07,100.0,79.6,Moderate,Excellent,Not Ranked
Pondicherry Engineering College,MECHANICAL ENGINEERING,Pillaichavady,Puducherry,"Pondicherry University, Puducherry",254650.0,0.0,,"Government
 Autonomous",Yes,Yes,www.pec.edu,Mechanical Engineering,49.07,100.0,79.6,Moderate,Excellent,Not Ranked
Baba Banda Singh Bahadur Engineering College,AGRICULTURE ENGINEERING,Fatehgarh Sahib,Punjab,"IK Gujral Punjab Technical University, Jalandhar",263928.5714285714,0.0,,Private,Not Available,Not Available,-,Agriculture & Food Tech,47.214285714285715,20.0,30.9,Moderate,Below Average,Not Ranked
Baba Banda Singh Bahadur Engineering College,CIVIL ENGINEERING,Fatehgarh Sahib,Punjab,"IK Gujral Punjab Technical University, Jalandhar",263928.5714285714,0.0,,Private,Not Available,Not Available,-,Civil Engineering,47.214285714285715,20.0,30.9,Moderate,Below Average,Not Ranked
Swami Parmanand College of Engineering and Technology,CIVIL ENGINEERING,aganpur,Punjab,"IK Gujral Punjab Technical University, Jalandhar",220000.0,0.0,,Private,Not Available,Not Available,-,Civil Engineering,56.0,20.0,34.4,Moderate,Below Average,Not Ranked
Swami Parmanand College of Engineering and Technology,COMPUTER SCIENCE & ENGINEERING,aganpur,Punjab,"IK Gujral Punjab Technical University, Jalandhar",220000.0,0.0,,Private,Not Available,Not Available,-,Computer Science & IT,56.0,20.0,34.4,Moderate,Below Average,Not Ranked
Baba Banda Singh Bahadur Engineering College,COMPUTER SCIENCE & ENGINEERING,Fatehgarh Sahib,Punjab,"IK Gujral Punjab Technical University, Jalandhar",263928.5714285714,0.0,,Private,Not Available,Not Available,-,Computer Science & IT,47.214285714285715,20.0,30.9,Moderate,Below Average,Not Ranked
Swami Parmanand College of Engineering and Technology,ELECTRICAL AND ELECTRONICS ENGINEERING,aganpur,Punjab,"IK Gujral Punjab Technical University, Jalandhar",220000.0,0.0,,Private,Not Available,Not Available,-,Electronics & Communication,56.0,20.0,34.4,Moderate,Below Average,Not Ranked
Baba Banda Singh Bahadur Engineering College,ELECTRICAL ENGINEERING,Fatehgarh Sahib,Punjab,"IK Gujral Punjab Technical University, Jalandhar",263928.5714285714,0.0,,Private,Not Available,Not Available,-,Electrical & Power,47.214285714285715,20.0,30.9,Moderate,Below Average,Not Ranked
Baba Banda Singh Bahadur Engineering College,ELECTRONICS & COMMUNICATION ENGG,Fatehgarh Sahib,Punjab,"IK Gujral Punjab Technical University, Jalandhar",263928.5714285714,0.0,,Private,Not Available,Not Available,-,Electronics & Communication,47.214285714285715,20.0,30.9,Moderate,Below Average,Not Ranked
Swami Parmanand College of Engineering and Technology,ELECTRONICS & COMMUNICATION ENGG,aganpur,Punjab,"IK Gujral Punjab Technical University, Jalandhar",220000.0,0.0,,Private,Not Available,Not Available,-,Electronics & Communication,56.0,20.0,34.4,Moderate,Below Average,Not Ranked
Swami Parmanand College of Engineering and Technology,MECHANICAL ENGINEERING,aganpur,Punjab,"IK Gujral Punjab Technical University, Jalandhar",220000.0,0.0,,Private,Not Available,Not Available,-,Mechanical Engineering,56.0,20.0,34.4,Moderate,Below Average,Not Ranked
Baba Banda Singh Bahadur Engineering College,MECHANICAL ENGINEERING,Fatehgarh Sahib,Punjab,"IK Gujral Punjab Technical University, Jalandhar",263928.5714285714,0.0,,Private,Not Available,Not Available,-,Mechanical Engineering,47.214285714285715,20.0,30.9,Moderate,Below Average,Not Ranked
Global Institute of Management and Emerging Technologies,ARCHITECTURE AND INTERIOR DECORATION,Amritsar,Punjab,"IK Gujral Punjab Technical University, Jalandhar",193333.3333333333,0.0,,Private,No,Not Available,"www.globalinstit
 utes",Architecture & Planning,61.333333333333336,20.0,36.5,Affordable,Below Average,Not Ranked
Institute of Engineering and Technology,CIVIL ENGINEERING,Lucknow,Uttar Pradesh,"Dr APJ Abdul Kalam Technical University, Lucknow",265307.6923076923,0.0,,Private,No,No,"www.davietjal.or
 g",Civil Engineering,46.93846153846154,20.0,30.8,Moderate,Below Average,Not Ranked
Adesh Institute of Technology,CIVIL ENGINEERING,Gharuan,Punjab,"IK Gujral Punjab Technical University, Jalandhar",273000.0,0.0,,Private,No,No,www.adesh.in,Civil Engineering,45.4,20.0,30.2,Moderate,Below Average,Not Ranked
Global Institute of Management and Emerging Technologies,CIVIL ENGINEERING,Amritsar,Punjab,"IK Gujral Punjab Technical University, Jalandhar",193333.3333333333,0.0,,Private,No,Not Available,"www.globalinstit
 utes",Civil Engineering,61.333333333333336,20.0,36.5,Affordable,Below Average,Not Ranked
Gulzar Group of Institutes,CIVIL ENGINEERING,Ludhiana,Punjab,"IK Gujral Punjab Technical University, Jalandhar",217285.7142857143,0.0,,Private,No,No,www.ggi.ac.in,Civil Engineering,56.542857142857144,20.0,34.6,Moderate,Below Average,Not Ranked
Adesh Institute of Technology,COMPUTER SCIENCE & ENGINEERING,Gharuan,Punjab,"IK Gujral Punjab Technical University, Jalandhar",273000.0,0.0,,Private,No,No,www.adesh.in,Computer Science & IT,45.4,20.0,30.2,Moderate,Below Average,Not Ranked
Institute of Engineering and Technology,COMPUTER SCIENCE & ENGINEERING,Lucknow,Uttar Pradesh,"Dr APJ Abdul Kalam Technical University, Lucknow",265307.6923076923,0.0,,Private,No,No,"www.davietjal.or
 g",Computer Science & IT,46.93846153846154,20.0,30.8,Moderate,Below Average,Not Ranked
CGC College of Engineering,COMPUTER SCIENCE & ENGINEERING,Landran,Punjab,"IK Gujral Punjab Technical University, Jalandhar",275428.5714285714,0.0,,Private,No,No,www.cgc.edu.in,Computer Science & IT,44.91428571428571,20.0,30.0,Moderate,Below Average,Not Ranked
Chandigarh Engineering College,COMPUTER SCIENCE & ENGINEERING,Landran,Punjab,"IK Gujral Punjab Technical University, Jalandhar",272444.44444444444,0.0,,Private,No,No,www.cgc.edu.in,Computer Science & IT,45.51111111111111,20.0,30.2,Moderate,Below Average,Not Ranked
Global Institute of Management and Emerging Technologies,COMPUTER SCIENCE AND ENGINEERING,Amritsar,Punjab,"IK Gujral Punjab Technical University, Jalandhar",193333.3333333333,0.0,,Private,No,Not Available,"www.globalinstit
 utes",Computer Science & IT,61.333333333333336,20.0,36.5,Affordable,Below Average,Not Ranked
Gulzar Group of Institutes,COMPUTER SCIENCE AND ENGINEERING,Ludhiana,Punjab,"IK Gujral Punjab Technical University, Jalandhar",217285.7142857143,0.0,,Private,No,No,www.ggi.ac.in,Computer Science & IT,56.542857142857144,20.0,34.6,Moderate,Below Average,Not Ranked
Adesh Institute of Technology,ELECTRICAL ENGINEERING,Gharuan,Punjab,"IK Gujral Punjab Technical University, Jalandhar",273000.0,0.0,,Private,No,No,www.adesh.in,Electrical & Power,45.4,20.0,30.2,Moderate,Below Average,Not Ranked
Institute of Engineering and Technology,ELECTRICAL ENGINEERING,Lucknow,Uttar Pradesh,"Dr APJ Abdul Kalam Technical University, Lucknow",265307.6923076923,0.0,,Private,No,No,"www.davietjal.or
 g",Electrical & Power,46.93846153846154,20.0,30.8,Moderate,Below Average,Not Ranked
Adesh Institute of Technology,ELECTRONICS & COMMUNICATION ENGG,Gharuan,Punjab,"IK Gujral Punjab Technical University, Jalandhar",273000.0,0.0,,Private,No,No,www.adesh.in,Electronics & Communication,45.4,20.0,30.2,Moderate,Below Average,Not Ranked
Global Institute of Management and Emerging Technologies,ELECTRONICS & COMMUNICATION ENGG,Amritsar,Punjab,"IK Gujral Punjab Technical University, Jalandhar",193333.3333333333,0.0,,Private,No,Not Available,"www.globalinstit
 utes",Electronics & Communication,61.333333333333336,20.0,36.5,Affordable,Below Average,Not Ranked
CGC College of Engineering,ELECTRONICS & COMMUNICATION ENGG,Landran,Punjab,"IK Gujral Punjab Technical University, Jalandhar",275428.5714285714,0.0,,Private,No,No,www.cgc.edu.in,Electronics & Communication,44.91428571428571,20.0,30.0,Moderate,Below Average,Not Ranked
Gulzar Group of Institutes,ELECTRONICS & COMMUNICATION ENGG,Ludhiana,Punjab,"IK Gujral Punjab Technical University, Jalandhar",217285.7142857143,0.0,,Private,No,No,www.ggi.ac.in,Electronics & Communication,56.542857142857144,20.0,34.6,Moderate,Below Average,Not Ranked
Chandigarh Engineering College,ELECTRONICS & COMMUNICATION ENGG,Landran,Punjab,"IK Gujral Punjab Technical University, Jalandhar",272444.44444444444,0.0,,Private,No,No,www.cgc.edu.in,Electronics & Communication,45.51111111111111,20.0,30.2,Moderate,Below Average,Not Ranked
Institute of Engineering and Technology,ELECTRONICS AND COMMUNICATIONS ENGINEERING,Lucknow,Uttar Pradesh,"Dr APJ Abdul Kalam Technical University, Lucknow",265307.6923076923,0.0,,Private,No,No,"www.davietjal.or
 g",Electronics & Communication,46.93846153846154,20.0,30.8,Moderate,Below Average,Not Ranked
Institute of Engineering and Technology,INFORMATION TECHNOLOGY,Lucknow,Uttar Pradesh,"Dr APJ Abdul Kalam Technical University, Lucknow",265307.6923076923,0.0,,Private,No,No,"www.davietjal.or
 g",Computer Science & IT,46.93846153846154,20.0,30.8,Moderate,Below Average,Not Ranked
Global Institute of Management and Emerging Technologies,INFORMATION TECHNOLOGY,Amritsar,Punjab,"IK Gujral Punjab Technical University, Jalandhar",193333.3333333333,0.0,,Private,No,Not Available,"www.globalinstit
 utes",Computer Science & IT,61.333333333333336,20.0,36.5,Affordable,Below Average,Not Ranked
Chandigarh Engineering College,INFORMATION TECHNOLOGY,Landran,Punjab,"IK Gujral Punjab Technical University, Jalandhar",272444.44444444444,0.0,,Private,No,No,www.cgc.edu.in,Computer Science & IT,45.51111111111111,20.0,30.2,Moderate,Below Average,Not Ranked
Institute of Engineering and Technology,MECHANICAL ENGINEERING,Lucknow,Uttar Pradesh,"Dr APJ Abdul Kalam Technical University, Lucknow",265307.6923076923,0.0,,Private,No,No,"www.davietjal.or
 g",Mechanical Engineering,46.93846153846154,20.0,30.8,Moderate,Below Average,Not Ranked
Gulzar Group of Institutes,MECHANICAL ENGINEERING,Ludhiana,Punjab,"IK Gujral Punjab Technical University, Jalandhar",217285.7142857143,0.0,,Private,No,No,www.ggi.ac.in,Mechanical Engineering,56.542857142857144,20.0,34.6,Moderate,Below Average,Not Ranked
Adesh Institute of Technology,MECHANICAL ENGINEERING,Gharuan,Punjab,"IK Gujral Punjab Technical University, Jalandhar",273000.0,0.0,,Private,No,No,www.adesh.in,Mechanical Engineering,45.4,20.0,30.2,Moderate,Below Average,Not Ranked
Global Institute of Management and Emerging Technologies,MECHANICAL ENGINEERING,Amritsar,Punjab,"IK Gujral Punjab Technical University, Jalandhar",193333.3333333333,0.0,,Private,No,Not Available,"www.globalinstit
 utes",Mechanical Engineering,61.333333333333336,20.0,36.5,Affordable,Below Average,Not Ranked
CGC College of Engineering,MECHANICAL ENGINEERING,Landran,Punjab,"IK Gujral Punjab Technical University, Jalandhar",275428.5714285714,0.0,,Private,No,No,www.cgc.edu.in,Mechanical Engineering,44.91428571428571,20.0,30.0,Moderate,Below Average,Not Ranked
Chandigarh Engineering College,MECHANICAL ENGINEERING,Landran,Punjab,"IK Gujral Punjab Technical University, Jalandhar",272444.44444444444,0.0,,Private,No,No,www.cgc.edu.in,Mechanical Engineering,45.51111111111111,20.0,30.2,Moderate,Below Average,Not Ranked
Guru Nanak Dev Engineering College,CIVIL ENGINEERING,Ludhiana,Punjab,"IK Gujral Punjab Technical University, Jalandhar",225840.0,3.1,,"Government
 Autonomous",Yes,Yes,www.gndec.ac.in,Civil Engineering,54.832,86.7,74.0,Moderate,Excellent,Not Ranked
Amritsar College of Engineering and Technology,CIVIL ENGINEERING,Amritsar,Punjab,"IK Gujral Punjab Technical University, Jalandhar",294750.0,3.05,,"Private -
 Autonomous",Yes,Yes,"www.acetamritsa
 r.ac.",Civil Engineering,41.05,73.8,60.7,Moderate,Good,Not Ranked
Amritsar College of Engineering and Technology,COMPUTER SCIENCE AND ENGINEERING,Amritsar,Punjab,"IK Gujral Punjab Technical University, Jalandhar",294750.0,3.05,,"Private -
 Autonomous",Yes,Yes,"www.acetamritsa
 r.ac.",Computer Science & IT,41.05,73.8,60.7,Moderate,Good,Not Ranked
Guru Nanak Dev Engineering College,COMPUTER SCIENCE AND TECHNOLOGY,Ludhiana,Punjab,"IK Gujral Punjab Technical University, Jalandhar",225840.0,3.1,,"Government
 Autonomous",Yes,Yes,www.gndec.ac.in,Computer Science & IT,54.832,86.7,74.0,Moderate,Excellent,Not Ranked
Amritsar College of Engineering and Technology,ELECTRICAL ENGINEERING,Amritsar,Punjab,"IK Gujral Punjab Technical University, Jalandhar",294750.0,3.05,,"Private -
 Autonomous",Yes,Yes,"www.acetamritsa
 r.ac.",Electrical & Power,41.05,73.8,60.7,Moderate,Good,Not Ranked
Guru Nanak Dev Engineering College,ELECTRICAL ENGINEERING,Ludhiana,Punjab,"IK Gujral Punjab Technical University, Jalandhar",225840.0,3.1,,"Government
 Autonomous",Yes,Yes,www.gndec.ac.in,Electrical & Power,54.832,86.7,74.0,Moderate,Excellent,Not Ranked
Guru Nanak Dev Engineering College,ELECTRONICS & COMMUNICATION ENGG,Ludhiana,Punjab,"IK Gujral Punjab Technical University, Jalandhar",225840.0,3.1,,"Government
 Autonomous",Yes,Yes,www.gndec.ac.in,Electronics & Communication,54.832,86.7,74.0,Moderate,Excellent,Not Ranked
Amritsar College of Engineering and Technology,ELECTRONICS AND COMMUNICATIONS ENGINEERING,Amritsar,Punjab,"IK Gujral Punjab Technical University, Jalandhar",294750.0,3.05,,"Private -
 Autonomous",Yes,Yes,"www.acetamritsa
 r.ac.",Electronics & Communication,41.05,73.8,60.7,Moderate,Good,Not Ranked
Amritsar College of Engineering and Technology,INFORMATION TECHNOLOGY,Amritsar,Punjab,"IK Gujral Punjab Technical University, Jalandhar",294750.0,3.05,,"Private -
 Autonomous",Yes,Yes,"www.acetamritsa
 r.ac.",Computer Science & IT,41.05,73.8,60.7,Moderate,Good,Not Ranked
Guru Nanak Dev Engineering College,INFORMATION TECHNOLOGY,Ludhiana,Punjab,"IK Gujral Punjab Technical University, Jalandhar",225840.0,3.1,,"Government
 Autonomous",Yes,Yes,www.gndec.ac.in,Computer Science & IT,54.832,86.7,74.0,Moderate,Excellent,Not Ranked
Guru Nanak Dev Engineering College,MECHANICAL ENGINEERING,Ludhiana,Punjab,"IK Gujral Punjab Technical University, Jalandhar",225840.0,3.1,,"Government
 Autonomous",Yes,Yes,www.gndec.ac.in,Mechanical Engineering,54.832,86.7,74.0,Moderate,Excellent,Not Ranked
Amritsar College of Engineering and Technology,MECHANICAL ENGINEERING,Amritsar,Punjab,"IK Gujral Punjab Technical University, Jalandhar",294750.0,3.05,,"Private -
 Autonomous",Yes,Yes,"www.acetamritsa
 r.ac.",Mechanical Engineering,41.05,73.8,60.7,Moderate,Good,Not Ranked
Amritsar College of Engineering and Technology,PLASTIC TECHNOLOGY,Amritsar,Punjab,"IK Gujral Punjab Technical University, Jalandhar",294750.0,3.05,,"Private -
 Autonomous",Yes,Yes,"www.acetamritsa
 r.ac.",Other Engineering,41.05,73.8,60.7,Moderate,Good,Not Ranked
Guru Nanak Dev Engineering College,PRODUCTION ENGINEERING,Ludhiana,Punjab,"IK Gujral Punjab Technical University, Jalandhar",225840.0,3.1,,"Government
 Autonomous",Yes,Yes,www.gndec.ac.in,Mechanical Engineering,54.832,86.7,74.0,Moderate,Excellent,Not Ranked
Poornima Institute of Engineering and Technology,CIVIL ENGINEERING,Jaipur,Rajasthan,"Rajasthan Technical University, Kota",308000.0,0.0,,Private,Not Available,Not Available,-,Civil Engineering,39.2,20.0,27.7,Premium,Below Average,Not Ranked
Poornima Institute of Engineering and Technology,COMPUTER ENGINEERING,Jaipur,Rajasthan,"Rajasthan Technical University, Kota",308000.0,0.0,,Private,Not Available,Not Available,-,Computer Science & IT,39.2,20.0,27.7,Premium,Below Average,Not Ranked
Poornima Institute of Engineering and Technology,ELECTRICAL ENGINEERING,Jaipur,Rajasthan,"Rajasthan Technical University, Kota",308000.0,0.0,,Private,Not Available,Not Available,-,Electrical & Power,39.2,20.0,27.7,Premium,Below Average,Not Ranked
Poornima Institute of Engineering and Technology,ELECTRONICS AND COMMUNICATIONS ENGINEERING,Jaipur,Rajasthan,"Rajasthan Technical University, Kota",308000.0,0.0,,Private,Not Available,Not Available,-,Electronics & Communication,39.2,20.0,27.7,Premium,Below Average,Not Ranked
Poornima Institute of Engineering and Technology,MECHANICAL ENGINEERING,Jaipur,Rajasthan,"Rajasthan Technical University, Kota",308000.0,0.0,,Private,Not Available,Not Available,-,Mechanical Engineering,39.2,20.0,27.7,Premium,Below Average,Not Ranked
Rajasthan Technical University,AERONAUTICAL ENGINEERING,Kota,Rajasthan,Not Available,262906.6666666667,0.0,,Government,No,No,www.rtu.ac.in,Aerospace & Aeronautical,47.41866666666667,33.3,38.9,Moderate,Below Average,Not Ranked
College of Engineering and Technology,AGRICULTURAL ENGINEERING,Bhubaneshwar,Odisha,"Biju Patnaik University of Technology, Rourkela",191111.11111111112,3.02,,Government,No,Not Available,www.ctae.ac.in,Agriculture & Food Tech,61.77777777777777,33.3,44.7,Affordable,Below Average,Not Ranked
College of Dairy and Food Science Technology,BIOTECHNOLOGY,Udaipur,Rajasthan,"Maharana Pratap University of Agriculture and Technology, Udaipur",141000.0,0.0,,Government,No,No,www.cdfst.ac.in,Chemical & Biotechnology,71.8,33.3,48.7,Affordable,Below Average,Not Ranked
SS College of Engineering,CIVIL ENGINEERING,Umra,Rajasthan,"Rajasthan Technical University, Kota",308000.0,0.0,,Government,No,No,www.cethalasser y.ac.,Civil Engineering,39.2,20.0,27.7,Premium,Below Average,Not Ranked
Global Institute of Technology,CIVIL ENGINEERING,Jaipur,Rajasthan,"Rajasthan Technical University, Kota",264111.1111111111,0.0,,Private,No,Not Available,"www.gitjaipur.co
 m",Civil Engineering,47.17777777777778,20.0,30.9,Moderate,Below Average,Not Ranked
College of Engineering and Technology,CIVIL ENGINEERING,Bhubaneshwar,Odisha,"Biju Patnaik University of Technology, Rourkela",191111.11111111112,3.02,,Government,No,Not Available,www.ctae.ac.in,Civil Engineering,61.77777777777777,33.3,44.7,Affordable,Below Average,Not Ranked
Shekhawati Engineering College,CIVIL ENGINEERING,Jhunjhunu,Rajasthan,"Rajasthan Technical University, Kota",294375.0,0.0,,Private,No,No,www.secd.ac.in,Civil Engineering,41.125,20.0,28.4,Moderate,Below Average,Not Ranked
Jodhpur Institute of Engineering and Technology,CIVIL ENGINEERING,Mogra,Rajasthan,"Rajasthan Technical University, Kota",240818.18181818185,3.19,,Private,No,Not Available,"www.jietjodhpur.
 com",Civil Engineering,51.83636363636363,41.9,45.9,Moderate,Average,Not Ranked
Gurukul Institute of Engineering and Technology,CIVIL ENGINEERING,Ranpur,Rajasthan,"Rajasthan Technical University, Kota",193650.0,0.0,,Private,No,No,"www.gurukulkota
 .org",Civil Engineering,61.269999999999996,20.0,36.5,Affordable,Below Average,Not Ranked
Arya College of Engineering and Research Centre,CIVIL ENGINEERING,Jaipur,Rajasthan,"Rajasthan Technical University, Kota",284200.0,0.0,,Private,No,No,www.acerc.org,Civil Engineering,43.16,20.0,29.3,Moderate,Below Average,Not Ranked
Rajasthan Technical University,CIVIL ENGINEERING,Kota,Rajasthan,Not Available,262906.6666666667,0.0,,Government,No,No,www.rtu.ac.in,Civil Engineering,47.41866666666667,33.3,38.9,Moderate,Below Average,Not Ranked
Jaipur Engineering College and Research Centre,CIVIL ENGINEERING,Jaipur,Rajasthan,"Rajasthan Technical University, Kota",282000.0,0.0,,Private,No,No,"www.jecrcfounda
 tion.",Civil Engineering,43.6,20.0,29.4,Moderate,Below Average,Not Ranked
Gurukul Institute of Engineering and Technology,COMPUTER ENGINEERING,Ranpur,Rajasthan,"Rajasthan Technical University, Kota",193650.0,0.0,,Private,No,No,"www.gurukulkota
 .org",Computer Science & IT,61.269999999999996,20.0,36.5,Affordable,Below Average,Not Ranked
College of Engineering and Technology,COMPUTER SCIENCE & ENGINEERING,Bhubaneshwar,Odisha,"Biju Patnaik University of Technology, Rourkela",191111.11111111112,3.02,,Government,No,Not Available,www.ctae.ac.in,Computer Science & IT,61.77777777777777,33.3,44.7,Affordable,Below Average,Not Ranked
Rajasthan Technical University,COMPUTER SCIENCE & ENGINEERING,Kota,Rajasthan,Not Available,262906.6666666667,0.0,,Government,No,No,www.rtu.ac.in,Computer Science & IT,47.41866666666667,33.3,38.9,Moderate,Below Average,Not Ranked
Global Institute of Technology,COMPUTER SCIENCE & ENGINEERING,Jaipur,Rajasthan,"Rajasthan Technical University, Kota",264111.1111111111,0.0,,Private,No,Not Available,"www.gitjaipur.co
 m",Computer Science & IT,47.17777777777778,20.0,30.9,Moderate,Below Average,Not Ranked
SS College of Engineering,COMPUTER SCIENCE AND ENGINEERING,Umra,Rajasthan,"Rajasthan Technical University, Kota",308000.0,0.0,,Government,No,No,www.cethalasser y.ac.,Computer Science & IT,39.2,20.0,27.7,Premium,Below Average,Not Ranked
Shekhawati Engineering College,COMPUTER SCIENCE AND ENGINEERING,Jhunjhunu,Rajasthan,"Rajasthan Technical University, Kota",294375.0,0.0,,Private,No,No,www.secd.ac.in,Computer Science & IT,41.125,20.0,28.4,Moderate,Below Average,Not Ranked
KC College of Engineering and Information Technology,COMPUTER SCIENCE AND ENGINEERING,Nawanshahr,Punjab,"IK Gujral Punjab Technical University, Jalandhar",292666.6666666667,0.0,,Private,No,No,"www.aryacollege.
 in",Computer Science & IT,41.46666666666666,20.0,28.6,Moderate,Below Average,Not Ranked
Arya College of Engineering and Research Centre,COMPUTER SCIENCE AND ENGINEERING,Jaipur,Rajasthan,"Rajasthan Technical University, Kota",284200.0,0.0,,Private,No,No,www.acerc.org,Computer Science & IT,43.16,20.0,29.3,Moderate,Below Average,Not Ranked
Arya Institute of Engineering and Technology,COMPUTER SCIENCE AND ENGINEERING,Jaipur,Rajasthan,"Rajasthan Technical University, Kota",266285.71428571426,0.0,,Private,No,No,"www.aryainstitut
 ejpr",Computer Science & IT,46.74285714285715,20.0,30.7,Moderate,Below Average,Not Ranked
Jodhpur Institute of Engineering and Technology,COMPUTER SCIENCE AND ENGINEERING,Mogra,Rajasthan,"Rajasthan Technical University, Kota",240818.18181818185,3.19,,Private,No,Not Available,"www.jietjodhpur.
 com",Computer Science & IT,51.83636363636363,41.9,45.9,Moderate,Average,Not Ranked
Jaipur Engineering College and Research Centre,COMPUTER SCIENCE AND ENGINEERING,Jaipur,Rajasthan,"Rajasthan Technical University, Kota",282000.0,0.0,,Private,No,No,"www.jecrcfounda
 tion.",Computer Science & IT,43.6,20.0,29.4,Moderate,Below Average,Not Ranked
College of Dairy and Food Science Technology,DIARY TECHNOLOGY,Udaipur,Rajasthan,"Maharana Pratap University of Agriculture and Technology, Udaipur",141000.0,0.0,,Government,No,No,www.cdfst.ac.in,Other Engineering,71.8,33.3,48.7,Affordable,Below Average,Not Ranked
SS College of Engineering,ELECTRICAL ENGINEERING,Umra,Rajasthan,"Rajasthan Technical University, Kota",308000.0,0.0,,Government,No,No,www.cethalasser y.ac.,Electrical & Power,39.2,20.0,27.7,Premium,Below Average,Not Ranked
Arya College of Engineering and Research Centre,ELECTRICAL ENGINEERING,Jaipur,Rajasthan,"Rajasthan Technical University, Kota",284200.0,0.0,,Private,No,No,www.acerc.org,Electrical & Power,43.16,20.0,29.3,Moderate,Below Average,Not Ranked
College of Engineering and Technology,ELECTRICAL ENGINEERING,Bhubaneshwar,Odisha,"Biju Patnaik University of Technology, Rourkela",191111.11111111112,3.02,,Government,No,Not Available,www.ctae.ac.in,Electrical & Power,61.77777777777777,33.3,44.7,Affordable,Below Average,Not Ranked
Arya Institute of Engineering and Technology,ELECTRICAL ENGINEERING,Jaipur,Rajasthan,"Rajasthan Technical University, Kota",266285.71428571426,0.0,,Private,No,No,"www.aryainstitut
 ejpr",Electrical & Power,46.74285714285715,20.0,30.7,Moderate,Below Average,Not Ranked
Jodhpur Institute of Engineering and Technology,ELECTRICAL ENGINEERING,Mogra,Rajasthan,"Rajasthan Technical University, Kota",240818.18181818185,3.19,,Private,No,Not Available,"www.jietjodhpur.
 com",Electrical & Power,51.83636363636363,41.9,45.9,Moderate,Average,Not Ranked
Gurukul Institute of Engineering and Technology,ELECTRICAL ENGINEERING,Ranpur,Rajasthan,"Rajasthan Technical University, Kota",193650.0,0.0,,Private,No,No,"www.gurukulkota
 .org",Electrical & Power,61.269999999999996,20.0,36.5,Affordable,Below Average,Not Ranked
KC College of Engineering and Information Technology,ELECTRICAL ENGINEERING,Nawanshahr,Punjab,"IK Gujral Punjab Technical University, Jalandhar",292666.6666666667,0.0,,Private,No,No,"www.aryacollege.
 in",Electrical & Power,41.46666666666666,20.0,28.6,Moderate,Below Average,Not Ranked
Shekhawati Engineering College,ELECTRICAL ENGINEERING,Jhunjhunu,Rajasthan,"Rajasthan Technical University, Kota",294375.0,0.0,,Private,No,No,www.secd.ac.in,Electrical & Power,41.125,20.0,28.4,Moderate,Below Average,Not Ranked
Rajasthan Technical University,ELECTRICAL ENGINEERING,Kota,Rajasthan,Not Available,262906.6666666667,0.0,,Government,No,No,www.rtu.ac.in,Electrical & Power,47.41866666666667,33.3,38.9,Moderate,Below Average,Not Ranked
Jaipur Engineering College and Research Centre,ELECTRICAL ENGINEERING,Jaipur,Rajasthan,"Rajasthan Technical University, Kota",282000.0,0.0,,Private,No,No,"www.jecrcfounda
 tion.",Electrical & Power,43.6,20.0,29.4,Moderate,Below Average,Not Ranked
Global Institute of Technology,ELECTRICAL ENGINEERING,Jaipur,Rajasthan,"Rajasthan Technical University, Kota",264111.1111111111,0.0,,Private,No,Not Available,"www.gitjaipur.co
 m",Electrical & Power,47.17777777777778,20.0,30.9,Moderate,Below Average,Not Ranked
Rajasthan Technical University,ELECTRONIC INSTRUMENTATION AND CONTROL ENGINEERING,Kota,Rajasthan,Not Available,262906.6666666667,0.0,,Government,No,No,www.rtu.ac.in,Other Engineering,47.41866666666667,33.3,38.9,Moderate,Below Average,Not Ranked
Gurukul Institute of Engineering and Technology,ELECTRONICS & COMMUNICATION ENGG,Ranpur,Rajasthan,"Rajasthan Technical University, Kota",193650.0,0.0,,Private,No,No,"www.gurukulkota
 .org",Electronics & Communication,61.269999999999996,20.0,36.5,Affordable,Below Average,Not Ranked
College of Engineering and Technology,ELECTRONICS & COMMUNICATION ENGG,Bhubaneshwar,Odisha,"Biju Patnaik University of Technology, Rourkela",191111.11111111112,3.02,,Government,No,Not Available,www.ctae.ac.in,Electronics & Communication,61.77777777777777,33.3,44.7,Affordable,Below Average,Not Ranked
Rajasthan Technical University,ELECTRONICS & COMMUNICATION ENGG,Kota,Rajasthan,Not Available,262906.6666666667,0.0,,Government,No,No,www.rtu.ac.in,Electronics & Communication,47.41866666666667,33.3,38.9,Moderate,Below Average,Not Ranked
Arya Institute of Engineering and Technology,ELECTRONICS & COMMUNICATION ENGG,Jaipur,Rajasthan,"Rajasthan Technical University, Kota",266285.71428571426,0.0,,Private,No,No,"www.aryainstitut
 ejpr",Electronics & Communication,46.74285714285715,20.0,30.7,Moderate,Below Average,Not Ranked
Jodhpur Institute of Engineering and Technology,ELECTRONICS & COMMUNICATION ENGG,Mogra,Rajasthan,"Rajasthan Technical University, Kota",240818.18181818185,3.19,,Private,No,Not Available,"www.jietjodhpur.
 com",Electronics & Communication,51.83636363636363,41.9,45.9,Moderate,Average,Not Ranked
Global Institute of Technology,ELECTRONICS & COMMUNICATION ENGG,Jaipur,Rajasthan,"Rajasthan Technical University, Kota",264111.1111111111,0.0,,Private,No,Not Available,"www.gitjaipur.co
 m",Electronics & Communication,47.17777777777778,20.0,30.9,Moderate,Below Average,Not Ranked
KC College of Engineering and Information Technology,ELECTRONICS & COMMUNICATION ENGG,Nawanshahr,Punjab,"IK Gujral Punjab Technical University, Jalandhar",292666.6666666667,0.0,,Private,No,No,"www.aryacollege.
 in",Electronics & Communication,41.46666666666666,20.0,28.6,Moderate,Below Average,Not Ranked
Jaipur Engineering College and Research Centre,ELECTRONICS & COMMUNICATION ENGG,Jaipur,Rajasthan,"Rajasthan Technical University, Kota",282000.0,0.0,,Private,No,No,"www.jecrcfounda
 tion.",Electronics & Communication,43.6,20.0,29.4,Moderate,Below Average,Not Ranked
Shekhawati Engineering College,ELECTRONICS AND COMMUNICATIONS ENGINEERING,Jhunjhunu,Rajasthan,"Rajasthan Technical University, Kota",294375.0,0.0,,Private,No,No,www.secd.ac.in,Electronics & Communication,41.125,20.0,28.4,Moderate,Below Average,Not Ranked
College of Dairy and Food Science Technology,FOOD TECHNOLOGY,Udaipur,Rajasthan,"Maharana Pratap University of Agriculture and Technology, Udaipur",141000.0,0.0,,Government,No,No,www.cdfst.ac.in,Agriculture & Food Tech,71.8,33.3,48.7,Affordable,Below Average,Not Ranked
Arya Institute of Engineering and Technology,INFORMATION TECHNOLOGY,Jaipur,Rajasthan,"Rajasthan Technical University, Kota",266285.71428571426,0.0,,Private,No,No,"www.aryainstitut
 ejpr",Computer Science & IT,46.74285714285715,20.0,30.7,Moderate,Below Average,Not Ranked
Jodhpur Institute of Engineering and Technology,INFORMATION TECHNOLOGY,Mogra,Rajasthan,"Rajasthan Technical University, Kota",240818.18181818185,3.19,,Private,No,Not Available,"www.jietjodhpur.
 com",Computer Science & IT,51.83636363636363,41.9,45.9,Moderate,Average,Not Ranked
KC College of Engineering and Information Technology,INFORMATION TECHNOLOGY,Nawanshahr,Punjab,"IK Gujral Punjab Technical University, Jalandhar",292666.6666666667,0.0,,Private,No,No,"www.aryacollege.
 in",Computer Science & IT,41.46666666666666,20.0,28.6,Moderate,Below Average,Not Ranked
Arya College of Engineering and Research Centre,INFORMATION TECHNOLOGY,Jaipur,Rajasthan,"Rajasthan Technical University, Kota",284200.0,0.0,,Private,No,No,www.acerc.org,Computer Science & IT,43.16,20.0,29.3,Moderate,Below Average,Not Ranked
Global Institute of Technology,INFORMATION TECHNOLOGY,Jaipur,Rajasthan,"Rajasthan Technical University, Kota",264111.1111111111,0.0,,Private,No,Not Available,"www.gitjaipur.co
 m",Computer Science & IT,47.17777777777778,20.0,30.9,Moderate,Below Average,Not Ranked
Rajasthan Technical University,INFORMATION TECHNOLOGY,Kota,Rajasthan,Not Available,262906.6666666667,0.0,,Government,No,No,www.rtu.ac.in,Computer Science & IT,47.41866666666667,33.3,38.9,Moderate,Below Average,Not Ranked
Jaipur Engineering College and Research Centre,INFORMATION TECHNOLOGY,Jaipur,Rajasthan,"Rajasthan Technical University, Kota",282000.0,0.0,,Private,No,No,"www.jecrcfounda
 tion.",Computer Science & IT,43.6,20.0,29.4,Moderate,Below Average,Not Ranked
College of Engineering and Technology,MECHANICAL ENGINEERING,Bhubaneshwar,Odisha,"Biju Patnaik University of Technology, Rourkela",191111.11111111112,3.02,,Government,No,Not Available,www.ctae.ac.in,Mechanical Engineering,61.77777777777777,33.3,44.7,Affordable,Below Average,Not Ranked
Shekhawati Engineering College,MECHANICAL ENGINEERING,Jhunjhunu,Rajasthan,"Rajasthan Technical University, Kota",294375.0,0.0,,Private,No,No,www.secd.ac.in,Mechanical Engineering,41.125,20.0,28.4,Moderate,Below Average,Not Ranked
Rajasthan Technical University,MECHANICAL ENGINEERING,Kota,Rajasthan,Not Available,262906.6666666667,0.0,,Government,No,No,www.rtu.ac.in,Mechanical Engineering,47.41866666666667,33.3,38.9,Moderate,Below Average,Not Ranked
Arya Institute of Engineering and Technology,MECHANICAL ENGINEERING,Jaipur,Rajasthan,"Rajasthan Technical University, Kota",266285.71428571426,0.0,,Private,No,No,"www.aryainstitut
 ejpr",Mechanical Engineering,46.74285714285715,20.0,30.7,Moderate,Below Average,Not Ranked
Gurukul Institute of Engineering and Technology,MECHANICAL ENGINEERING,Ranpur,Rajasthan,"Rajasthan Technical University, Kota",193650.0,0.0,,Private,No,No,"www.gurukulkota
 .org",Mechanical Engineering,61.269999999999996,20.0,36.5,Affordable,Below Average,Not Ranked
SS College of Engineering,MECHANICAL ENGINEERING,Umra,Rajasthan,"Rajasthan Technical University, Kota",308000.0,0.0,,Government,No,No,www.cethalasser y.ac.,Mechanical Engineering,39.2,20.0,27.7,Premium,Below Average,Not Ranked
KC College of Engineering and Information Technology,MECHANICAL ENGINEERING,Nawanshahr,Punjab,"IK Gujral Punjab Technical University, Jalandhar",292666.6666666667,0.0,,Private,No,No,"www.aryacollege.
 in",Mechanical Engineering,41.46666666666666,20.0,28.6,Moderate,Below Average,Not Ranked
Jaipur Engineering College and Research Centre,MECHANICAL ENGINEERING,Jaipur,Rajasthan,"Rajasthan Technical University, Kota",282000.0,0.0,,Private,No,No,"www.jecrcfounda
 tion.",Mechanical Engineering,43.6,20.0,29.4,Moderate,Below Average,Not Ranked
Jodhpur Institute of Engineering and Technology,MECHANICAL ENGINEERING,Mogra,Rajasthan,"Rajasthan Technical University, Kota",240818.18181818185,3.19,,Private,No,Not Available,"www.jietjodhpur.
 com",Mechanical Engineering,51.83636363636363,41.9,45.9,Moderate,Average,Not Ranked
Global Institute of Technology,MECHANICAL ENGINEERING,Jaipur,Rajasthan,"Rajasthan Technical University, Kota",264111.1111111111,0.0,,Private,No,Not Available,"www.gitjaipur.co
 m",Mechanical Engineering,47.17777777777778,20.0,30.9,Moderate,Below Average,Not Ranked
SS College of Engineering,MINING ENGINEERING,Umra,Rajasthan,"Rajasthan Technical University, Kota",308000.0,0.0,,Government,No,No,www.cethalasser y.ac.,Mining & Metallurgy,39.2,20.0,27.7,Premium,Below Average,Not Ranked
College of Engineering and Technology,MINING ENGINEERING,Bhubaneshwar,Odisha,"Biju Patnaik University of Technology, Rourkela",191111.11111111112,3.02,,Government,No,Not Available,www.ctae.ac.in,Mining & Metallurgy,61.77777777777777,33.3,44.7,Affordable,Below Average,Not Ranked
Rajasthan Technical University,PETROCHEMICAL ENGINEERING,Kota,Rajasthan,Not Available,262906.6666666667,0.0,,Government,No,No,www.rtu.ac.in,Chemical & Biotechnology,47.41866666666667,33.3,38.9,Moderate,Below Average,Not Ranked
Rajasthan Technical University,PETROLEUM ENGINEERING,Kota,Rajasthan,Not Available,262906.6666666667,0.0,,Government,No,No,www.rtu.ac.in,Other Engineering,47.41866666666667,33.3,38.9,Moderate,Below Average,Not Ranked
Rajasthan Technical University,PRODUCTION AND INDUSTRIAL ENGINEERING,Kota,Rajasthan,Not Available,262906.6666666667,0.0,,Government,No,No,www.rtu.ac.in,Mechanical Engineering,47.41866666666667,33.3,38.9,Moderate,Below Average,Not Ranked
Poornima College of Engineering,AGRICULTURE ENGINEERING,Jaipur,Rajasthan,"Rajasthan Technical University, Kota",269500.0,0.0,,Private,Yes,Yes,"www.poornima.o
 rg",Agriculture & Food Tech,46.1,86.7,70.5,Moderate,Excellent,Not Ranked
Poornima College of Engineering,CIVIL ENGINEERING,Jaipur,Rajasthan,"Rajasthan Technical University, Kota",269500.0,0.0,,Private,Yes,Yes,"www.poornima.o
 rg",Civil Engineering,46.1,86.7,70.5,Moderate,Excellent,Not Ranked
Shri Krishna Institute of Technology and Management,CIVIL ENGINEERING,Gwalior,Madhya Pradesh,"Rajiv Gandhi Proudyogiki Vishwavidyalaya, Bhopal",182000.0,0.0,,Private,Yes,Yes,www.skit.ac.in,Civil Engineering,63.6,86.7,77.5,Affordable,Excellent,Not Ranked
Poornima College of Engineering,COMPUTER ENGINEERING,Jaipur,Rajasthan,"Rajasthan Technical University, Kota",269500.0,0.0,,Private,Yes,Yes,"www.poornima.o
 rg",Computer Science & IT,46.1,86.7,70.5,Moderate,Excellent,Not Ranked
Shri Krishna Institute of Technology and Management,COMPUTER SCIENCE AND ENGINEERING,Gwalior,Madhya Pradesh,"Rajiv Gandhi Proudyogiki Vishwavidyalaya, Bhopal",182000.0,0.0,,Private,Yes,Yes,www.skit.ac.in,Computer Science & IT,63.6,86.7,77.5,Affordable,Excellent,Not Ranked
Shri Krishna Institute of Technology and Management,ELECTRICAL ENGINEERING,Gwalior,Madhya Pradesh,"Rajiv Gandhi Proudyogiki Vishwavidyalaya, Bhopal",182000.0,0.0,,Private,Yes,Yes,www.skit.ac.in,Electrical & Power,63.6,86.7,77.5,Affordable,Excellent,Not Ranked
Poornima College of Engineering,ELECTRICAL ENGINEERING,Jaipur,Rajasthan,"Rajasthan Technical University, Kota",269500.0,0.0,,Private,Yes,Yes,"www.poornima.o
 rg",Electrical & Power,46.1,86.7,70.5,Moderate,Excellent,Not Ranked
Shri Krishna Institute of Technology and Management,ELECTRONICS & COMMUNICATION ENGG,Gwalior,Madhya Pradesh,"Rajiv Gandhi Proudyogiki Vishwavidyalaya, Bhopal",182000.0,0.0,,Private,Yes,Yes,www.skit.ac.in,Electronics & Communication,63.6,86.7,77.5,Affordable,Excellent,Not Ranked
Poornima College of Engineering,ELECTRONICS & COMMUNICATION ENGG,Jaipur,Rajasthan,"Rajasthan Technical University, Kota",269500.0,0.0,,Private,Yes,Yes,"www.poornima.o
 rg",Electronics & Communication,46.1,86.7,70.5,Moderate,Excellent,Not Ranked
Poornima College of Engineering,INFORMATION TECHNOLOGY,Jaipur,Rajasthan,"Rajasthan Technical University, Kota",269500.0,0.0,,Private,Yes,Yes,"www.poornima.o
 rg",Computer Science & IT,46.1,86.7,70.5,Moderate,Excellent,Not Ranked
Shri Krishna Institute of Technology and Management,INFORMATION TECHNOLOGY,Gwalior,Madhya Pradesh,"Rajiv Gandhi Proudyogiki Vishwavidyalaya, Bhopal",182000.0,0.0,,Private,Yes,Yes,www.skit.ac.in,Computer Science & IT,63.6,86.7,77.5,Affordable,Excellent,Not Ranked
Shri Krishna Institute of Technology and Management,MECHANICAL ENGINEERING,Gwalior,Madhya Pradesh,"Rajiv Gandhi Proudyogiki Vishwavidyalaya, Bhopal",182000.0,0.0,,Private,Yes,Yes,www.skit.ac.in,Mechanical Engineering,63.6,86.7,77.5,Affordable,Excellent,Not Ranked
Poornima College of Engineering,MECHANICAL ENGINEERING,Jaipur,Rajasthan,"Rajasthan Technical University, Kota",269500.0,0.0,,Private,Yes,Yes,"www.poornima.o
 rg",Mechanical Engineering,46.1,86.7,70.5,Moderate,Excellent,Not Ranked
Dhanalakshmi College of Engineering,CIVIL ENGINEERING,Chennai,Tamil Nadu,"Anna University, Chennai",160000.0,0.0,,Private,Not Available,Not Available,-,Civil Engineering,68.0,20.0,39.2,Affordable,Below Average,Not Ranked
Kalasalingam Institute of Technology,CIVIL ENGINEERING,Srivilliputtur,Tamil Nadu,"Anna University, Chennai",118571.42857142857,0.0,,Private,Not Available,Not Available,-,Civil Engineering,76.28571428571429,20.0,42.5,Affordable,Below Average,Not Ranked
Dhanalakshmi College of Engineering,COMPUTER SCIENCE AND ENGINEERING,Chennai,Tamil Nadu,"Anna University, Chennai",160000.0,0.0,,Private,Not Available,Not Available,-,Computer Science & IT,68.0,20.0,39.2,Affordable,Below Average,Not Ranked
Kalasalingam Institute of Technology,COMPUTER SCIENCE AND ENGINEERING,Srivilliputtur,Tamil Nadu,"Anna University, Chennai",118571.42857142857,0.0,,Private,Not Available,Not Available,-,Computer Science & IT,76.28571428571429,20.0,42.5,Affordable,Below Average,Not Ranked
Dhanalakshmi College of Engineering,ELECTRICAL AND ELECTRONICS ENGINEERING,Chennai,Tamil Nadu,"Anna University, Chennai",160000.0,0.0,,Private,Not Available,Not Available,-,Electronics & Communication,68.0,20.0,39.2,Affordable,Below Average,Not Ranked
Kalasalingam Institute of Technology,ELECTRICAL AND ELECTRONICS ENGINEERING,Srivilliputtur,Tamil Nadu,"Anna University, Chennai",118571.42857142857,0.0,,Private,Not Available,Not Available,-,Electronics & Communication,76.28571428571429,20.0,42.5,Affordable,Below Average,Not Ranked
Dhanalakshmi College of Engineering,ELECTRONICS & COMMUNICATION ENGG,Chennai,Tamil Nadu,"Anna University, Chennai",160000.0,0.0,,Private,Not Available,Not Available,-,Electronics & Communication,68.0,20.0,39.2,Affordable,Below Average,Not Ranked
Kalasalingam Institute of Technology,ELECTRONICS AND COMMUNICATIONS ENGINEERING,Srivilliputtur,Tamil Nadu,"Anna University, Chennai",118571.42857142857,0.0,,Private,Not Available,Not Available,-,Electronics & Communication,76.28571428571429,20.0,42.5,Affordable,Below Average,Not Ranked
Kalasalingam Institute of Technology,INFORMATION TECHNOLOGY,Srivilliputtur,Tamil Nadu,"Anna University, Chennai",118571.42857142857,0.0,,Private,Not Available,Not Available,-,Computer Science & IT,76.28571428571429,20.0,42.5,Affordable,Below Average,Not Ranked
Dhanalakshmi College of Engineering,MECHANICAL ENGINEERING,Chennai,Tamil Nadu,"Anna University, Chennai",160000.0,0.0,,Private,Not Available,Not Available,-,Mechanical Engineering,68.0,20.0,39.2,Affordable,Below Average,Not Ranked
Amrita Vishwa Vidyapeetham,AERO SPACE ENGINEERING,Coimbatore,Tamil Nadu,Not Available,0.0,0.0,23.0,Private,No,No,www.amrita.edu,Other Engineering,,61.6,61.6,Not Available,Good,Top 50
Jeppiaar Engineering College,AERONAUTICAL ENGINEERING,Chennai,Tamil Nadu,"Anna University, Chennai",150000.0,0.0,,Private,No,No,"www.jeppiaarcoll
 ege.",Aerospace & Aeronautical,70.0,20.0,40.0,Affordable,Below Average,Not Ranked
Hindusthan College of Engineering and Technology,AERONAUTICAL ENGINEERING,Coimbatore,Tamil Nadu,"Anna University, Chennai",145833.33333333334,3.07,,Private,No,Not Available,www.hindusthan. net,Aerospace & Aeronautical,70.83333333333333,40.7,52.8,Affordable,Average,Not Ranked
Hindusthan College of Engineering and Technology,AGRICULTURAL ENGINEERING,Coimbatore,Tamil Nadu,"Anna University, Chennai",145833.33333333334,3.07,,Private,No,Not Available,www.hindusthan. net,Agriculture & Food Tech,70.83333333333333,40.7,52.8,Affordable,Average,Not Ranked
Sethu Institute of Technology,AGRICULTURE ENGINEERING,S.Kallupatti,Tamil Nadu,"Anna University, Chennai",168888.88888888888,0.0,,"Private -
 Autonomous",No,No,www.sethu.ac.in,Agriculture & Food Tech,66.22222222222223,20.0,38.5,Affordable,Below Average,Not Ranked
Hindusthan College of Engineering and Technology,AUTOMOBILE ENGINEERING,Coimbatore,Tamil Nadu,"Anna University, Chennai",145833.33333333334,3.07,,Private,No,Not Available,www.hindusthan. net,Mechanical Engineering,70.83333333333333,40.7,52.8,Affordable,Average,Not Ranked
SSM Institute of Engineering and Technology,AUTOMOBILE ENGINEERING,Dindigul,Tamil Nadu,"Anna University, Chennai",160000.0,0.0,,Private,No,No,www.ssmiet.ac.in,Mechanical Engineering,68.0,20.0,39.2,Affordable,Below Average,Not Ranked
Hindusthan College of Engineering and Technology,BIOMEDICAL ENGINEERING,Coimbatore,Tamil Nadu,"Anna University, Chennai",145833.33333333334,3.07,,Private,No,Not Available,www.hindusthan. net,Chemical & Biotechnology,70.83333333333333,40.7,52.8,Affordable,Average,Not Ranked
Sethu Institute of Technology,BIOMEDICAL ENGINEERING,S.Kallupatti,Tamil Nadu,"Anna University, Chennai",168888.88888888888,0.0,,"Private -
 Autonomous",No,No,www.sethu.ac.in,Chemical & Biotechnology,66.22222222222223,20.0,38.5,Affordable,Below Average,Not Ranked
SVR Engineering College,BIOMEDICAL ENGINEERING,Nandyal,Andhra Pradesh,"Jawaharlal Nehru Technological University, Anantapur",102968.75,0.0,,Private,No,No,www.vsbec.com,Chemical & Biotechnology,79.40625,20.0,43.8,Affordable,Below Average,Not Ranked
Dr. NGP Institute of Technology,BIOMEDICAL ENGINEERING,Coimbatore,Tamil Nadu,"Anna University, Chennai",160000.0,0.0,,Private,No,No,"www.drngpit.ac.i
 n",Chemical & Biotechnology,68.0,20.0,39.2,Affordable,Below Average,Not Ranked
Vivekanandha College of Engineering for Women,BIOTECHNOLOGY,Tiruchengode,Tamil Nadu,"Anna University, Chennai",216545.45454545456,2.82,,Private - Autonomous,No,No,www.vivekanand ha.ac.,Chemical & Biotechnology,56.69090909090909,38.2,45.6,Moderate,Below Average,Not Ranked
Vel Tech High Tech Dr. Rangarajan Dr. Sakunthala Engineering College,BIOTECHNOLOGY,Chennai,Tamil Nadu,"Anna University, Chennai",191818.18181818185,0.0,,Private,No,No,"www.velhightech
 .com",Chemical & Biotechnology,61.636363636363626,20.0,36.7,Affordable,Below Average,Not Ranked
SVR Engineering College,BIOTECHNOLOGY,Nandyal,Andhra Pradesh,"Jawaharlal Nehru Technological University, Anantapur",102968.75,0.0,,Private,No,No,www.vsbec.com,Chemical & Biotechnology,79.40625,20.0,43.8,Affordable,Below Average,Not Ranked
Jeppiaar Engineering College,BIOTECHNOLOGY,Chennai,Tamil Nadu,"Anna University, Chennai",150000.0,0.0,,Private,No,No,"www.jeppiaarcoll
 ege.",Chemical & Biotechnology,70.0,20.0,40.0,Affordable,Below Average,Not Ranked
Amrita Vishwa Vidyapeetham,CHEMICAL ENGINEERING,Coimbatore,Tamil Nadu,Not Available,0.0,0.0,23.0,Private,No,No,www.amrita.edu,Chemical & Biotechnology,,61.6,61.6,Not Available,Good,Top 50
Sethu Institute of Technology,CHEMICAL ENGINEERING,S.Kallupatti,Tamil Nadu,"Anna University, Chennai",168888.88888888888,0.0,,"Private -
 Autonomous",No,No,www.sethu.ac.in,Chemical & Biotechnology,66.22222222222223,20.0,38.5,Affordable,Below Average,Not Ranked
Vel Tech High Tech Dr. Rangarajan Dr. Sakunthala Engineering College,CHEMICAL ENGINEERING,Chennai,Tamil Nadu,"Anna University, Chennai",191818.18181818185,0.0,,Private,No,No,"www.velhightech
 .com",Chemical & Biotechnology,61.636363636363626,20.0,36.7,Affordable,Below Average,Not Ranked
SVR Engineering College,CHEMICAL ENGINEERING,Nandyal,Andhra Pradesh,"Jawaharlal Nehru Technological University, Anantapur",102968.75,0.0,,Private,No,No,www.vsbec.com,Chemical & Biotechnology,79.40625,20.0,43.8,Affordable,Below Average,Not Ranked
Amrita Vishwa Vidyapeetham,CIVIL ENGINEERING,Coimbatore,Tamil Nadu,Not Available,0.0,0.0,23.0,Private,No,No,www.amrita.edu,Civil Engineering,,61.6,61.6,Not Available,Good,Top 50
MP Nachimuthu M Jaganathan Engineering College,CIVIL ENGINEERING,Erode,Tamil Nadu,"Anna University, Chennai",129444.44444444444,0.0,,Private,No,No,"www.mpnmjec.ac
 .in",Civil Engineering,74.11111111111111,20.0,41.6,Affordable,Below Average,Not Ranked
Bharathiyar Institute of Engineering for Women,CIVIL ENGINEERING,Thalaivasal,Tamil Nadu,"Anna University, Chennai",160000.0,0.0,,Private,No,No,www.biew.ac.in,Civil Engineering,68.0,20.0,39.2,Affordable,Below Average,Not Ranked
Dr. GU Pope College of Engineering,CIVIL ENGINEERING,Sayapuram,Tamil Nadu,"Anna University, Chennai",160000.0,0.0,,Private,No,No,"www.drgupope.o
 rg.in",Civil Engineering,68.0,20.0,39.2,Affordable,Below Average,Not Ranked
ACS College of Engineering,CIVIL ENGINEERING,Bengaluru,Karnataka,"Visvesvaraya Technological University, Belagavi",151200.0,3.1,,Private,No,No,-,Civil Engineering,69.76,41.0,52.5,Affordable,Average,Not Ranked
Saranathan College of Engineering,CIVIL ENGINEERING,Panjappur,Tamil Nadu,"Anna University, Chennai",154000.0,0.0,,Private,No,No,www.saranathan. ac.in,Civil Engineering,69.2,20.0,39.7,Affordable,Below Average,Not Ranked
Vel Tech High Tech Dr. Rangarajan Dr. Sakunthala Engineering College,CIVIL ENGINEERING,Chennai,Tamil Nadu,"Anna University, Chennai",191818.18181818185,0.0,,Private,No,No,"www.velhightech
 .com",Civil Engineering,61.636363636363626,20.0,36.7,Affordable,Below Average,Not Ranked
Sri Krishna College of Technology,CIVIL ENGINEERING,Coimbatore,Tamil Nadu,"Anna University, Chennai",145285.7142857143,3.22,151.0,"Private -
 Autonomous",No,No,www.skct.edu.in,Civil Engineering,70.94285714285714,45.0,55.4,Affordable,Average,Top 200
St. Xavier's Catholic College of Engineering,CIVIL ENGINEERING,Nagercoil,Tamil Nadu,"Anna University, Chennai",138750.0,0.0,,Private,No,No,"www.sxcce.edu.i
 n",Civil Engineering,72.25,20.0,40.9,Affordable,Below Average,Not Ranked
Knowledge Institute of Technology,CIVIL ENGINEERING,Salem,Tamil Nadu,"Anna University, Chennai",200000.0,0.0,,Private,No,No,www.kiot.ac.in,Civil Engineering,60.0,20.0,36.0,Affordable,Below Average,Not Ranked
Dr. NGP Institute of Technology,CIVIL ENGINEERING,Coimbatore,Tamil Nadu,"Anna University, Chennai",160000.0,0.0,,Private,No,No,"www.drngpit.ac.i
 n",Civil Engineering,68.0,20.0,39.2,Affordable,Below Average,Not Ranked
Chennai Institute of Technology,CIVIL ENGINEERING,Chennai,Tamil Nadu,"Anna University, Chennai",200000.0,0.0,101.0,Private,No,No,"www.citchennai.e
 du.i",Civil Engineering,60.0,42.2,49.3,Affordable,Average,Top 200
Thanthai Periyar Government Institute of Technology,CIVIL ENGINEERING,Vellore,Tamil Nadu,"Anna University, Chennai",25561.11111111111,0.0,,Government,No,No,www.tpgit.edu.in,Civil Engineering,100.0,33.3,60.0,Budget-Friendly,Below Average,Not Ranked
Sri Sai Ram Institute of Technology,CIVIL ENGINEERING,Chennai,Tamil Nadu,"Anna University, Chennai",147142.85714285713,3.3,,Private,No,No,"www.sairamit.ed
 u.in",Civil Engineering,70.57142857142857,43.0,54.0,Affordable,Average,Not Ranked
Sri Eshwar College of Engineering,CIVIL ENGINEERING,Coimbatore,Tamil Nadu,"Anna University, Chennai",211428.57142857145,3.27,,Private,No,No,www.sece.ac.in,Civil Engineering,57.71428571428571,42.7,48.7,Moderate,Average,Not Ranked
College of Technology,CIVIL ENGINEERING,Pantnagar,Uttarakhand,"Govind Ballabh Pant University of Agriculture and Technology, Pantnagar",130130.43478260867,0.0,,Private,No,No,www.avstech.org,Civil Engineering,73.97391304347826,33.3,49.6,Affordable,Below Average,Not Ranked
Ramco Institute of Technology,CIVIL ENGINEERING,Rajapalayam,Tamil Nadu,"Anna University, Chennai",200000.0,0.0,,Private,No,No,www.ritrjpm.ac.i n,Civil Engineering,60.0,20.0,36.0,Affordable,Below Average,Not Ranked
Alagappa Chettiar College of Engineering and Technology,CIVIL ENGINEERING,Karaikudi,Tamil Nadu,"Anna University, Chennai",23657.272727272728,0.0,,Government,No,No,"www.accet.edu.i
 n",Civil Engineering,100.0,33.3,60.0,Budget-Friendly,Below Average,Not Ranked
Government College of Engineering,CIVIL ENGINEERING,Aurangabad,Maharashtra,"Dr Babasaheb Ambedkar Marathwada University, Aurangabad",199963.0434782609,0.0,,Government,No,No,www.gec.ac.in,Civil Engineering,60.00739130434782,33.3,44.0,Affordable,Below Average,Not Ranked
Vel Tech,CIVIL ENGINEERING,Chennai,Tamil Nadu,"Anna University, Chennai",200000.0,0.0,,Private,No,No,"www.veltecheng
 g.com",Civil Engineering,60.0,20.0,36.0,Affordable,Below Average,Not Ranked
Hindusthan College of Engineering and Technology,CIVIL ENGINEERING,Coimbatore,Tamil Nadu,"Anna University, Chennai",145833.33333333334,3.07,,Private,No,Not Available,www.hindusthan. net,Civil Engineering,70.83333333333333,40.7,52.8,Affordable,Average,Not Ranked
Maha Barathi Engineering College,CIVIL ENGINEERING,Vasudevanur,Tamil Nadu,"Anna University, Chennai",160000.0,0.0,,Private,No,No,"www.mahabarat
 hi.com",Civil Engineering,68.0,20.0,39.2,Affordable,Below Average,Not Ranked
SSM Institute of Engineering and Technology,CIVIL ENGINEERING,Dindigul,Tamil Nadu,"Anna University, Chennai",160000.0,0.0,,Private,No,No,www.ssmiet.ac.in,Civil Engineering,68.0,20.0,39.2,Affordable,Below Average,Not Ranked
M Kumarasamy College of Engineering,CIVIL ENGINEERING,Malayampalayam,Tamil Nadu,"Anna University, Chennai",143000.0,2.66,,Private - Autonomous,No,No,www.mkce.ac.in,Civil Engineering,71.4,36.6,50.5,Affordable,Below Average,Not Ranked
K Ramakrishnan College of Technology,CIVIL ENGINEERING,Tiruchirappalli,Tamil Nadu,"Anna University, Chennai",260000.0,3.54,,Private,No,No,www.krct.ac.in,Civil Engineering,48.0,45.4,46.4,Moderate,Average,Not Ranked
AVS Engineering College,CIVIL ENGINEERING,Salem,Tamil Nadu,"Anna University, Chennai",143333.33333333334,0.0,,Private,No,No,"www.avsenggcoll
 ege.a",Civil Engineering,71.33333333333333,20.0,40.5,Affordable,Below Average,Not Ranked
Dhanalakshmi Srinivasan College of Engineering,CIVIL ENGINEERING,Perambalur,Tamil Nadu,"Anna University, Chennai",160000.0,0.0,,Private,No,No,www.dsce.ac.in,Civil Engineering,68.0,20.0,39.2,Affordable,Below Average,Not Ranked
SVR Engineering College,CIVIL ENGINEERING,Nandyal,Andhra Pradesh,"Jawaharlal Nehru Technological University, Anantapur",102968.75,0.0,,Private,No,No,www.vsbec.com,Civil Engineering,79.40625,20.0,43.8,Affordable,Below Average,Not Ranked
Kongunadu College of Engineering and Technology,CIVIL ENGINEERING,Tiruchirappalli,Tamil Nadu,"Anna University, Chennai",160000.0,0.0,,Private,No,No,"www.kongunadu-
 engg.c",Civil Engineering,68.0,20.0,39.2,Affordable,Below Average,Not Ranked
Gnanamani College of Technology,CIVIL ENGINEERING,Namakkal,Tamil Nadu,"Anna University, Chennai",221428.57142857145,0.0,,Private,No,No,www.gct.org.in,Civil Engineering,55.71428571428571,20.0,34.3,Moderate,Below Average,Not Ranked
Rohini College of Engineering and Technology,CIVIL ENGINEERING,Paalkulam,Tamil Nadu,"Anna University, Chennai",182222.22222222225,0.0,,Private,No,No,www.rcet.org.in,Civil Engineering,63.55555555555555,20.0,37.4,Affordable,Below Average,Not Ranked
Jeppiaar Engineering College,CIVIL ENGINEERING,Chennai,Tamil Nadu,"Anna University, Chennai",150000.0,0.0,,Private,No,No,"www.jeppiaarcoll
 ege.",Civil Engineering,70.0,20.0,40.0,Affordable,Below Average,Not Ranked
Sethu Institute of Technology,CIVIL ENGINEERING,S.Kallupatti,Tamil Nadu,"Anna University, Chennai",168888.88888888888,0.0,,"Private -
 Autonomous",No,No,www.sethu.ac.in,Civil Engineering,66.22222222222223,20.0,38.5,Affordable,Below Average,Not Ranked
Ramco Institute of Technology,COMPUTER SCEINCE & ENGINEERING,Rajapalayam,Tamil Nadu,"Anna University, Chennai",200000.0,0.0,,Private,No,No,www.ritrjpm.ac.i n,Other Engineering,60.0,20.0,36.0,Affordable,Below Average,Not Ranked
Thanthai Periyar Government Institute of Technology,COMPUTER SCIENCE & ENGINEERING,Vellore,Tamil Nadu,"Anna University, Chennai",25561.11111111111,0.0,,Government,No,No,www.tpgit.edu.in,Computer Science & IT,100.0,33.3,60.0,Budget-Friendly,Below Average,Not Ranked
Alagappa Chettiar College of Engineering and Technology,COMPUTER SCIENCE & ENGINEERING,Karaikudi,Tamil Nadu,"Anna University, Chennai",23657.272727272728,0.0,,Government,No,No,"www.accet.edu.i
 n",Computer Science & IT,100.0,33.3,60.0,Budget-Friendly,Below Average,Not Ranked
Rohini College of Engineering and Technology,COMPUTER SCIENCE & ENGINEERING,Paalkulam,Tamil Nadu,"Anna University, Chennai",182222.22222222225,0.0,,Private,No,No,www.rcet.org.in,Computer Science & IT,63.55555555555555,20.0,37.4,Affordable,Below Average,Not Ranked
Sethu Institute of Technology,COMPUTER SCIENCE & ENGINEERING,S.Kallupatti,Tamil Nadu,"Anna University, Chennai",168888.88888888888,0.0,,"Private -
 Autonomous",No,No,www.sethu.ac.in,Computer Science & IT,66.22222222222223,20.0,38.5,Affordable,Below Average,Not Ranked
Jeppiaar Institute of Technology,COMPUTER SCIENCE AND ENGINEERING,Kunnam,Tamil Nadu,"Anna University, Chennai",160000.0,0.0,,Private,No,No,"www.jeppiaarinst
 itut",Computer Science & IT,68.0,20.0,39.2,Affordable,Below Average,Not Ranked
KSR Institute for Engineering and Technology,COMPUTER SCIENCE AND ENGINEERING,KSR Kalvi Nagar,Tamil Nadu,"Anna University, Chennai",160000.0,0.0,,Private,No,No,www.ksriet.ac.in,Computer Science & IT,68.0,20.0,39.2,Affordable,Below Average,Not Ranked
Bharathiyar Institute of Engineering for Women,COMPUTER SCIENCE AND ENGINEERING,Thalaivasal,Tamil Nadu,"Anna University, Chennai",160000.0,0.0,,Private,No,No,www.biew.ac.in,Computer Science & IT,68.0,20.0,39.2,Affordable,Below Average,Not Ranked
Maha Barathi Engineering College,COMPUTER SCIENCE AND ENGINEERING,Vasudevanur,Tamil Nadu,"Anna University, Chennai",160000.0,0.0,,Private,No,No,"www.mahabarat
 hi.com",Computer Science & IT,68.0,20.0,39.2,Affordable,Below Average,Not Ranked
Dr. GU Pope College of Engineering,COMPUTER SCIENCE AND ENGINEERING,Sayapuram,Tamil Nadu,"Anna University, Chennai",160000.0,0.0,,Private,No,No,"www.drgupope.o
 rg.in",Computer Science & IT,68.0,20.0,39.2,Affordable,Below Average,Not Ranked
SSM Institute of Engineering and Technology,COMPUTER SCIENCE AND ENGINEERING,Dindigul,Tamil Nadu,"Anna University, Chennai",160000.0,0.0,,Private,No,No,www.ssmiet.ac.in,Computer Science & IT,68.0,20.0,39.2,Affordable,Below Average,Not Ranked
ACS College of Engineering,COMPUTER SCIENCE AND ENGINEERING,Bengaluru,Karnataka,"Visvesvaraya Technological University, Belagavi",151200.0,3.1,,Private,No,No,-,Computer Science & IT,69.76,41.0,52.5,Affordable,Average,Not Ranked
Dhanalakshmi Srinivasan College of Engineering,COMPUTER SCIENCE AND ENGINEERING,Perambalur,Tamil Nadu,"Anna University, Chennai",160000.0,0.0,,Private,No,No,www.dsce.ac.in,Computer Science & IT,68.0,20.0,39.2,Affordable,Below Average,Not Ranked
Dr. NGP Institute of Technology,COMPUTER SCIENCE AND ENGINEERING,Coimbatore,Tamil Nadu,"Anna University, Chennai",160000.0,0.0,,Private,No,No,"www.drngpit.ac.i
 n",Computer Science & IT,68.0,20.0,39.2,Affordable,Below Average,Not Ranked
Kongunadu College of Engineering and Technology,COMPUTER SCIENCE AND ENGINEERING,Tiruchirappalli,Tamil Nadu,"Anna University, Chennai",160000.0,0.0,,Private,No,No,"www.kongunadu-
 engg.c",Computer Science & IT,68.0,20.0,39.2,Affordable,Below Average,Not Ranked
College of Technology,COMPUTER SCIENCE AND ENGINEERING,Pantnagar,Uttarakhand,"Govind Ballabh Pant University of Agriculture and Technology, Pantnagar",130130.43478260867,0.0,,Private,No,No,www.avstech.org,Computer Science & IT,73.97391304347826,33.3,49.6,Affordable,Below Average,Not Ranked
Jayaraj Annapackiam CSI College of Engineering,COMPUTER SCIENCE AND ENGINEERING,Nazareth,Tamil Nadu,"Anna University, Chennai",95000.0,0.0,,Private,No,No,www.jacsice.in,Computer Science & IT,81.0,20.0,44.4,Budget-Friendly,Below Average,Not Ranked
Government College of Engineering,COMPUTER SCIENCE AND ENGINEERING,Aurangabad,Maharashtra,"Dr Babasaheb Ambedkar Marathwada University, Aurangabad",199963.0434782609,0.0,,Government,No,No,www.gec.ac.in,Computer Science & IT,60.00739130434782,33.3,44.0,Affordable,Below Average,Not Ranked
Loyola-ICAM College of Engineering and Technology,COMPUTER SCIENCE AND ENGINEERING,Chennai,Tamil Nadu,"Anna University, Chennai",205000.0,0.0,,Private,No,No,www.licet.ac.in,Computer Science & IT,59.0,20.0,35.6,Moderate,Below Average,Not Ranked
K Ramakrishnan College of Engineering,COMPUTER SCIENCE AND ENGINEERING,Tiruchirappalli,Tamil Nadu,"Anna University, Chennai",140000.0,3.1,,Private,No,No,www.krce.ac.in,Computer Science & IT,72.0,41.0,53.4,Affordable,Average,Not Ranked
Vivekanandha College of Engineering for Women,COMPUTER SCIENCE AND ENGINEERING,Tiruchengode,Tamil Nadu,"Anna University, Chennai",216545.45454545456,2.82,,Private - Autonomous,No,No,www.vivekanand ha.ac.,Computer Science & IT,56.69090909090909,38.2,45.6,Moderate,Below Average,Not Ranked
MP Nachimuthu M Jaganathan Engineering College,COMPUTER SCIENCE AND ENGINEERING,Erode,Tamil Nadu,"Anna University, Chennai",129444.44444444444,0.0,,Private,No,No,"www.mpnmjec.ac
 .in",Computer Science & IT,74.11111111111111,20.0,41.6,Affordable,Below Average,Not Ranked
M Kumarasamy College of Engineering,COMPUTER SCIENCE AND ENGINEERING,Malayampalayam,Tamil Nadu,"Anna University, Chennai",143000.0,2.66,,Private - Autonomous,No,No,www.mkce.ac.in,Computer Science & IT,71.4,36.6,50.5,Affordable,Below Average,Not Ranked
Saranathan College of Engineering,COMPUTER SCIENCE AND ENGINEERING,Panjappur,Tamil Nadu,"Anna University, Chennai",154000.0,0.0,,Private,No,No,www.saranathan. ac.in,Computer Science & IT,69.2,20.0,39.7,Affordable,Below Average,Not Ranked
Vel Tech High Tech Dr. Rangarajan Dr. Sakunthala Engineering College,COMPUTER SCIENCE AND ENGINEERING,Chennai,Tamil Nadu,"Anna University, Chennai",191818.18181818185,0.0,,Private,No,No,"www.velhightech
 .com",Computer Science & IT,61.636363636363626,20.0,36.7,Affordable,Below Average,Not Ranked
K Ramakrishnan College of Technology,COMPUTER SCIENCE AND ENGINEERING,Tiruchirappalli,Tamil Nadu,"Anna University, Chennai",260000.0,3.54,,Private,No,No,www.krct.ac.in,Computer Science & IT,48.0,45.4,46.4,Moderate,Average,Not Ranked
AVS Engineering College,COMPUTER SCIENCE AND ENGINEERING,Salem,Tamil Nadu,"Anna University, Chennai",143333.33333333334,0.0,,Private,No,No,"www.avsenggcoll
 ege.a",Computer Science & IT,71.33333333333333,20.0,40.5,Affordable,Below Average,Not Ranked
St. Xavier's Catholic College of Engineering,COMPUTER SCIENCE AND ENGINEERING,Nagercoil,Tamil Nadu,"Anna University, Chennai",138750.0,0.0,,Private,No,No,"www.sxcce.edu.i
 n",Computer Science & IT,72.25,20.0,40.9,Affordable,Below Average,Not Ranked
Knowledge Institute of Technology,COMPUTER SCIENCE AND ENGINEERING,Salem,Tamil Nadu,"Anna University, Chennai",200000.0,0.0,,Private,No,No,www.kiot.ac.in,Computer Science & IT,60.0,20.0,36.0,Affordable,Below Average,Not Ranked
SVR Engineering College,COMPUTER SCIENCE AND ENGINEERING,Nandyal,Andhra Pradesh,"Jawaharlal Nehru Technological University, Anantapur",102968.75,0.0,,Private,No,No,www.vsbec.com,Computer Science & IT,79.40625,20.0,43.8,Affordable,Below Average,Not Ranked
Chennai Institute of Technology,COMPUTER SCIENCE AND ENGINEERING,Chennai,Tamil Nadu,"Anna University, Chennai",200000.0,0.0,101.0,Private,No,No,"www.citchennai.e
 du.i",Computer Science & IT,60.0,42.2,49.3,Affordable,Average,Top 200
Gnanamani College of Technology,COMPUTER SCIENCE AND ENGINEERING,Namakkal,Tamil Nadu,"Anna University, Chennai",221428.57142857145,0.0,,Private,No,No,www.gct.org.in,Computer Science & IT,55.71428571428571,20.0,34.3,Moderate,Below Average,Not Ranked
Sri Sai Ram Institute of Technology,COMPUTER SCIENCE AND ENGINEERING,Chennai,Tamil Nadu,"Anna University, Chennai",147142.85714285713,3.3,,Private,No,No,"www.sairamit.ed
 u.in",Computer Science & IT,70.57142857142857,43.0,54.0,Affordable,Average,Not Ranked
Velammal Institute of Technology,COMPUTER SCIENCE AND ENGINEERING,Chennai,Tamil Nadu,"Anna University, Chennai",160000.0,0.0,,Private,No,No,www.velammalit. com,Computer Science & IT,68.0,20.0,39.2,Affordable,Below Average,Not Ranked
Jeppiaar Engineering College,COMPUTER SCIENCE AND ENGINEERING,Chennai,Tamil Nadu,"Anna University, Chennai",150000.0,0.0,,Private,No,No,"www.jeppiaarcoll
 ege.",Computer Science & IT,70.0,20.0,40.0,Affordable,Below Average,Not Ranked
GKM College of Engineering and Technology,COMPUTER SCIENCE AND ENGINEERING,Chennai,Tamil Nadu,"Anna University, Chennai",137857.14285714287,0.0,,Private,No,No,www.rmkcet.ac.i n,Computer Science & IT,72.42857142857143,20.0,41.0,Affordable,Below Average,Not Ranked
Hindusthan College of Engineering and Technology,COMPUTER SCIENCE AND ENGINEERING,Coimbatore,Tamil Nadu,"Anna University, Chennai",145833.33333333334,3.07,,Private,No,Not Available,www.hindusthan. net,Computer Science & IT,70.83333333333333,40.7,52.8,Affordable,Average,Not Ranked
Sri Krishna College of Technology,COMPUTER SCIENCE AND ENGINEERING,Coimbatore,Tamil Nadu,"Anna University, Chennai",145285.7142857143,3.22,151.0,"Private -
 Autonomous",No,No,www.skct.edu.in,Computer Science & IT,70.94285714285714,45.0,55.4,Affordable,Average,Top 200
Sri Eshwar College of Engineering,COMPUTER SCIENCE AND ENGINEERING,Coimbatore,Tamil Nadu,"Anna University, Chennai",211428.57142857145,3.27,,Private,No,No,www.sece.ac.in,Computer Science & IT,57.71428571428571,42.7,48.7,Moderate,Average,Not Ranked
Amrita Vishwa Vidyapeetham,COMPUTER SCIENCE AND ENGINEERING,Coimbatore,Tamil Nadu,Not Available,0.0,0.0,23.0,Private,No,No,www.amrita.edu,Computer Science & IT,,61.6,61.6,Not Available,Good,Top 50
Jeppiaar Institute of Technology,ELECTRICAL AND ELECTRONICS ENGINEERING,Kunnam,Tamil Nadu,"Anna University, Chennai",160000.0,0.0,,Private,No,No,"www.jeppiaarinst
 itut",Electronics & Communication,68.0,20.0,39.2,Affordable,Below Average,Not Ranked
KSR Institute for Engineering and Technology,ELECTRICAL AND ELECTRONICS ENGINEERING,KSR Kalvi Nagar,Tamil Nadu,"Anna University, Chennai",160000.0,0.0,,Private,No,No,www.ksriet.ac.in,Electronics & Communication,68.0,20.0,39.2,Affordable,Below Average,Not Ranked
MP Nachimuthu M Jaganathan Engineering College,ELECTRICAL AND ELECTRONICS ENGINEERING,Erode,Tamil Nadu,"Anna University, Chennai",129444.44444444444,0.0,,Private,No,No,"www.mpnmjec.ac
 .in",Electronics & Communication,74.11111111111111,20.0,41.6,Affordable,Below Average,Not Ranked
Bharathiyar Institute of Engineering for Women,ELECTRICAL AND ELECTRONICS ENGINEERING,Thalaivasal,Tamil Nadu,"Anna University, Chennai",160000.0,0.0,,Private,No,No,www.biew.ac.in,Electronics & Communication,68.0,20.0,39.2,Affordable,Below Average,Not Ranked
Maha Barathi Engineering College,ELECTRICAL AND ELECTRONICS ENGINEERING,Vasudevanur,Tamil Nadu,"Anna University, Chennai",160000.0,0.0,,Private,No,No,"www.mahabarat
 hi.com",Electronics & Communication,68.0,20.0,39.2,Affordable,Below Average,Not Ranked
Dr. GU Pope College of Engineering,ELECTRICAL AND ELECTRONICS ENGINEERING,Sayapuram,Tamil Nadu,"Anna University, Chennai",160000.0,0.0,,Private,No,No,"www.drgupope.o
 rg.in",Electronics & Communication,68.0,20.0,39.2,Affordable,Below Average,Not Ranked
SSM Institute of Engineering and Technology,ELECTRICAL AND ELECTRONICS ENGINEERING,Dindigul,Tamil Nadu,"Anna University, Chennai",160000.0,0.0,,Private,No,No,www.ssmiet.ac.in,Electronics & Communication,68.0,20.0,39.2,Affordable,Below Average,Not Ranked
ACS College of Engineering,ELECTRICAL AND ELECTRONICS ENGINEERING,Bengaluru,Karnataka,"Visvesvaraya Technological University, Belagavi",151200.0,3.1,,Private,No,No,-,Electronics & Communication,69.76,41.0,52.5,Affordable,Average,Not Ranked
Vel Tech High Tech Dr. Rangarajan Dr. Sakunthala Engineering College,ELECTRICAL AND ELECTRONICS ENGINEERING,Chennai,Tamil Nadu,"Anna University, Chennai",191818.18181818185,0.0,,Private,No,No,"www.velhightech
 .com",Electronics & Communication,61.636363636363626,20.0,36.7,Affordable,Below Average,Not Ranked
AVS Engineering College,ELECTRICAL AND ELECTRONICS ENGINEERING,Salem,Tamil Nadu,"Anna University, Chennai",143333.33333333334,0.0,,Private,No,No,"www.avsenggcoll
 ege.a",Electronics & Communication,71.33333333333333,20.0,40.5,Affordable,Below Average,Not Ranked
St. Xavier's Catholic College of Engineering,ELECTRICAL AND ELECTRONICS ENGINEERING,Nagercoil,Tamil Nadu,"Anna University, Chennai",138750.0,0.0,,Private,No,No,"www.sxcce.edu.i
 n",Electronics & Communication,72.25,20.0,40.9,Affordable,Below Average,Not Ranked
Dhanalakshmi Srinivasan College of Engineering,ELECTRICAL AND ELECTRONICS ENGINEERING,Perambalur,Tamil Nadu,"Anna University, Chennai",160000.0,0.0,,Private,No,No,www.dsce.ac.in,Electronics & Communication,68.0,20.0,39.2,Affordable,Below Average,Not Ranked
SVR Engineering College,ELECTRICAL AND ELECTRONICS ENGINEERING,Nandyal,Andhra Pradesh,"Jawaharlal Nehru Technological University, Anantapur",102968.75,0.0,,Private,No,No,www.vsbec.com,Electronics & Communication,79.40625,20.0,43.8,Affordable,Below Average,Not Ranked
Dr. NGP Institute of Technology,ELECTRICAL AND ELECTRONICS ENGINEERING,Coimbatore,Tamil Nadu,"Anna University, Chennai",160000.0,0.0,,Private,No,No,"www.drngpit.ac.i
 n",Electronics & Communication,68.0,20.0,39.2,Affordable,Below Average,Not Ranked
Chennai Institute of Technology,ELECTRICAL AND ELECTRONICS ENGINEERING,Chennai,Tamil Nadu,"Anna University, Chennai",200000.0,0.0,101.0,Private,No,No,"www.citchennai.e
 du.i",Electronics & Communication,60.0,42.2,49.3,Affordable,Average,Top 200
Thanthai Periyar Government Institute of Technology,ELECTRICAL AND ELECTRONICS ENGINEERING,Vellore,Tamil Nadu,"Anna University, Chennai",25561.11111111111,0.0,,Government,No,No,www.tpgit.edu.in,Electronics & Communication,100.0,33.3,60.0,Budget-Friendly,Below Average,Not Ranked
Sri Eshwar College of Engineering,ELECTRICAL AND ELECTRONICS ENGINEERING,Coimbatore,Tamil Nadu,"Anna University, Chennai",211428.57142857145,3.27,,Private,No,No,www.sece.ac.in,Electronics & Communication,57.71428571428571,42.7,48.7,Moderate,Average,Not Ranked
College of Technology,ELECTRICAL AND ELECTRONICS ENGINEERING,Pantnagar,Uttarakhand,"Govind Ballabh Pant University of Agriculture and Technology, Pantnagar",130130.43478260867,0.0,,Private,No,No,www.avstech.org,Electronics & Communication,73.97391304347826,33.3,49.6,Affordable,Below Average,Not Ranked
Ramco Institute of Technology,ELECTRICAL AND ELECTRONICS ENGINEERING,Rajapalayam,Tamil Nadu,"Anna University, Chennai",200000.0,0.0,,Private,No,No,www.ritrjpm.ac.i n,Electronics & Communication,60.0,20.0,36.0,Affordable,Below Average,Not Ranked
Velammal Institute of Technology,ELECTRICAL AND ELECTRONICS ENGINEERING,Chennai,Tamil Nadu,"Anna University, Chennai",160000.0,0.0,,Private,No,No,www.velammalit. com,Electronics & Communication,68.0,20.0,39.2,Affordable,Below Average,Not Ranked
Government College of Engineering,ELECTRICAL AND ELECTRONICS ENGINEERING,Aurangabad,Maharashtra,"Dr Babasaheb Ambedkar Marathwada University, Aurangabad",199963.0434782609,0.0,,Government,No,No,www.gec.ac.in,Electronics & Communication,60.00739130434782,33.3,44.0,Affordable,Below Average,Not Ranked
Rohini College of Engineering and Technology,ELECTRICAL AND ELECTRONICS ENGINEERING,Paalkulam,Tamil Nadu,"Anna University, Chennai",182222.22222222225,0.0,,Private,No,No,www.rcet.org.in,Electronics & Communication,63.55555555555555,20.0,37.4,Affordable,Below Average,Not Ranked
Loyola-ICAM College of Engineering and Technology,ELECTRICAL AND ELECTRONICS ENGINEERING,Chennai,Tamil Nadu,"Anna University, Chennai",205000.0,0.0,,Private,No,No,www.licet.ac.in,Electronics & Communication,59.0,20.0,35.6,Moderate,Below Average,Not Ranked
GKM College of Engineering and Technology,ELECTRICAL AND ELECTRONICS ENGINEERING,Chennai,Tamil Nadu,"Anna University, Chennai",137857.14285714287,0.0,,Private,No,No,www.rmkcet.ac.i n,Electronics & Communication,72.42857142857143,20.0,41.0,Affordable,Below Average,Not Ranked
Amrita Vishwa Vidyapeetham,ELECTRICAL AND ELECTRONICS ENGINEERING,Coimbatore,Tamil Nadu,Not Available,0.0,0.0,23.0,Private,No,No,www.amrita.edu,Electronics & Communication,,61.6,61.6,Not Available,Good,Top 50
K Ramakrishnan College of Engineering,ELECTRICAL AND ELECTRONICS ENGINEERING,Tiruchirappalli,Tamil Nadu,"Anna University, Chennai",140000.0,3.1,,Private,No,No,www.krce.ac.in,Electronics & Communication,72.0,41.0,53.4,Affordable,Average,Not Ranked
Vivekanandha College of Engineering for Women,ELECTRICAL AND ELECTRONICS ENGINEERING,Tiruchengode,Tamil Nadu,"Anna University, Chennai",216545.45454545456,2.82,,Private - Autonomous,No,No,www.vivekanand ha.ac.,Electronics & Communication,56.69090909090909,38.2,45.6,Moderate,Below Average,Not Ranked
Hindusthan College of Engineering and Technology,ELECTRICAL AND ELECTRONICS ENGINEERING,Coimbatore,Tamil Nadu,"Anna University, Chennai",145833.33333333334,3.07,,Private,No,Not Available,www.hindusthan. net,Electronics & Communication,70.83333333333333,40.7,52.8,Affordable,Average,Not Ranked
Saranathan College of Engineering,ELECTRICAL AND ELECTRONICS ENGINEERING,Panjappur,Tamil Nadu,"Anna University, Chennai",154000.0,0.0,,Private,No,No,www.saranathan. ac.in,Electronics & Communication,69.2,20.0,39.7,Affordable,Below Average,Not Ranked
Sethu Institute of Technology,ELECTRICAL AND ELECTRONICS ENGINEERING,S.Kallupatti,Tamil Nadu,"Anna University, Chennai",168888.88888888888,0.0,,"Private -
 Autonomous",No,No,www.sethu.ac.in,Electronics & Communication,66.22222222222223,20.0,38.5,Affordable,Below Average,Not Ranked
K Ramakrishnan College of Technology,ELECTRICAL AND ELECTRONICS ENGINEERING,Tiruchirappalli,Tamil Nadu,"Anna University, Chennai",260000.0,3.54,,Private,No,No,www.krct.ac.in,Electronics & Communication,48.0,45.4,46.4,Moderate,Average,Not Ranked
Knowledge Institute of Technology,ELECTRICAL AND ELECTRONICS ENGINEERING,Salem,Tamil Nadu,"Anna University, Chennai",200000.0,0.0,,Private,No,No,www.kiot.ac.in,Electronics & Communication,60.0,20.0,36.0,Affordable,Below Average,Not Ranked
Kongunadu College of Engineering and Technology,ELECTRICAL AND ELECTRONICS ENGINEERING,Tiruchirappalli,Tamil Nadu,"Anna University, Chennai",160000.0,0.0,,Private,No,No,"www.kongunadu-
 engg.c",Electronics & Communication,68.0,20.0,39.2,Affordable,Below Average,Not Ranked
Gnanamani College of Technology,ELECTRICAL AND ELECTRONICS ENGINEERING,Namakkal,Tamil Nadu,"Anna University, Chennai",221428.57142857145,0.0,,Private,No,No,www.gct.org.in,Electronics & Communication,55.71428571428571,20.0,34.3,Moderate,Below Average,Not Ranked
Sri Sai Ram Institute of Technology,ELECTRICAL AND ELECTRONICS ENGINEERING,Chennai,Tamil Nadu,"Anna University, Chennai",147142.85714285713,3.3,,Private,No,No,"www.sairamit.ed
 u.in",Electronics & Communication,70.57142857142857,43.0,54.0,Affordable,Average,Not Ranked
Alagappa Chettiar College of Engineering and Technology,ELECTRICAL AND ELECTRONICS ENGINEERING,Karaikudi,Tamil Nadu,"Anna University, Chennai",23657.272727272728,0.0,,Government,No,No,"www.accet.edu.i
 n",Electronics & Communication,100.0,33.3,60.0,Budget-Friendly,Below Average,Not Ranked
Vel Tech,ELECTRICAL AND ELECTRONICS ENGINEERING,Chennai,Tamil Nadu,"Anna University, Chennai",200000.0,0.0,,Private,No,No,"www.veltecheng
 g.com",Electronics & Communication,60.0,20.0,36.0,Affordable,Below Average,Not Ranked
Jeppiaar Engineering College,ELECTRICAL AND ELECTRONICS ENGINEERING,Chennai,Tamil Nadu,"Anna University, Chennai",150000.0,0.0,,Private,No,No,"www.jeppiaarcoll
 ege.",Electronics & Communication,70.0,20.0,40.0,Affordable,Below Average,Not Ranked
M Kumarasamy College of Engineering,ELECTRICAL AND ELECTRONICS ENGINEERING,Malayampalayam,Tamil Nadu,"Anna University, Chennai",143000.0,2.66,,Private - Autonomous,No,No,www.mkce.ac.in,Electronics & Communication,71.4,36.6,50.5,Affordable,Below Average,Not Ranked
Sri Krishna College of Technology,ELECTRICAL AND ELECTRONICS ENGINEERING,Coimbatore,Tamil Nadu,"Anna University, Chennai",145285.7142857143,3.22,151.0,"Private -
 Autonomous",No,No,www.skct.edu.in,Electronics & Communication,70.94285714285714,45.0,55.4,Affordable,Average,Top 200
Maha Barathi Engineering College,ELECTRONICS & COMMUNICATION ENGG,Vasudevanur,Tamil Nadu,"Anna University, Chennai",160000.0,0.0,,Private,No,No,"www.mahabarat
 hi.com",Electronics & Communication,68.0,20.0,39.2,Affordable,Below Average,Not Ranked
Loyola-ICAM College of Engineering and Technology,ELECTRONICS & COMMUNICATION ENGG,Chennai,Tamil Nadu,"Anna University, Chennai",205000.0,0.0,,Private,No,No,www.licet.ac.in,Electronics & Communication,59.0,20.0,35.6,Moderate,Below Average,Not Ranked
Amrita Vishwa Vidyapeetham,ELECTRONICS & COMMUNICATION ENGG,Coimbatore,Tamil Nadu,Not Available,0.0,0.0,23.0,Private,No,No,www.amrita.edu,Electronics & Communication,,61.6,61.6,Not Available,Good,Top 50
Vivekanandha College of Engineering for Women,ELECTRONICS & COMMUNICATION ENGG,Tiruchengode,Tamil Nadu,"Anna University, Chennai",216545.45454545456,2.82,,Private - Autonomous,No,No,www.vivekanand ha.ac.,Electronics & Communication,56.69090909090909,38.2,45.6,Moderate,Below Average,Not Ranked
MP Nachimuthu M Jaganathan Engineering College,ELECTRONICS & COMMUNICATION ENGG,Erode,Tamil Nadu,"Anna University, Chennai",129444.44444444444,0.0,,Private,No,No,"www.mpnmjec.ac
 .in",Electronics & Communication,74.11111111111111,20.0,41.6,Affordable,Below Average,Not Ranked
Bharathiyar Institute of Engineering for Women,ELECTRONICS & COMMUNICATION ENGG,Thalaivasal,Tamil Nadu,"Anna University, Chennai",160000.0,0.0,,Private,No,No,www.biew.ac.in,Electronics & Communication,68.0,20.0,39.2,Affordable,Below Average,Not Ranked
Saranathan College of Engineering,ELECTRONICS & COMMUNICATION ENGG,Panjappur,Tamil Nadu,"Anna University, Chennai",154000.0,0.0,,Private,No,No,www.saranathan. ac.in,Electronics & Communication,69.2,20.0,39.7,Affordable,Below Average,Not Ranked
AVS Engineering College,ELECTRONICS & COMMUNICATION ENGG,Salem,Tamil Nadu,"Anna University, Chennai",143333.33333333334,0.0,,Private,No,No,"www.avsenggcoll
 ege.a",Electronics & Communication,71.33333333333333,20.0,40.5,Affordable,Below Average,Not Ranked
Dr. NGP Institute of Technology,ELECTRONICS & COMMUNICATION ENGG,Coimbatore,Tamil Nadu,"Anna University, Chennai",160000.0,0.0,,Private,No,No,"www.drngpit.ac.i
 n",Electronics & Communication,68.0,20.0,39.2,Affordable,Below Average,Not Ranked
Chennai Institute of Technology,ELECTRONICS & COMMUNICATION ENGG,Chennai,Tamil Nadu,"Anna University, Chennai",200000.0,0.0,101.0,Private,No,No,"www.citchennai.e
 du.i",Electronics & Communication,60.0,42.2,49.3,Affordable,Average,Top 200
Kongunadu College of Engineering and Technology,ELECTRONICS & COMMUNICATION ENGG,Tiruchirappalli,Tamil Nadu,"Anna University, Chennai",160000.0,0.0,,Private,No,No,"www.kongunadu-
 engg.c",Electronics & Communication,68.0,20.0,39.2,Affordable,Below Average,Not Ranked
Thanthai Periyar Government Institute of Technology,ELECTRONICS & COMMUNICATION ENGG,Vellore,Tamil Nadu,"Anna University, Chennai",25561.11111111111,0.0,,Government,No,No,www.tpgit.edu.in,Electronics & Communication,100.0,33.3,60.0,Budget-Friendly,Below Average,Not Ranked
Government College of Engineering,ELECTRONICS & COMMUNICATION ENGG,Aurangabad,Maharashtra,"Dr Babasaheb Ambedkar Marathwada University, Aurangabad",199963.0434782609,0.0,,Government,No,No,www.gec.ac.in,Electronics & Communication,60.00739130434782,33.3,44.0,Affordable,Below Average,Not Ranked
K Ramakrishnan College of Engineering,ELECTRONICS & COMMUNICATION ENGG,Tiruchirappalli,Tamil Nadu,"Anna University, Chennai",140000.0,3.1,,Private,No,No,www.krce.ac.in,Electronics & Communication,72.0,41.0,53.4,Affordable,Average,Not Ranked
Hindusthan College of Engineering and Technology,ELECTRONICS & COMMUNICATION ENGG,Coimbatore,Tamil Nadu,"Anna University, Chennai",145833.33333333334,3.07,,Private,No,Not Available,www.hindusthan. net,Electronics & Communication,70.83333333333333,40.7,52.8,Affordable,Average,Not Ranked
Sri Krishna College of Technology,ELECTRONICS & COMMUNICATION ENGG,Coimbatore,Tamil Nadu,"Anna University, Chennai",145285.7142857143,3.22,151.0,"Private -
 Autonomous",No,No,www.skct.edu.in,Electronics & Communication,70.94285714285714,45.0,55.4,Affordable,Average,Top 200
Sri Eshwar College of Engineering,ELECTRONICS & COMMUNICATION ENGG,Coimbatore,Tamil Nadu,"Anna University, Chennai",211428.57142857145,3.27,,Private,No,No,www.sece.ac.in,Electronics & Communication,57.71428571428571,42.7,48.7,Moderate,Average,Not Ranked
M Kumarasamy College of Engineering,ELECTRONICS & COMMUNICATION ENGG,Malayampalayam,Tamil Nadu,"Anna University, Chennai",143000.0,2.66,,Private - Autonomous,No,No,www.mkce.ac.in,Electronics & Communication,71.4,36.6,50.5,Affordable,Below Average,Not Ranked
Dr. GU Pope College of Engineering,ELECTRONICS AND COMMUNICATIONS ENGINEERING,Sayapuram,Tamil Nadu,"Anna University, Chennai",160000.0,0.0,,Private,No,No,"www.drgupope.o
 rg.in",Electronics & Communication,68.0,20.0,39.2,Affordable,Below Average,Not Ranked
ACS College of Engineering,ELECTRONICS AND COMMUNICATIONS ENGINEERING,Bengaluru,Karnataka,"Visvesvaraya Technological University, Belagavi",151200.0,3.1,,Private,No,No,-,Electronics & Communication,69.76,41.0,52.5,Affordable,Average,Not Ranked
College of Technology,ELECTRONICS AND COMMUNICATIONS ENGINEERING,Pantnagar,Uttarakhand,"Govind Ballabh Pant University of Agriculture and Technology, Pantnagar",130130.43478260867,0.0,,Private,No,No,www.avstech.org,Electronics & Communication,73.97391304347826,33.3,49.6,Affordable,Below Average,Not Ranked
Alagappa Chettiar College of Engineering and Technology,ELECTRONICS AND COMMUNICATIONS ENGINEERING,Karaikudi,Tamil Nadu,"Anna University, Chennai",23657.272727272728,0.0,,Government,No,No,"www.accet.edu.i
 n",Electronics & Communication,100.0,33.3,60.0,Budget-Friendly,Below Average,Not Ranked
Jeppiaar Institute of Technology,ELECTRONICS AND COMMUNICATIONS ENGINEERING,Kunnam,Tamil Nadu,"Anna University, Chennai",160000.0,0.0,,Private,No,No,"www.jeppiaarinst
 itut",Electronics & Communication,68.0,20.0,39.2,Affordable,Below Average,Not Ranked
KSR Institute for Engineering and Technology,ELECTRONICS AND COMMUNICATIONS ENGINEERING,KSR Kalvi Nagar,Tamil Nadu,"Anna University, Chennai",160000.0,0.0,,Private,No,No,www.ksriet.ac.in,Electronics & Communication,68.0,20.0,39.2,Affordable,Below Average,Not Ranked
SSM Institute of Engineering and Technology,ELECTRONICS AND COMMUNICATIONS ENGINEERING,Dindigul,Tamil Nadu,"Anna University, Chennai",160000.0,0.0,,Private,No,No,www.ssmiet.ac.in,Electronics & Communication,68.0,20.0,39.2,Affordable,Below Average,Not Ranked
Vel Tech High Tech Dr. Rangarajan Dr. Sakunthala Engineering College,ELECTRONICS AND COMMUNICATIONS ENGINEERING,Chennai,Tamil Nadu,"Anna University, Chennai",191818.18181818185,0.0,,Private,No,No,"www.velhightech
 .com",Electronics & Communication,61.636363636363626,20.0,36.7,Affordable,Below Average,Not Ranked
K Ramakrishnan College of Technology,ELECTRONICS AND COMMUNICATIONS ENGINEERING,Tiruchirappalli,Tamil Nadu,"Anna University, Chennai",260000.0,3.54,,Private,No,No,www.krct.ac.in,Electronics & Communication,48.0,45.4,46.4,Moderate,Average,Not Ranked
St. Xavier's Catholic College of Engineering,ELECTRONICS AND COMMUNICATIONS ENGINEERING,Nagercoil,Tamil Nadu,"Anna University, Chennai",138750.0,0.0,,Private,No,No,"www.sxcce.edu.i
 n",Electronics & Communication,72.25,20.0,40.9,Affordable,Below Average,Not Ranked
Knowledge Institute of Technology,ELECTRONICS AND COMMUNICATIONS ENGINEERING,Salem,Tamil Nadu,"Anna University, Chennai",200000.0,0.0,,Private,No,No,www.kiot.ac.in,Electronics & Communication,60.0,20.0,36.0,Affordable,Below Average,Not Ranked
Dhanalakshmi Srinivasan College of Engineering,ELECTRONICS AND COMMUNICATIONS ENGINEERING,Perambalur,Tamil Nadu,"Anna University, Chennai",160000.0,0.0,,Private,No,No,www.dsce.ac.in,Electronics & Communication,68.0,20.0,39.2,Affordable,Below Average,Not Ranked
Sri Sai Ram Institute of Technology,ELECTRONICS AND COMMUNICATIONS ENGINEERING,Chennai,Tamil Nadu,"Anna University, Chennai",147142.85714285713,3.3,,Private,No,No,"www.sairamit.ed
 u.in",Electronics & Communication,70.57142857142857,43.0,54.0,Affordable,Average,Not Ranked
Ramco Institute of Technology,ELECTRONICS AND COMMUNICATIONS ENGINEERING,Rajapalayam,Tamil Nadu,"Anna University, Chennai",200000.0,0.0,,Private,No,No,www.ritrjpm.ac.i n,Electronics & Communication,60.0,20.0,36.0,Affordable,Below Average,Not Ranked
Velammal Institute of Technology,ELECTRONICS AND COMMUNICATIONS ENGINEERING,Chennai,Tamil Nadu,"Anna University, Chennai",160000.0,0.0,,Private,No,No,www.velammalit. com,Electronics & Communication,68.0,20.0,39.2,Affordable,Below Average,Not Ranked
Jayaraj Annapackiam CSI College of Engineering,ELECTRONICS AND COMMUNICATIONS ENGINEERING,Nazareth,Tamil Nadu,"Anna University, Chennai",95000.0,0.0,,Private,No,No,www.jacsice.in,Electronics & Communication,81.0,20.0,44.4,Budget-Friendly,Below Average,Not Ranked
Vel Tech,ELECTRONICS AND COMMUNICATIONS ENGINEERING,Chennai,Tamil Nadu,"Anna University, Chennai",200000.0,0.0,,Private,No,No,"www.veltecheng
 g.com",Electronics & Communication,60.0,20.0,36.0,Affordable,Below Average,Not Ranked
Rohini College of Engineering and Technology,ELECTRONICS AND COMMUNICATIONS ENGINEERING,Paalkulam,Tamil Nadu,"Anna University, Chennai",182222.22222222225,0.0,,Private,No,No,www.rcet.org.in,Electronics & Communication,63.55555555555555,20.0,37.4,Affordable,Below Average,Not Ranked
Jeppiaar Engineering College,ELECTRONICS AND COMMUNICATIONS ENGINEERING,Chennai,Tamil Nadu,"Anna University, Chennai",150000.0,0.0,,Private,No,No,"www.jeppiaarcoll
 ege.",Electronics & Communication,70.0,20.0,40.0,Affordable,Below Average,Not Ranked
Sethu Institute of Technology,ELECTRONICS AND COMMUNICATIONS ENGINEERING,S.Kallupatti,Tamil Nadu,"Anna University, Chennai",168888.88888888888,0.0,,"Private -
 Autonomous",No,No,www.sethu.ac.in,Electronics & Communication,66.22222222222223,20.0,38.5,Affordable,Below Average,Not Ranked
SVR Engineering College,ELECTRONICS AND COMMUNICATIONS ENGINEERING,Nandyal,Andhra Pradesh,"Jawaharlal Nehru Technological University, Anantapur",102968.75,0.0,,Private,No,No,www.vsbec.com,Electronics & Communication,79.40625,20.0,43.8,Affordable,Below Average,Not Ranked
Gnanamani College of Technology,ELECTRONICS AND COMMUNICATIONS ENGINEERING,Namakkal,Tamil Nadu,"Anna University, Chennai",221428.57142857145,0.0,,Private,No,No,www.gct.org.in,Electronics & Communication,55.71428571428571,20.0,34.3,Moderate,Below Average,Not Ranked
GKM College of Engineering and Technology,ELECTRONICS AND COMMUNICATIONS ENGINEERING,Chennai,Tamil Nadu,"Anna University, Chennai",137857.14285714287,0.0,,Private,No,No,www.rmkcet.ac.i n,Electronics & Communication,72.42857142857143,20.0,41.0,Affordable,Below Average,Not Ranked
Amrita Vishwa Vidyapeetham,ELECTRONICS AND INSTRUMENTATION ENGINEERING,Coimbatore,Tamil Nadu,Not Available,0.0,0.0,23.0,Private,No,No,www.amrita.edu,Electronics & Communication,,61.6,61.6,Not Available,Good,Top 50
Hindusthan College of Engineering and Technology,ELECTRONICS AND INSTRUMENTATION ENGINEERING,Coimbatore,Tamil Nadu,"Anna University, Chennai",145833.33333333334,3.07,,Private,No,Not Available,www.hindusthan. net,Electronics & Communication,70.83333333333333,40.7,52.8,Affordable,Average,Not Ranked
M Kumarasamy College of Engineering,ELECTRONICS AND INSTRUMENTATION ENGINEERING,Malayampalayam,Tamil Nadu,"Anna University, Chennai",143000.0,2.66,,Private - Autonomous,No,No,www.mkce.ac.in,Electronics & Communication,71.4,36.6,50.5,Affordable,Below Average,Not Ranked
Jeppiaar Engineering College,ELECTRONICS AND INSTRUMENTATION ENGINEERING,Chennai,Tamil Nadu,"Anna University, Chennai",150000.0,0.0,,Private,No,No,"www.jeppiaarcoll
 ege.",Electronics & Communication,70.0,20.0,40.0,Affordable,Below Average,Not Ranked
Hindusthan College of Engineering and Technology,FOOD TECHNOLOGY,Coimbatore,Tamil Nadu,"Anna University, Chennai",145833.33333333334,3.07,,Private,No,Not Available,www.hindusthan. net,Agriculture & Food Tech,70.83333333333333,40.7,52.8,Affordable,Average,Not Ranked
Jeppiaar Institute of Technology,INFORMATION TECHNOLOGY,Kunnam,Tamil Nadu,"Anna University, Chennai",160000.0,0.0,,Private,No,No,"www.jeppiaarinst
 itut",Computer Science & IT,68.0,20.0,39.2,Affordable,Below Average,Not Ranked
KSR Institute for Engineering and Technology,INFORMATION TECHNOLOGY,KSR Kalvi Nagar,Tamil Nadu,"Anna University, Chennai",160000.0,0.0,,Private,No,No,www.ksriet.ac.in,Computer Science & IT,68.0,20.0,39.2,Affordable,Below Average,Not Ranked
Vivekanandha College of Engineering for Women,INFORMATION TECHNOLOGY,Tiruchengode,Tamil Nadu,"Anna University, Chennai",216545.45454545456,2.82,,Private - Autonomous,No,No,www.vivekanand ha.ac.,Computer Science & IT,56.69090909090909,38.2,45.6,Moderate,Below Average,Not Ranked
MP Nachimuthu M Jaganathan Engineering College,INFORMATION TECHNOLOGY,Erode,Tamil Nadu,"Anna University, Chennai",129444.44444444444,0.0,,Private,No,No,"www.mpnmjec.ac
 .in",Computer Science & IT,74.11111111111111,20.0,41.6,Affordable,Below Average,Not Ranked
ACS College of Engineering,INFORMATION TECHNOLOGY,Bengaluru,Karnataka,"Visvesvaraya Technological University, Belagavi",151200.0,3.1,,Private,No,No,-,Computer Science & IT,69.76,41.0,52.5,Affordable,Average,Not Ranked
Saranathan College of Engineering,INFORMATION TECHNOLOGY,Panjappur,Tamil Nadu,"Anna University, Chennai",154000.0,0.0,,Private,No,No,www.saranathan. ac.in,Computer Science & IT,69.2,20.0,39.7,Affordable,Below Average,Not Ranked
Sethu Institute of Technology,INFORMATION TECHNOLOGY,S.Kallupatti,Tamil Nadu,"Anna University, Chennai",168888.88888888888,0.0,,"Private -
 Autonomous",No,No,www.sethu.ac.in,Computer Science & IT,66.22222222222223,20.0,38.5,Affordable,Below Average,Not Ranked
Vel Tech High Tech Dr. Rangarajan Dr. Sakunthala Engineering College,INFORMATION TECHNOLOGY,Chennai,Tamil Nadu,"Anna University, Chennai",191818.18181818185,0.0,,Private,No,No,"www.velhightech
 .com",Computer Science & IT,61.636363636363626,20.0,36.7,Affordable,Below Average,Not Ranked
St. Xavier's Catholic College of Engineering,INFORMATION TECHNOLOGY,Nagercoil,Tamil Nadu,"Anna University, Chennai",138750.0,0.0,,Private,No,No,"www.sxcce.edu.i
 n",Computer Science & IT,72.25,20.0,40.9,Affordable,Below Average,Not Ranked
SVR Engineering College,INFORMATION TECHNOLOGY,Nandyal,Andhra Pradesh,"Jawaharlal Nehru Technological University, Anantapur",102968.75,0.0,,Private,No,No,www.vsbec.com,Computer Science & IT,79.40625,20.0,43.8,Affordable,Below Average,Not Ranked
Dr. NGP Institute of Technology,INFORMATION TECHNOLOGY,Coimbatore,Tamil Nadu,"Anna University, Chennai",160000.0,0.0,,Private,No,No,"www.drngpit.ac.i
 n",Computer Science & IT,68.0,20.0,39.2,Affordable,Below Average,Not Ranked
Kongunadu College of Engineering and Technology,INFORMATION TECHNOLOGY,Tiruchirappalli,Tamil Nadu,"Anna University, Chennai",160000.0,0.0,,Private,No,No,"www.kongunadu-
 engg.c",Computer Science & IT,68.0,20.0,39.2,Affordable,Below Average,Not Ranked
Velammal Institute of Technology,INFORMATION TECHNOLOGY,Chennai,Tamil Nadu,"Anna University, Chennai",160000.0,0.0,,Private,No,No,www.velammalit. com,Computer Science & IT,68.0,20.0,39.2,Affordable,Below Average,Not Ranked
Loyola-ICAM College of Engineering and Technology,INFORMATION TECHNOLOGY,Chennai,Tamil Nadu,"Anna University, Chennai",205000.0,0.0,,Private,No,No,www.licet.ac.in,Computer Science & IT,59.0,20.0,35.6,Moderate,Below Average,Not Ranked
Hindusthan College of Engineering and Technology,INFORMATION TECHNOLOGY,Coimbatore,Tamil Nadu,"Anna University, Chennai",145833.33333333334,3.07,,Private,No,Not Available,www.hindusthan. net,Computer Science & IT,70.83333333333333,40.7,52.8,Affordable,Average,Not Ranked
M Kumarasamy College of Engineering,INFORMATION TECHNOLOGY,Malayampalayam,Tamil Nadu,"Anna University, Chennai",143000.0,2.66,,Private - Autonomous,No,No,www.mkce.ac.in,Computer Science & IT,71.4,36.6,50.5,Affordable,Below Average,Not Ranked
Sri Krishna College of Technology,INFORMATION TECHNOLOGY,Coimbatore,Tamil Nadu,"Anna University, Chennai",145285.7142857143,3.22,151.0,"Private -
 Autonomous",No,No,www.skct.edu.in,Computer Science & IT,70.94285714285714,45.0,55.4,Affordable,Average,Top 200
Sri Sai Ram Institute of Technology,INFORMATION TECHNOLOGY,Chennai,Tamil Nadu,"Anna University, Chennai",147142.85714285713,3.3,,Private,No,No,"www.sairamit.ed
 u.in",Computer Science & IT,70.57142857142857,43.0,54.0,Affordable,Average,Not Ranked
Jayaraj Annapackiam CSI College of Engineering,INFORMATION TECHNOLOGY,Nazareth,Tamil Nadu,"Anna University, Chennai",95000.0,0.0,,Private,No,No,www.jacsice.in,Computer Science & IT,81.0,20.0,44.4,Budget-Friendly,Below Average,Not Ranked
Jeppiaar Engineering College,INFORMATION TECHNOLOGY,Chennai,Tamil Nadu,"Anna University, Chennai",150000.0,0.0,,Private,No,No,"www.jeppiaarcoll
 ege.",Computer Science & IT,70.0,20.0,40.0,Affordable,Below Average,Not Ranked
ACS College of Engineering,INSTRUMENTATION AND CONTROL ENGINEERING,Bengaluru,Karnataka,"Visvesvaraya Technological University, Belagavi",151200.0,3.1,,Private,No,No,-,Other Engineering,69.76,41.0,52.5,Affordable,Average,Not Ranked
Saranathan College of Engineering,INSTRUMENTATION AND CONTROL ENGINEERING,Panjappur,Tamil Nadu,"Anna University, Chennai",154000.0,0.0,,Private,No,No,www.saranathan. ac.in,Other Engineering,69.2,20.0,39.7,Affordable,Below Average,Not Ranked
Sri Krishna College of Technology,INSTRUMENTATION AND CONTROL ENGINEERING,Coimbatore,Tamil Nadu,"Anna University, Chennai",145285.7142857143,3.22,151.0,"Private -
 Autonomous",No,No,www.skct.edu.in,Other Engineering,70.94285714285714,45.0,55.4,Affordable,Average,Top 200
Dr. GU Pope College of Engineering,MECHANICAL ENGINEERING,Sayapuram,Tamil Nadu,"Anna University, Chennai",160000.0,0.0,,Private,No,No,"www.drgupope.o
 rg.in",Mechanical Engineering,68.0,20.0,39.2,Affordable,Below Average,Not Ranked
Amrita Vishwa Vidyapeetham,MECHANICAL ENGINEERING,Coimbatore,Tamil Nadu,Not Available,0.0,0.0,23.0,Private,No,No,www.amrita.edu,Mechanical Engineering,,61.6,61.6,Not Available,Good,Top 50
Jeppiaar Institute of Technology,MECHANICAL ENGINEERING,Kunnam,Tamil Nadu,"Anna University, Chennai",160000.0,0.0,,Private,No,No,"www.jeppiaarinst
 itut",Mechanical Engineering,68.0,20.0,39.2,Affordable,Below Average,Not Ranked
KSR Institute for Engineering and Technology,MECHANICAL ENGINEERING,KSR Kalvi Nagar,Tamil Nadu,"Anna University, Chennai",160000.0,0.0,,Private,No,No,www.ksriet.ac.in,Mechanical Engineering,68.0,20.0,39.2,Affordable,Below Average,Not Ranked
MP Nachimuthu M Jaganathan Engineering College,MECHANICAL ENGINEERING,Erode,Tamil Nadu,"Anna University, Chennai",129444.44444444444,0.0,,Private,No,No,"www.mpnmjec.ac
 .in",Mechanical Engineering,74.11111111111111,20.0,41.6,Affordable,Below Average,Not Ranked
Maha Barathi Engineering College,MECHANICAL ENGINEERING,Vasudevanur,Tamil Nadu,"Anna University, Chennai",160000.0,0.0,,Private,No,No,"www.mahabarat
 hi.com",Mechanical Engineering,68.0,20.0,39.2,Affordable,Below Average,Not Ranked
SSM Institute of Engineering and Technology,MECHANICAL ENGINEERING,Dindigul,Tamil Nadu,"Anna University, Chennai",160000.0,0.0,,Private,No,No,www.ssmiet.ac.in,Mechanical Engineering,68.0,20.0,39.2,Affordable,Below Average,Not Ranked
ACS College of Engineering,MECHANICAL ENGINEERING,Bengaluru,Karnataka,"Visvesvaraya Technological University, Belagavi",151200.0,3.1,,Private,No,No,-,Mechanical Engineering,69.76,41.0,52.5,Affordable,Average,Not Ranked
Saranathan College of Engineering,MECHANICAL ENGINEERING,Panjappur,Tamil Nadu,"Anna University, Chennai",154000.0,0.0,,Private,No,No,www.saranathan. ac.in,Mechanical Engineering,69.2,20.0,39.7,Affordable,Below Average,Not Ranked
Vel Tech High Tech Dr. Rangarajan Dr. Sakunthala Engineering College,MECHANICAL ENGINEERING,Chennai,Tamil Nadu,"Anna University, Chennai",191818.18181818185,0.0,,Private,No,No,"www.velhightech
 .com",Mechanical Engineering,61.636363636363626,20.0,36.7,Affordable,Below Average,Not Ranked
K Ramakrishnan College of Technology,MECHANICAL ENGINEERING,Tiruchirappalli,Tamil Nadu,"Anna University, Chennai",260000.0,3.54,,Private,No,No,www.krct.ac.in,Mechanical Engineering,48.0,45.4,46.4,Moderate,Average,Not Ranked
AVS Engineering College,MECHANICAL ENGINEERING,Salem,Tamil Nadu,"Anna University, Chennai",143333.33333333334,0.0,,Private,No,No,"www.avsenggcoll
 ege.a",Mechanical Engineering,71.33333333333333,20.0,40.5,Affordable,Below Average,Not Ranked
St. Xavier's Catholic College of Engineering,MECHANICAL ENGINEERING,Nagercoil,Tamil Nadu,"Anna University, Chennai",138750.0,0.0,,Private,No,No,"www.sxcce.edu.i
 n",Mechanical Engineering,72.25,20.0,40.9,Affordable,Below Average,Not Ranked
Dr. NGP Institute of Technology,MECHANICAL ENGINEERING,Coimbatore,Tamil Nadu,"Anna University, Chennai",160000.0,0.0,,Private,No,No,"www.drngpit.ac.i
 n",Mechanical Engineering,68.0,20.0,39.2,Affordable,Below Average,Not Ranked
Thanthai Periyar Government Institute of Technology,MECHANICAL ENGINEERING,Vellore,Tamil Nadu,"Anna University, Chennai",25561.11111111111,0.0,,Government,No,No,www.tpgit.edu.in,Mechanical Engineering,100.0,33.3,60.0,Budget-Friendly,Below Average,Not Ranked
Sri Sai Ram Institute of Technology,MECHANICAL ENGINEERING,Chennai,Tamil Nadu,"Anna University, Chennai",147142.85714285713,3.3,,Private,No,No,"www.sairamit.ed
 u.in",Mechanical Engineering,70.57142857142857,43.0,54.0,Affordable,Average,Not Ranked
Sri Eshwar College of Engineering,MECHANICAL ENGINEERING,Coimbatore,Tamil Nadu,"Anna University, Chennai",211428.57142857145,3.27,,Private,No,No,www.sece.ac.in,Mechanical Engineering,57.71428571428571,42.7,48.7,Moderate,Average,Not Ranked
College of Technology,MECHANICAL ENGINEERING,Pantnagar,Uttarakhand,"Govind Ballabh Pant University of Agriculture and Technology, Pantnagar",130130.43478260867,0.0,,Private,No,No,www.avstech.org,Mechanical Engineering,73.97391304347826,33.3,49.6,Affordable,Below Average,Not Ranked
Ramco Institute of Technology,MECHANICAL ENGINEERING,Rajapalayam,Tamil Nadu,"Anna University, Chennai",200000.0,0.0,,Private,No,No,www.ritrjpm.ac.i n,Mechanical Engineering,60.0,20.0,36.0,Affordable,Below Average,Not Ranked
Alagappa Chettiar College of Engineering and Technology,MECHANICAL ENGINEERING,Karaikudi,Tamil Nadu,"Anna University, Chennai",23657.272727272728,0.0,,Government,No,No,"www.accet.edu.i
 n",Mechanical Engineering,100.0,33.3,60.0,Budget-Friendly,Below Average,Not Ranked
Velammal Institute of Technology,MECHANICAL ENGINEERING,Chennai,Tamil Nadu,"Anna University, Chennai",160000.0,0.0,,Private,No,No,www.velammalit. com,Mechanical Engineering,68.0,20.0,39.2,Affordable,Below Average,Not Ranked
Government College of Engineering,MECHANICAL ENGINEERING,Aurangabad,Maharashtra,"Dr Babasaheb Ambedkar Marathwada University, Aurangabad",199963.0434782609,0.0,,Government,No,No,www.gec.ac.in,Mechanical Engineering,60.00739130434782,33.3,44.0,Affordable,Below Average,Not Ranked
Vel Tech,MECHANICAL ENGINEERING,Chennai,Tamil Nadu,"Anna University, Chennai",200000.0,0.0,,Private,No,No,"www.veltecheng
 g.com",Mechanical Engineering,60.0,20.0,36.0,Affordable,Below Average,Not Ranked
Loyola-ICAM College of Engineering and Technology,MECHANICAL ENGINEERING,Chennai,Tamil Nadu,"Anna University, Chennai",205000.0,0.0,,Private,No,No,www.licet.ac.in,Mechanical Engineering,59.0,20.0,35.6,Moderate,Below Average,Not Ranked
GKM College of Engineering and Technology,MECHANICAL ENGINEERING,Chennai,Tamil Nadu,"Anna University, Chennai",137857.14285714287,0.0,,Private,No,No,www.rmkcet.ac.i n,Mechanical Engineering,72.42857142857143,20.0,41.0,Affordable,Below Average,Not Ranked
K Ramakrishnan College of Engineering,MECHANICAL ENGINEERING,Tiruchirappalli,Tamil Nadu,"Anna University, Chennai",140000.0,3.1,,Private,No,No,www.krce.ac.in,Mechanical Engineering,72.0,41.0,53.4,Affordable,Average,Not Ranked
Hindusthan College of Engineering and Technology,MECHANICAL ENGINEERING,Coimbatore,Tamil Nadu,"Anna University, Chennai",145833.33333333334,3.07,,Private,No,Not Available,www.hindusthan. net,Mechanical Engineering,70.83333333333333,40.7,52.8,Affordable,Average,Not Ranked
Sri Krishna College of Technology,MECHANICAL ENGINEERING,Coimbatore,Tamil Nadu,"Anna University, Chennai",145285.7142857143,3.22,151.0,"Private -
 Autonomous",No,No,www.skct.edu.in,Mechanical Engineering,70.94285714285714,45.0,55.4,Affordable,Average,Top 200
Dhanalakshmi Srinivasan College of Engineering,MECHANICAL ENGINEERING,Perambalur,Tamil Nadu,"Anna University, Chennai",160000.0,0.0,,Private,No,No,www.dsce.ac.in,Mechanical Engineering,68.0,20.0,39.2,Affordable,Below Average,Not Ranked
SVR Engineering College,MECHANICAL ENGINEERING,Nandyal,Andhra Pradesh,"Jawaharlal Nehru Technological University, Anantapur",102968.75,0.0,,Private,No,No,www.vsbec.com,Mechanical Engineering,79.40625,20.0,43.8,Affordable,Below Average,Not Ranked
Chennai Institute of Technology,MECHANICAL ENGINEERING,Chennai,Tamil Nadu,"Anna University, Chennai",200000.0,0.0,101.0,Private,No,No,"www.citchennai.e
 du.i",Mechanical Engineering,60.0,42.2,49.3,Affordable,Average,Top 200
Rohini College of Engineering and Technology,MECHANICAL ENGINEERING,Paalkulam,Tamil Nadu,"Anna University, Chennai",182222.22222222225,0.0,,Private,No,No,www.rcet.org.in,Mechanical Engineering,63.55555555555555,20.0,37.4,Affordable,Below Average,Not Ranked
Jeppiaar Engineering College,MECHANICAL ENGINEERING,Chennai,Tamil Nadu,"Anna University, Chennai",150000.0,0.0,,Private,No,No,"www.jeppiaarcoll
 ege.",Mechanical Engineering,70.0,20.0,40.0,Affordable,Below Average,Not Ranked
M Kumarasamy College of Engineering,MECHANICAL ENGINEERING,Malayampalayam,Tamil Nadu,"Anna University, Chennai",143000.0,2.66,,Private - Autonomous,No,No,www.mkce.ac.in,Mechanical Engineering,71.4,36.6,50.5,Affordable,Below Average,Not Ranked
Sethu Institute of Technology,MECHANICAL ENGINEERING,S.Kallupatti,Tamil Nadu,"Anna University, Chennai",168888.88888888888,0.0,,"Private -
 Autonomous",No,No,www.sethu.ac.in,Mechanical Engineering,66.22222222222223,20.0,38.5,Affordable,Below Average,Not Ranked
Knowledge Institute of Technology,MECHANICAL ENGINEERING,Salem,Tamil Nadu,"Anna University, Chennai",200000.0,0.0,,Private,No,No,www.kiot.ac.in,Mechanical Engineering,60.0,20.0,36.0,Affordable,Below Average,Not Ranked
Kongunadu College of Engineering and Technology,MECHANICAL ENGINEERING,Tiruchirappalli,Tamil Nadu,"Anna University, Chennai",160000.0,0.0,,Private,No,No,"www.kongunadu-
 engg.c",Mechanical Engineering,68.0,20.0,39.2,Affordable,Below Average,Not Ranked
Gnanamani College of Technology,MECHANICAL ENGINEERING,Namakkal,Tamil Nadu,"Anna University, Chennai",221428.57142857145,0.0,,Private,No,No,www.gct.org.in,Mechanical Engineering,55.71428571428571,20.0,34.3,Moderate,Below Average,Not Ranked
Chennai Institute of Technology,MECHATRONICS,Chennai,Tamil Nadu,"Anna University, Chennai",200000.0,0.0,101.0,Private,No,No,"www.citchennai.e
 du.i",Mechanical Engineering,60.0,42.2,49.3,Affordable,Average,Top 200
Hindusthan College of Engineering and Technology,MECHATRONICS,Coimbatore,Tamil Nadu,"Anna University, Chennai",145833.33333333334,3.07,,Private,No,Not Available,www.hindusthan. net,Mechanical Engineering,70.83333333333333,40.7,52.8,Affordable,Average,Not Ranked
Kumaraguru College of Technology,AERONAUTICAL ENGINEERING,Coimbatore,Tamil Nadu,"Anna University, Chennai",203437.50000000003,3.21,151.0,"Private -
 Autonomous",Yes,Yes,www.kct.ac.in,Aerospace & Aeronautical,59.31249999999999,65.0,62.7,Moderate,Good,Top 200
Kalaignar Karunanidhi Institute of Technology,AERONAUTICAL ENGINEERING,Coimbatore,Tamil Nadu,"Anna University, Chennai",133571.42857142858,0.0,,Private,Yes,Yes,www.kitcbe.com,Aerospace & Aeronautical,73.28571428571428,86.7,81.3,Affordable,Excellent,Not Ranked
Bannari Amman Institute of Technology,AERONAUTICAL ENGINEERING,Erode,Tamil Nadu,"Anna University, Chennai",295000.0,3.57,,Private - Autonomous,Yes,Yes,www.bitsathy.ac.i n,Aerospace & Aeronautical,41.0,79.0,63.8,Moderate,Good,Not Ranked
Sri Ramakrishna Engineering College,AERONAUTICAL ENGINEERING,Coimbatore,Tamil Nadu,"Anna University, Chennai",164000.0,3.33,151.0,Private - Autonomous,Yes,Yes,www.srec.ac.in,Aerospace & Aeronautical,67.2,65.7,66.3,Affordable,Good,Top 200
Geeta Engineering College,AGRICULTURAL ENGINEERING,Naraina,Haryana,"Kurukshetra University, Kurukshetra",160927.27272727274,0.0,,Private,Yes,Yes,-,Agriculture & Food Tech,67.81454545454545,86.7,79.1,Affordable,Excellent,Not Ranked
Bannari Amman Institute of Technology,AGRICULTURAL ENGINEERING,Erode,Tamil Nadu,"Anna University, Chennai",295000.0,3.57,,Private - Autonomous,Yes,Yes,www.bitsathy.ac.i n,Agriculture & Food Tech,41.0,79.0,63.8,Moderate,Good,Not Ranked
Kalaignar Karunanidhi Institute of Technology,AGRICULTURE ENGINEERING,Coimbatore,Tamil Nadu,"Anna University, Chennai",133571.42857142858,0.0,,Private,Yes,Yes,www.kitcbe.com,Agriculture & Food Tech,73.28571428571428,86.7,81.3,Affordable,Excellent,Not Ranked
KLN College of Engineering,AUTOMOBILE ENGINEERING,Kusavapatti,Tamil Nadu,"Anna University, Chennai",234444.44444444444,0.0,,Private,Yes,Yes,www.klnce.edu,Mechanical Engineering,53.111111111111114,86.7,73.3,Moderate,Excellent,Not Ranked
Kumaraguru College of Technology,AUTOMOBILE ENGINEERING,Coimbatore,Tamil Nadu,"Anna University, Chennai",203437.50000000003,3.21,151.0,"Private -
 Autonomous",Yes,Yes,www.kct.ac.in,Mechanical Engineering,59.31249999999999,65.0,62.7,Moderate,Good,Top 200
Kongu Engineering College,AUTOMOBILE ENGINEERING,Perundurai,Tamil Nadu,"Anna University, Chennai",326307.6923076923,3.13,101.0,Private - Autonomous,Yes,Yes,www.kongu.ac.in,Mechanical Engineering,37.36923076923077,68.3,55.9,Premium,Good,Top 200
Karpagam College of Engineering,AUTOMOBILE ENGINEERING,Coimbatore,Tamil Nadu,"Anna University, Chennai",154727.27272727274,3.32,,"Private -
 Autonomous",Yes,Yes,www.kce.ac.in,Mechanical Engineering,69.05454545454545,76.5,73.5,Affordable,Good,Not Ranked
Easwari Engineering College,AUTOMOBILE ENGINEERING,Chennai,Tamil Nadu,"Anna University, Chennai",174428.57142857142,3.1,151.0,Private,Yes,Yes,"www.srmeaswari
 .ac.in",Mechanical Engineering,65.11428571428571,64.3,64.6,Affordable,Good,Top 200
Sri Venkateswara College of Engineering,AUTOMOBILE ENGINEERING,Tirupati,Andhra Pradesh,"Jawaharlal Nehru Technological University, Anantapur",202866.66666666663,0.0,151.0,Private - Autonomous,Yes,Yes,www.svce.ac.in,Mechanical Engineering,59.42666666666668,63.3,61.8,Moderate,Good,Top 200
Bannari Amman Institute of Technology,AUTOMOBILE ENGINEERING,Erode,Tamil Nadu,"Anna University, Chennai",295000.0,3.57,,Private - Autonomous,Yes,Yes,www.bitsathy.ac.i n,Mechanical Engineering,41.0,79.0,63.8,Moderate,Good,Not Ranked
Dr. Mahalingam College of Engineering and Technology,AUTOMOBILE ENGINEERING,Coimbatore,Tamil Nadu,"Anna University, Chennai",204090.9090909091,3.53,,Private - Autonomous,Yes,Yes,www.mcet.in,Mechanical Engineering,59.18181818181818,78.6,70.8,Moderate,Good,Not Ranked
Geeta Engineering College,BIOMEDICAL ENGINEERING,Naraina,Haryana,"Kurukshetra University, Kurukshetra",160927.27272727274,0.0,,Private,Yes,Yes,-,Chemical & Biotechnology,67.81454545454545,86.7,79.1,Affordable,Excellent,Not Ranked
Vel Tech Multi Tech Dr. Rangarajan Dr. Sakunthala Engineering College,BIOMEDICAL ENGINEERING,Chennai,Tamil Nadu,"Anna University, Chennai",217142.8571428572,3.49,,Private,Yes,Yes,"www.veltechmult
 itech",Chemical & Biotechnology,56.57142857142856,78.2,69.5,Moderate,Good,Not Ranked
Sri Sivasubramaniya Nadar College of Engineering,BIOMEDICAL ENGINEERING,Kelambakkam,Tamil Nadu,"Anna University, Chennai",198333.3333333333,3.55,46.0,Private,Yes,Yes,www.ssn.edu.in,Chemical & Biotechnology,60.333333333333336,80.1,72.2,Affordable,Excellent,Top 50
Karpagam College of Engineering,BIOMEDICAL ENGINEERING,Coimbatore,Tamil Nadu,"Anna University, Chennai",154727.27272727274,3.32,,"Private -
 Autonomous",Yes,Yes,www.kce.ac.in,Chemical & Biotechnology,69.05454545454545,76.5,73.5,Affordable,Good,Not Ranked
Kalaignar Karunanidhi Institute of Technology,BIOMEDICAL ENGINEERING,Coimbatore,Tamil Nadu,"Anna University, Chennai",133571.42857142858,0.0,,Private,Yes,Yes,www.kitcbe.com,Chemical & Biotechnology,73.28571428571428,86.7,81.3,Affordable,Excellent,Not Ranked
PSNA College of Engineering and Technology,BIOMEDICAL ENGINEERING,Dindigul,Tamil Nadu,"Anna University, Chennai",268333.3333333333,3.17,,Private,Yes,Yes,www.psnacet.ed u.in,Chemical & Biotechnology,46.333333333333336,75.0,63.5,Moderate,Good,Not Ranked
KPR Institute of Engineering and Technology,BIOMEDICAL ENGINEERING,Coimbatore,Tamil Nadu,"Anna University, Chennai",160000.0,3.08,101.0,Private,Yes,Yes,www.kpriet.ac.in,Chemical & Biotechnology,68.0,68.0,68.0,Affordable,Good,Top 200
Sri Ramakrishna Engineering College,BIOMEDICAL ENGINEERING,Coimbatore,Tamil Nadu,"Anna University, Chennai",164000.0,3.33,151.0,Private - Autonomous,Yes,Yes,www.srec.ac.in,Chemical & Biotechnology,67.2,65.7,66.3,Affordable,Good,Top 200
Velalar College of Engineering and Technology,BIOMEDICAL ENGINEERING,Erode,Tamil Nadu,"Anna University, Chennai",138461.53846153847,3.11,,"Private -
 Autonomous",Yes,Yes,"www.velalarengg
 .ac.i",Chemical & Biotechnology,72.3076923076923,74.4,73.6,Affordable,Good,Not Ranked
Kumaraguru College of Technology,BIOTECHNOLOGY,Coimbatore,Tamil Nadu,"Anna University, Chennai",203437.50000000003,3.21,151.0,"Private -
 Autonomous",Yes,Yes,www.kct.ac.in,Chemical & Biotechnology,59.31249999999999,65.0,62.7,Moderate,Good,Top 200
Mepco Schlenk Engineering College,BIOTECHNOLOGY,Melamattur,Tamil Nadu,"Anna University, Chennai",155000.0,3.14,101.0,Private - Autonomous,Yes,Yes,www.mepcoeng. ac.in,Chemical & Biotechnology,69.0,68.4,68.6,Affordable,Good,Top 200
St. Joseph's College of Engineering,BIOTECHNOLOGY,Chennai,Tamil Nadu,"Anna University, Chennai",163500.0,0.0,,Private,Yes,Yes,"www.stjosephs.a
 c.in",Chemical & Biotechnology,67.3,86.7,78.9,Affordable,Excellent,Not Ranked
Geeta Engineering College,BIOTECHNOLOGY,Naraina,Haryana,"Kurukshetra University, Kurukshetra",160927.27272727274,0.0,,Private,Yes,Yes,-,Chemical & Biotechnology,67.81454545454545,86.7,79.1,Affordable,Excellent,Not Ranked
Kalaignar Karunanidhi Institute of Technology,BIOTECHNOLOGY,Coimbatore,Tamil Nadu,"Anna University, Chennai",133571.42857142858,0.0,,Private,Yes,Yes,www.kitcbe.com,Chemical & Biotechnology,73.28571428571428,86.7,81.3,Affordable,Excellent,Not Ranked
Sri Venkateswara College of Engineering,BIOTECHNOLOGY,Tirupati,Andhra Pradesh,"Jawaharlal Nehru Technological University, Anantapur",202866.66666666663,0.0,151.0,Private - Autonomous,Yes,Yes,www.svce.ac.in,Chemical & Biotechnology,59.42666666666668,63.3,61.8,Moderate,Good,Top 200
Kamaraj College of Engineering and Technology,BIOTECHNOLOGY,Vellakulam,Tamil Nadu,"Anna University, Chennai",177500.0,3.03,,Private,Yes,Yes,"www.kamarajeng
 g.edu.",Chemical & Biotechnology,64.5,73.6,70.0,Affordable,Good,Not Ranked
Bannari Amman Institute of Technology,BIOTECHNOLOGY,Erode,Tamil Nadu,"Anna University, Chennai",295000.0,3.57,,Private - Autonomous,Yes,Yes,www.bitsathy.ac.i n,Chemical & Biotechnology,41.0,79.0,63.8,Moderate,Good,Not Ranked
St. Joseph's College of Engineering,CHEMICAL ENGINEERING,Chennai,Tamil Nadu,"Anna University, Chennai",163500.0,0.0,,Private,Yes,Yes,"www.stjosephs.a
 c.in",Chemical & Biotechnology,67.3,86.7,78.9,Affordable,Excellent,Not Ranked
Geeta Engineering College,CHEMICAL ENGINEERING,Naraina,Haryana,"Kurukshetra University, Kurukshetra",160927.27272727274,0.0,,Private,Yes,Yes,-,Chemical & Biotechnology,67.81454545454545,86.7,79.1,Affordable,Excellent,Not Ranked
Sri Sivasubramaniya Nadar College of Engineering,CHEMICAL ENGINEERING,Kelambakkam,Tamil Nadu,"Anna University, Chennai",198333.3333333333,3.55,46.0,Private,Yes,Yes,www.ssn.edu.in,Chemical & Biotechnology,60.333333333333336,80.1,72.2,Affordable,Excellent,Top 50
Coimbatore Institute of Technology,CHEMICAL ENGINEERING,Coimbatore,Tamil Nadu,"Anna University, Chennai",231028.4615384616,3.09,101.0,"Government
 Autonomous",Yes,Yes,www.cit.edu.in,Chemical & Biotechnology,53.79430769230768,72.1,64.8,Moderate,Good,Top 200
KPR Institute of Engineering and Technology,CHEMICAL ENGINEERING,Coimbatore,Tamil Nadu,"Anna University, Chennai",160000.0,3.08,101.0,Private,Yes,Yes,www.kpriet.ac.in,Chemical & Biotechnology,68.0,68.0,68.0,Affordable,Good,Top 200
Kongu Engineering College,CHEMICAL ENGINEERING,Perundurai,Tamil Nadu,"Anna University, Chennai",326307.6923076923,3.13,101.0,Private - Autonomous,Yes,Yes,www.kongu.ac.in,Chemical & Biotechnology,37.36923076923077,68.3,55.9,Premium,Good,Top 200
Sri Venkateswara College of Engineering,CHEMICAL ENGINEERING,Tirupati,Andhra Pradesh,"Jawaharlal Nehru Technological University, Anantapur",202866.66666666663,0.0,151.0,Private - Autonomous,Yes,Yes,www.svce.ac.in,Chemical & Biotechnology,59.42666666666668,63.3,61.8,Moderate,Good,Top 200
National Engineering College,CIVIL ENGINEERING,Thoothukudi,Tamil Nadu,"Anna University, Chennai",214285.7142857143,2.83,151.0,Private - Autonomous,Yes,Yes,www.nec.edu.in,Civil Engineering,57.14285714285714,62.7,60.5,Moderate,Good,Top 200
Velalar College of Engineering and Technology,CIVIL ENGINEERING,Erode,Tamil Nadu,"Anna University, Chennai",138461.53846153847,3.11,,"Private -
 Autonomous",Yes,Yes,"www.velalarengg
 .ac.i",Civil Engineering,72.3076923076923,74.4,73.6,Affordable,Good,Not Ranked
Sri Krishna College of Engineering and Technology,CIVIL ENGINEERING,Coimbatore,Tamil Nadu,"Anna University, Chennai",157647.0588235294,3.42,83.0,"Private -
 Autonomous",Yes,Yes,www.skcet.ac.in,Civil Engineering,68.47058823529412,73.1,71.2,Affordable,Good,Top 100
St. Joseph's Institute of Technology,CIVIL ENGINEERING,Chennai,Tamil Nadu,"Anna University, Chennai",160000.0,0.0,,Private,Yes,Yes,www.stjosephste chnol,Civil Engineering,68.0,86.7,79.2,Affordable,Excellent,Not Ranked
St. Joseph's College of Engineering,CIVIL ENGINEERING,Chennai,Tamil Nadu,"Anna University, Chennai",163500.0,0.0,,Private,Yes,Yes,"www.stjosephs.a
 c.in",Civil Engineering,67.3,86.7,78.9,Affordable,Excellent,Not Ranked
Dr. Mahalingam College of Engineering and Technology,CIVIL ENGINEERING,Coimbatore,Tamil Nadu,"Anna University, Chennai",204090.9090909091,3.53,,Private - Autonomous,Yes,Yes,www.mcet.in,Civil Engineering,59.18181818181818,78.6,70.8,Moderate,Good,Not Ranked
Vel Tech Multi Tech Dr. Rangarajan Dr. Sakunthala Engineering College,CIVIL ENGINEERING,Chennai,Tamil Nadu,"Anna University, Chennai",217142.8571428572,3.49,,Private,Yes,Yes,"www.veltechmult
 itech",Civil Engineering,56.57142857142856,78.2,69.5,Moderate,Good,Not Ranked
Sri Sivasubramaniya Nadar College of Engineering,CIVIL ENGINEERING,Kelambakkam,Tamil Nadu,"Anna University, Chennai",198333.3333333333,3.55,46.0,Private,Yes,Yes,www.ssn.edu.in,Civil Engineering,60.333333333333336,80.1,72.2,Affordable,Excellent,Top 50
Sri Venkateswara College of Engineering,CIVIL ENGINEERING,Tirupati,Andhra Pradesh,"Jawaharlal Nehru Technological University, Anantapur",202866.66666666663,0.0,151.0,Private - Autonomous,Yes,Yes,www.svce.ac.in,Civil Engineering,59.42666666666668,63.3,61.8,Moderate,Good,Top 200
Sri Ramakrishna Engineering College,CIVIL ENGINEERING,Coimbatore,Tamil Nadu,"Anna University, Chennai",164000.0,3.33,151.0,Private - Autonomous,Yes,Yes,www.srec.ac.in,Civil Engineering,67.2,65.7,66.3,Affordable,Good,Top 200
EGS Pillay Engineering College,CIVIL ENGINEERING,Nagapattinam,Tamil Nadu,"Anna University, Chennai",167500.0,3.02,,Private - Autonomous,Yes,Yes,www.egspec.org,Civil Engineering,66.5,73.5,70.7,Affordable,Good,Not Ranked
Kamaraj College of Engineering and Technology,CIVIL ENGINEERING,Vellakulam,Tamil Nadu,"Anna University, Chennai",177500.0,3.03,,Private,Yes,Yes,"www.kamarajeng
 g.edu.",Civil Engineering,64.5,73.6,70.0,Affordable,Good,Not Ranked
Kumaraguru College of Technology,CIVIL ENGINEERING,Coimbatore,Tamil Nadu,"Anna University, Chennai",203437.50000000003,3.21,151.0,"Private -
 Autonomous",Yes,Yes,www.kct.ac.in,Civil Engineering,59.31249999999999,65.0,62.7,Moderate,Good,Top 200
Francis Xavier Engineering College,CIVIL ENGINEERING,Tirunelveli,Tamil Nadu,"Anna University, Chennai",181875.0,0.0,,Private,Yes,Yes,www.francisxavie r.ac,Civil Engineering,63.625,86.7,77.5,Affordable,Excellent,Not Ranked
Mepco Schlenk Engineering College,CIVIL ENGINEERING,Melamattur,Tamil Nadu,"Anna University, Chennai",155000.0,3.14,101.0,Private - Autonomous,Yes,Yes,www.mepcoeng. ac.in,Civil Engineering,69.0,68.4,68.6,Affordable,Good,Top 200
Sona College of Technology,CIVIL ENGINEERING,Salem,Tamil Nadu,"Anna University, Chennai",203000.00000000003,3.16,151.0,Private - Autonomous,Yes,Yes,"www.sonatech.ac
 .in",Civil Engineering,59.39999999999999,64.7,62.6,Moderate,Good,Top 200
R.M.K. Engineering College,CIVIL ENGINEERING,Thiruvallur,Tamil Nadu,Not Available,0.0,0.0,151.0,Private,Yes,Yes,www.rmkec.ac.in,Civil Engineering,,65.3,65.3,Not Available,Good,Top 200
Geeta Engineering College,CIVIL ENGINEERING,Naraina,Haryana,"Kurukshetra University, Kurukshetra",160927.27272727274,0.0,,Private,Yes,Yes,-,Civil Engineering,67.81454545454545,86.7,79.1,Affordable,Excellent,Not Ranked
Sri Sai Ram Engineering College,CIVIL ENGINEERING,Chennai,Tamil Nadu,"Anna University, Chennai",147777.77777777778,3.37,,Private,Yes,Yes,www.sairam.edu. in,Civil Engineering,70.44444444444444,77.0,74.4,Affordable,Good,Not Ranked
Karpagam College of Engineering,CIVIL ENGINEERING,Coimbatore,Tamil Nadu,"Anna University, Chennai",154727.27272727274,3.32,,"Private -
 Autonomous",Yes,Yes,www.kce.ac.in,Civil Engineering,69.05454545454545,76.5,73.5,Affordable,Good,Not Ranked
Easwari Engineering College,CIVIL ENGINEERING,Chennai,Tamil Nadu,"Anna University, Chennai",174428.57142857142,3.1,151.0,Private,Yes,Yes,"www.srmeaswari
 .ac.in",Civil Engineering,65.11428571428571,64.3,64.6,Affordable,Good,Top 200
Thiagarajar College of Engineering,CIVIL ENGINEERING,Madurai,Tamil Nadu,"Anna University, Chennai",130524.73684210528,3.47,101.0,"Government
 Autonomous",Yes,Yes,www.tce.edu,Civil Engineering,73.89505263157895,70.3,71.7,Affordable,Good,Top 200
Coimbatore Institute of Technology,CIVIL ENGINEERING,Coimbatore,Tamil Nadu,"Anna University, Chennai",231028.4615384616,3.09,101.0,"Government
 Autonomous",Yes,Yes,www.cit.edu.in,Civil Engineering,53.79430769230768,72.1,64.8,Moderate,Good,Top 200
KPR Institute of Engineering and Technology,CIVIL ENGINEERING,Coimbatore,Tamil Nadu,"Anna University, Chennai",160000.0,3.08,101.0,Private,Yes,Yes,www.kpriet.ac.in,Civil Engineering,68.0,68.0,68.0,Affordable,Good,Top 200
MS Engineering College,CIVIL ENGINEERING,Bengaluru,Karnataka,"Visvesvaraya Technological University, Belagavi",168692.50000000003,0.0,,Private,Yes,Yes,www.saec.ac.in,Civil Engineering,66.2615,86.7,78.5,Affordable,Excellent,Not Ranked
Panimalar Engineering College,CIVIL ENGINEERING,Chennai,Tamil Nadu,"Anna University, Chennai",198750.00000000003,0.0,,Private,Yes,Yes,www.panimalar.a c.in,Civil Engineering,60.24999999999999,86.7,76.1,Affordable,Excellent,Not Ranked
SRM Valliammai Engineering College,CIVIL ENGINEERING,Kancheepuram,Tamil Nadu,"Anna University, Chennai",239625.0,0.0,,Private,Yes,Yes,www.valliammai. co.in,Civil Engineering,52.075,86.7,72.9,Moderate,Excellent,Not Ranked
Bannari Amman Institute of Technology,CIVIL ENGINEERING,Erode,Tamil Nadu,"Anna University, Chennai",295000.0,3.57,,Private - Autonomous,Yes,Yes,www.bitsathy.ac.i n,Civil Engineering,41.0,79.0,63.8,Moderate,Good,Not Ranked
Kongu Engineering College,CIVIL ENGINEERING,Perundurai,Tamil Nadu,"Anna University, Chennai",326307.6923076923,3.13,101.0,Private - Autonomous,Yes,Yes,www.kongu.ac.in,Civil Engineering,37.36923076923077,68.3,55.9,Premium,Good,Top 200
PSNA College of Engineering and Technology,CIVIL ENGINEERING,Dindigul,Tamil Nadu,"Anna University, Chennai",268333.3333333333,3.17,,Private,Yes,Yes,www.psnacet.ed u.in,Civil Engineering,46.333333333333336,75.0,63.5,Moderate,Good,Not Ranked
Thiagarajar College of Engineering,COMPUTER SCEINCE & ENGINEERING,Madurai,Tamil Nadu,"Anna University, Chennai",130524.73684210528,3.47,101.0,"Government
 Autonomous",Yes,Yes,www.tce.edu,Other Engineering,73.89505263157895,70.3,71.7,Affordable,Good,Top 200
Sri Sivasubramaniya Nadar College of Engineering,COMPUTER SCIENCE & ENGINEERING,Kelambakkam,Tamil Nadu,"Anna University, Chennai",198333.3333333333,3.55,46.0,Private,Yes,Yes,www.ssn.edu.in,Computer Science & IT,60.333333333333336,80.1,72.2,Affordable,Excellent,Top 50
Kalaignar Karunanidhi Institute of Technology,COMPUTER SCIENCE AND ENGINEERING,Coimbatore,Tamil Nadu,"Anna University, Chennai",133571.42857142858,0.0,,Private,Yes,Yes,www.kitcbe.com,Computer Science & IT,73.28571428571428,86.7,81.3,Affordable,Excellent,Not Ranked
National Engineering College,COMPUTER SCIENCE AND ENGINEERING,Thoothukudi,Tamil Nadu,"Anna University, Chennai",214285.7142857143,2.83,151.0,Private - Autonomous,Yes,Yes,www.nec.edu.in,Computer Science & IT,57.14285714285714,62.7,60.5,Moderate,Good,Top 200
EGS Pillay Engineering College,COMPUTER SCIENCE AND ENGINEERING,Nagapattinam,Tamil Nadu,"Anna University, Chennai",167500.0,3.02,,Private - Autonomous,Yes,Yes,www.egspec.org,Computer Science & IT,66.5,73.5,70.7,Affordable,Good,Not Ranked
KLN College of Engineering,COMPUTER SCIENCE AND ENGINEERING,Kusavapatti,Tamil Nadu,"Anna University, Chennai",234444.44444444444,0.0,,Private,Yes,Yes,www.klnce.edu,Computer Science & IT,53.111111111111114,86.7,73.3,Moderate,Excellent,Not Ranked
Kamaraj College of Engineering and Technology,COMPUTER SCIENCE AND ENGINEERING,Vellakulam,Tamil Nadu,"Anna University, Chennai",177500.0,3.03,,Private,Yes,Yes,"www.kamarajeng
 g.edu.",Computer Science & IT,64.5,73.6,70.0,Affordable,Good,Not Ranked
Velalar College of Engineering and Technology,COMPUTER SCIENCE AND ENGINEERING,Erode,Tamil Nadu,"Anna University, Chennai",138461.53846153847,3.11,,"Private -
 Autonomous",Yes,Yes,"www.velalarengg
 .ac.i",Computer Science & IT,72.3076923076923,74.4,73.6,Affordable,Good,Not Ranked
Kumaraguru College of Technology,COMPUTER SCIENCE AND ENGINEERING,Coimbatore,Tamil Nadu,"Anna University, Chennai",203437.50000000003,3.21,151.0,"Private -
 Autonomous",Yes,Yes,www.kct.ac.in,Computer Science & IT,59.31249999999999,65.0,62.7,Moderate,Good,Top 200
Francis Xavier Engineering College,COMPUTER SCIENCE AND ENGINEERING,Tirunelveli,Tamil Nadu,"Anna University, Chennai",181875.0,0.0,,Private,Yes,Yes,www.francisxavie r.ac,Computer Science & IT,63.625,86.7,77.5,Affordable,Excellent,Not Ranked
Mepco Schlenk Engineering College,COMPUTER SCIENCE AND ENGINEERING,Melamattur,Tamil Nadu,"Anna University, Chennai",155000.0,3.14,101.0,Private - Autonomous,Yes,Yes,www.mepcoeng. ac.in,Computer Science & IT,69.0,68.4,68.6,Affordable,Good,Top 200
Dr. Mahalingam College of Engineering and Technology,COMPUTER SCIENCE AND ENGINEERING,Coimbatore,Tamil Nadu,"Anna University, Chennai",204090.9090909091,3.53,,Private - Autonomous,Yes,Yes,www.mcet.in,Computer Science & IT,59.18181818181818,78.6,70.8,Moderate,Good,Not Ranked
R.M.K. Engineering College,COMPUTER SCIENCE AND ENGINEERING,Thiruvallur,Tamil Nadu,Not Available,0.0,0.0,151.0,Private,Yes,Yes,www.rmkec.ac.in,Computer Science & IT,,65.3,65.3,Not Available,Good,Top 200
Vel Tech Multi Tech Dr. Rangarajan Dr. Sakunthala Engineering College,COMPUTER SCIENCE AND ENGINEERING,Chennai,Tamil Nadu,"Anna University, Chennai",217142.8571428572,3.49,,Private,Yes,Yes,"www.veltechmult
 itech",Computer Science & IT,56.57142857142856,78.2,69.5,Moderate,Good,Not Ranked
Easwari Engineering College,COMPUTER SCIENCE AND ENGINEERING,Chennai,Tamil Nadu,"Anna University, Chennai",174428.57142857142,3.1,151.0,Private,Yes,Yes,"www.srmeaswari
 .ac.in",Computer Science & IT,65.11428571428571,64.3,64.6,Affordable,Good,Top 200
SRM Valliammai Engineering College,COMPUTER SCIENCE AND ENGINEERING,Kancheepuram,Tamil Nadu,"Anna University, Chennai",239625.0,0.0,,Private,Yes,Yes,www.valliammai. co.in,Computer Science & IT,52.075,86.7,72.9,Moderate,Excellent,Not Ranked
PMR Engineering College,COMPUTER SCIENCE AND ENGINEERING,Chennai,Tamil Nadu,"Anna University, Chennai",160000.0,0.0,,Private,Yes,Yes,www.rmd.ac.in,Computer Science & IT,68.0,86.7,79.2,Affordable,Excellent,Not Ranked
Coimbatore Institute of Technology,COMPUTER SCIENCE AND ENGINEERING,Coimbatore,Tamil Nadu,"Anna University, Chennai",231028.4615384616,3.09,101.0,"Government
 Autonomous",Yes,Yes,www.cit.edu.in,Computer Science & IT,53.79430769230768,72.1,64.8,Moderate,Good,Top 200
Panimalar Institute of Technology,COMPUTER SCIENCE AND ENGINEERING,Pidarithangal,Tamil Nadu,"Anna University, Chennai",160000.0,0.0,,Private,Yes,Yes,www.pit.ac.in,Computer Science & IT,68.0,86.7,79.2,Affordable,Excellent,Not Ranked
Sri Krishna College of Engineering and Technology,COMPUTER SCIENCE AND ENGINEERING,Coimbatore,Tamil Nadu,"Anna University, Chennai",157647.0588235294,3.42,83.0,"Private -
 Autonomous",Yes,Yes,www.skcet.ac.in,Computer Science & IT,68.47058823529412,73.1,71.2,Affordable,Good,Top 100
St. Joseph's Institute of Technology,COMPUTER SCIENCE AND ENGINEERING,Chennai,Tamil Nadu,"Anna University, Chennai",160000.0,0.0,,Private,Yes,Yes,www.stjosephste chnol,Computer Science & IT,68.0,86.7,79.2,Affordable,Excellent,Not Ranked
Sona College of Technology,COMPUTER SCIENCE AND ENGINEERING,Salem,Tamil Nadu,"Anna University, Chennai",203000.00000000003,3.16,151.0,Private - Autonomous,Yes,Yes,"www.sonatech.ac
 .in",Computer Science & IT,59.39999999999999,64.7,62.6,Moderate,Good,Top 200
St. Joseph's College of Engineering,COMPUTER SCIENCE AND ENGINEERING,Chennai,Tamil Nadu,"Anna University, Chennai",163500.0,0.0,,Private,Yes,Yes,"www.stjosephs.a
 c.in",Computer Science & IT,67.3,86.7,78.9,Affordable,Excellent,Not Ranked
Geeta Engineering College,COMPUTER SCIENCE AND ENGINEERING,Naraina,Haryana,"Kurukshetra University, Kurukshetra",160927.27272727274,0.0,,Private,Yes,Yes,-,Computer Science & IT,67.81454545454545,86.7,79.1,Affordable,Excellent,Not Ranked
Sri Sai Ram Engineering College,COMPUTER SCIENCE AND ENGINEERING,Chennai,Tamil Nadu,"Anna University, Chennai",147777.77777777778,3.37,,Private,Yes,Yes,www.sairam.edu. in,Computer Science & IT,70.44444444444444,77.0,74.4,Affordable,Good,Not Ranked
Karpagam College of Engineering,COMPUTER SCIENCE AND ENGINEERING,Coimbatore,Tamil Nadu,"Anna University, Chennai",154727.27272727274,3.32,,"Private -
 Autonomous",Yes,Yes,www.kce.ac.in,Computer Science & IT,69.05454545454545,76.5,73.5,Affordable,Good,Not Ranked
Rajalakshmi Institute of Technology,COMPUTER SCIENCE AND ENGINEERING,Thirumazhisai,Tamil Nadu,"Anna University, Chennai",160000.0,0.0,151.0,Private,Yes,Yes,www.ritchennai.o rg,Computer Science & IT,68.0,65.3,66.4,Affordable,Good,Top 200
Sri Venkateswara College of Engineering,COMPUTER SCIENCE AND ENGINEERING,Tirupati,Andhra Pradesh,"Jawaharlal Nehru Technological University, Anantapur",202866.66666666663,0.0,151.0,Private - Autonomous,Yes,Yes,www.svce.ac.in,Computer Science & IT,59.42666666666668,63.3,61.8,Moderate,Good,Top 200
KPR Institute of Engineering and Technology,COMPUTER SCIENCE AND ENGINEERING,Coimbatore,Tamil Nadu,"Anna University, Chennai",160000.0,3.08,101.0,Private,Yes,Yes,www.kpriet.ac.in,Computer Science & IT,68.0,68.0,68.0,Affordable,Good,Top 200
MS Engineering College,COMPUTER SCIENCE AND ENGINEERING,Bengaluru,Karnataka,"Visvesvaraya Technological University, Belagavi",168692.50000000003,0.0,,Private,Yes,Yes,www.saec.ac.in,Computer Science & IT,66.2615,86.7,78.5,Affordable,Excellent,Not Ranked
Sri Ramakrishna Engineering College,COMPUTER SCIENCE AND ENGINEERING,Coimbatore,Tamil Nadu,"Anna University, Chennai",164000.0,3.33,151.0,Private - Autonomous,Yes,Yes,www.srec.ac.in,Computer Science & IT,67.2,65.7,66.3,Affordable,Good,Top 200
Kongu Engineering College,COMPUTER SCIENCE AND ENGINEERING,Perundurai,Tamil Nadu,"Anna University, Chennai",326307.6923076923,3.13,101.0,Private - Autonomous,Yes,Yes,www.kongu.ac.in,Computer Science & IT,37.36923076923077,68.3,55.9,Premium,Good,Top 200
PSNA College of Engineering and Technology,COMPUTER SCIENCE AND ENGINEERING,Dindigul,Tamil Nadu,"Anna University, Chennai",268333.3333333333,3.17,,Private,Yes,Yes,www.psnacet.ed u.in,Computer Science & IT,46.333333333333336,75.0,63.5,Moderate,Good,Not Ranked
Bannari Amman Institute of Technology,COMPUTER SCIENCE AND ENGINEERING,Erode,Tamil Nadu,"Anna University, Chennai",295000.0,3.57,,Private - Autonomous,Yes,Yes,www.bitsathy.ac.i n,Computer Science & IT,41.0,79.0,63.8,Moderate,Good,Not Ranked
Panimalar Engineering College,COMPUTER SCIENCE AND ENGINEERING,Chennai,Tamil Nadu,"Anna University, Chennai",198750.00000000003,0.0,,Private,Yes,Yes,www.panimalar.a c.in,Computer Science & IT,60.24999999999999,86.7,76.1,Affordable,Excellent,Not Ranked
EGS Pillay Engineering College,ELECTRICAL AND ELECTRONICS ENGINEERING,Nagapattinam,Tamil Nadu,"Anna University, Chennai",167500.0,3.02,,Private - Autonomous,Yes,Yes,www.egspec.org,Electronics & Communication,66.5,73.5,70.7,Affordable,Good,Not Ranked
Kalaignar Karunanidhi Institute of Technology,ELECTRICAL AND ELECTRONICS ENGINEERING,Coimbatore,Tamil Nadu,"Anna University, Chennai",133571.42857142858,0.0,,Private,Yes,Yes,www.kitcbe.com,Electronics & Communication,73.28571428571428,86.7,81.3,Affordable,Excellent,Not Ranked
Rajalakshmi Institute of Technology,ELECTRICAL AND ELECTRONICS ENGINEERING,Thirumazhisai,Tamil Nadu,"Anna University, Chennai",160000.0,0.0,151.0,Private,Yes,Yes,www.ritchennai.o rg,Electronics & Communication,68.0,65.3,66.4,Affordable,Good,Top 200
National Engineering College,ELECTRICAL AND ELECTRONICS ENGINEERING,Thoothukudi,Tamil Nadu,"Anna University, Chennai",214285.7142857143,2.83,151.0,Private - Autonomous,Yes,Yes,www.nec.edu.in,Electronics & Communication,57.14285714285714,62.7,60.5,Moderate,Good,Top 200
Panimalar Institute of Technology,ELECTRICAL AND ELECTRONICS ENGINEERING,Pidarithangal,Tamil Nadu,"Anna University, Chennai",160000.0,0.0,,Private,Yes,Yes,www.pit.ac.in,Electronics & Communication,68.0,86.7,79.2,Affordable,Excellent,Not Ranked
KLN College of Engineering,ELECTRICAL AND ELECTRONICS ENGINEERING,Kusavapatti,Tamil Nadu,"Anna University, Chennai",234444.44444444444,0.0,,Private,Yes,Yes,www.klnce.edu,Electronics & Communication,53.111111111111114,86.7,73.3,Moderate,Excellent,Not Ranked
Kamaraj College of Engineering and Technology,ELECTRICAL AND ELECTRONICS ENGINEERING,Vellakulam,Tamil Nadu,"Anna University, Chennai",177500.0,3.03,,Private,Yes,Yes,"www.kamarajeng
 g.edu.",Electronics & Communication,64.5,73.6,70.0,Affordable,Good,Not Ranked
Velalar College of Engineering and Technology,ELECTRICAL AND ELECTRONICS ENGINEERING,Erode,Tamil Nadu,"Anna University, Chennai",138461.53846153847,3.11,,"Private -
 Autonomous",Yes,Yes,"www.velalarengg
 .ac.i",Electronics & Communication,72.3076923076923,74.4,73.6,Affordable,Good,Not Ranked
Kumaraguru College of Technology,ELECTRICAL AND ELECTRONICS ENGINEERING,Coimbatore,Tamil Nadu,"Anna University, Chennai",203437.50000000003,3.21,151.0,"Private -
 Autonomous",Yes,Yes,www.kct.ac.in,Electronics & Communication,59.31249999999999,65.0,62.7,Moderate,Good,Top 200
Francis Xavier Engineering College,ELECTRICAL AND ELECTRONICS ENGINEERING,Tirunelveli,Tamil Nadu,"Anna University, Chennai",181875.0,0.0,,Private,Yes,Yes,www.francisxavie r.ac,Electronics & Communication,63.625,86.7,77.5,Affordable,Excellent,Not Ranked
Mepco Schlenk Engineering College,ELECTRICAL AND ELECTRONICS ENGINEERING,Melamattur,Tamil Nadu,"Anna University, Chennai",155000.0,3.14,101.0,Private - Autonomous,Yes,Yes,www.mepcoeng. ac.in,Electronics & Communication,69.0,68.4,68.6,Affordable,Good,Top 200
Sona College of Technology,ELECTRICAL AND ELECTRONICS ENGINEERING,Salem,Tamil Nadu,"Anna University, Chennai",203000.00000000003,3.16,151.0,Private - Autonomous,Yes,Yes,"www.sonatech.ac
 .in",Electronics & Communication,59.39999999999999,64.7,62.6,Moderate,Good,Top 200
Dr. Mahalingam College of Engineering and Technology,ELECTRICAL AND ELECTRONICS ENGINEERING,Coimbatore,Tamil Nadu,"Anna University, Chennai",204090.9090909091,3.53,,Private - Autonomous,Yes,Yes,www.mcet.in,Electronics & Communication,59.18181818181818,78.6,70.8,Moderate,Good,Not Ranked
R.M.K. Engineering College,ELECTRICAL AND ELECTRONICS ENGINEERING,Thiruvallur,Tamil Nadu,Not Available,0.0,0.0,151.0,Private,Yes,Yes,www.rmkec.ac.in,Electronics & Communication,,65.3,65.3,Not Available,Good,Top 200
Kongu Engineering College,ELECTRICAL AND ELECTRONICS ENGINEERING,Perundurai,Tamil Nadu,"Anna University, Chennai",326307.6923076923,3.13,101.0,Private - Autonomous,Yes,Yes,www.kongu.ac.in,Electronics & Communication,37.36923076923077,68.3,55.9,Premium,Good,Top 200
Geeta Engineering College,ELECTRICAL AND ELECTRONICS ENGINEERING,Naraina,Haryana,"Kurukshetra University, Kurukshetra",160927.27272727274,0.0,,Private,Yes,Yes,-,Electronics & Communication,67.81454545454545,86.7,79.1,Affordable,Excellent,Not Ranked
Vel Tech Multi Tech Dr. Rangarajan Dr. Sakunthala Engineering College,ELECTRICAL AND ELECTRONICS ENGINEERING,Chennai,Tamil Nadu,"Anna University, Chennai",217142.8571428572,3.49,,Private,Yes,Yes,"www.veltechmult
 itech",Electronics & Communication,56.57142857142856,78.2,69.5,Moderate,Good,Not Ranked
Sri Sivasubramaniya Nadar College of Engineering,ELECTRICAL AND ELECTRONICS ENGINEERING,Kelambakkam,Tamil Nadu,"Anna University, Chennai",198333.3333333333,3.55,46.0,Private,Yes,Yes,www.ssn.edu.in,Electronics & Communication,60.333333333333336,80.1,72.2,Affordable,Excellent,Top 50
Sri Sai Ram Engineering College,ELECTRICAL AND ELECTRONICS ENGINEERING,Chennai,Tamil Nadu,"Anna University, Chennai",147777.77777777778,3.37,,Private,Yes,Yes,www.sairam.edu. in,Electronics & Communication,70.44444444444444,77.0,74.4,Affordable,Good,Not Ranked
Easwari Engineering College,ELECTRICAL AND ELECTRONICS ENGINEERING,Chennai,Tamil Nadu,"Anna University, Chennai",174428.57142857142,3.1,151.0,Private,Yes,Yes,"www.srmeaswari
 .ac.in",Electronics & Communication,65.11428571428571,64.3,64.6,Affordable,Good,Top 200
SRM Valliammai Engineering College,ELECTRICAL AND ELECTRONICS ENGINEERING,Kancheepuram,Tamil Nadu,"Anna University, Chennai",239625.0,0.0,,Private,Yes,Yes,www.valliammai. co.in,Electronics & Communication,52.075,86.7,72.9,Moderate,Excellent,Not Ranked
Thiagarajar College of Engineering,ELECTRICAL AND ELECTRONICS ENGINEERING,Madurai,Tamil Nadu,"Anna University, Chennai",130524.73684210528,3.47,101.0,"Government
 Autonomous",Yes,Yes,www.tce.edu,Electronics & Communication,73.89505263157895,70.3,71.7,Affordable,Good,Top 200
PMR Engineering College,ELECTRICAL AND ELECTRONICS ENGINEERING,Chennai,Tamil Nadu,"Anna University, Chennai",160000.0,0.0,,Private,Yes,Yes,www.rmd.ac.in,Electronics & Communication,68.0,86.7,79.2,Affordable,Excellent,Not Ranked
PSNA College of Engineering and Technology,ELECTRICAL AND ELECTRONICS ENGINEERING,Dindigul,Tamil Nadu,"Anna University, Chennai",268333.3333333333,3.17,,Private,Yes,Yes,www.psnacet.ed u.in,Electronics & Communication,46.333333333333336,75.0,63.5,Moderate,Good,Not Ranked
Coimbatore Institute of Technology,ELECTRICAL AND ELECTRONICS ENGINEERING,Coimbatore,Tamil Nadu,"Anna University, Chennai",231028.4615384616,3.09,101.0,"Government
 Autonomous",Yes,Yes,www.cit.edu.in,Electronics & Communication,53.79430769230768,72.1,64.8,Moderate,Good,Top 200
Sri Venkateswara College of Engineering,ELECTRICAL AND ELECTRONICS ENGINEERING,Tirupati,Andhra Pradesh,"Jawaharlal Nehru Technological University, Anantapur",202866.66666666663,0.0,151.0,Private - Autonomous,Yes,Yes,www.svce.ac.in,Electronics & Communication,59.42666666666668,63.3,61.8,Moderate,Good,Top 200
KPR Institute of Engineering and Technology,ELECTRICAL AND ELECTRONICS ENGINEERING,Coimbatore,Tamil Nadu,"Anna University, Chennai",160000.0,3.08,101.0,Private,Yes,Yes,www.kpriet.ac.in,Electronics & Communication,68.0,68.0,68.0,Affordable,Good,Top 200
MS Engineering College,ELECTRICAL AND ELECTRONICS ENGINEERING,Bengaluru,Karnataka,"Visvesvaraya Technological University, Belagavi",168692.50000000003,0.0,,Private,Yes,Yes,www.saec.ac.in,Electronics & Communication,66.2615,86.7,78.5,Affordable,Excellent,Not Ranked
Sri Ramakrishna Engineering College,ELECTRICAL AND ELECTRONICS ENGINEERING,Coimbatore,Tamil Nadu,"Anna University, Chennai",164000.0,3.33,151.0,Private - Autonomous,Yes,Yes,www.srec.ac.in,Electronics & Communication,67.2,65.7,66.3,Affordable,Good,Top 200
Panimalar Engineering College,ELECTRICAL AND ELECTRONICS ENGINEERING,Chennai,Tamil Nadu,"Anna University, Chennai",198750.00000000003,0.0,,Private,Yes,Yes,www.panimalar.a c.in,Electronics & Communication,60.24999999999999,86.7,76.1,Affordable,Excellent,Not Ranked
Sri Krishna College of Engineering and Technology,ELECTRICAL AND ELECTRONICS ENGINEERING,Coimbatore,Tamil Nadu,"Anna University, Chennai",157647.0588235294,3.42,83.0,"Private -
 Autonomous",Yes,Yes,www.skcet.ac.in,Electronics & Communication,68.47058823529412,73.1,71.2,Affordable,Good,Top 100
St. Joseph's Institute of Technology,ELECTRICAL AND ELECTRONICS ENGINEERING,Chennai,Tamil Nadu,"Anna University, Chennai",160000.0,0.0,,Private,Yes,Yes,www.stjosephste chnol,Electronics & Communication,68.0,86.7,79.2,Affordable,Excellent,Not Ranked
St. Joseph's College of Engineering,ELECTRICAL AND ELECTRONICS ENGINEERING,Chennai,Tamil Nadu,"Anna University, Chennai",163500.0,0.0,,Private,Yes,Yes,"www.stjosephs.a
 c.in",Electronics & Communication,67.3,86.7,78.9,Affordable,Excellent,Not Ranked
Karpagam College of Engineering,ELECTRICAL AND ELECTRONICS ENGINEERING,Coimbatore,Tamil Nadu,"Anna University, Chennai",154727.27272727274,3.32,,"Private -
 Autonomous",Yes,Yes,www.kce.ac.in,Electronics & Communication,69.05454545454545,76.5,73.5,Affordable,Good,Not Ranked
Bannari Amman Institute of Technology,ELECTRICAL AND ELECTRONICS ENGINEERING,Erode,Tamil Nadu,"Anna University, Chennai",295000.0,3.57,,Private - Autonomous,Yes,Yes,www.bitsathy.ac.i n,Electronics & Communication,41.0,79.0,63.8,Moderate,Good,Not Ranked
National Engineering College,ELECTRONICS & COMMUNICATION ENGG,Thoothukudi,Tamil Nadu,"Anna University, Chennai",214285.7142857143,2.83,151.0,Private - Autonomous,Yes,Yes,www.nec.edu.in,Electronics & Communication,57.14285714285714,62.7,60.5,Moderate,Good,Top 200
EGS Pillay Engineering College,ELECTRONICS & COMMUNICATION ENGG,Nagapattinam,Tamil Nadu,"Anna University, Chennai",167500.0,3.02,,Private - Autonomous,Yes,Yes,www.egspec.org,Electronics & Communication,66.5,73.5,70.7,Affordable,Good,Not Ranked
Kamaraj College of Engineering and Technology,ELECTRONICS & COMMUNICATION ENGG,Vellakulam,Tamil Nadu,"Anna University, Chennai",177500.0,3.03,,Private,Yes,Yes,"www.kamarajeng
 g.edu.",Electronics & Communication,64.5,73.6,70.0,Affordable,Good,Not Ranked
Francis Xavier Engineering College,ELECTRONICS & COMMUNICATION ENGG,Tirunelveli,Tamil Nadu,"Anna University, Chennai",181875.0,0.0,,Private,Yes,Yes,www.francisxavie r.ac,Electronics & Communication,63.625,86.7,77.5,Affordable,Excellent,Not Ranked
Dr. Mahalingam College of Engineering and Technology,ELECTRONICS & COMMUNICATION ENGG,Coimbatore,Tamil Nadu,"Anna University, Chennai",204090.9090909091,3.53,,Private - Autonomous,Yes,Yes,www.mcet.in,Electronics & Communication,59.18181818181818,78.6,70.8,Moderate,Good,Not Ranked
Thiagarajar College of Engineering,ELECTRONICS & COMMUNICATION ENGG,Madurai,Tamil Nadu,"Anna University, Chennai",130524.73684210528,3.47,101.0,"Government
 Autonomous",Yes,Yes,www.tce.edu,Electronics & Communication,73.89505263157895,70.3,71.7,Affordable,Good,Top 200
Coimbatore Institute of Technology,ELECTRONICS & COMMUNICATION ENGG,Coimbatore,Tamil Nadu,"Anna University, Chennai",231028.4615384616,3.09,101.0,"Government
 Autonomous",Yes,Yes,www.cit.edu.in,Electronics & Communication,53.79430769230768,72.1,64.8,Moderate,Good,Top 200
Panimalar Institute of Technology,ELECTRONICS & COMMUNICATION ENGG,Pidarithangal,Tamil Nadu,"Anna University, Chennai",160000.0,0.0,,Private,Yes,Yes,www.pit.ac.in,Electronics & Communication,68.0,86.7,79.2,Affordable,Excellent,Not Ranked
Sri Krishna College of Engineering and Technology,ELECTRONICS & COMMUNICATION ENGG,Coimbatore,Tamil Nadu,"Anna University, Chennai",157647.0588235294,3.42,83.0,"Private -
 Autonomous",Yes,Yes,www.skcet.ac.in,Electronics & Communication,68.47058823529412,73.1,71.2,Affordable,Good,Top 100
Mepco Schlenk Engineering College,ELECTRONICS & COMMUNICATION ENGG,Melamattur,Tamil Nadu,"Anna University, Chennai",155000.0,3.14,101.0,Private - Autonomous,Yes,Yes,www.mepcoeng. ac.in,Electronics & Communication,69.0,68.4,68.6,Affordable,Good,Top 200
St. Joseph's College of Engineering,ELECTRONICS & COMMUNICATION ENGG,Chennai,Tamil Nadu,"Anna University, Chennai",163500.0,0.0,,Private,Yes,Yes,"www.stjosephs.a
 c.in",Electronics & Communication,67.3,86.7,78.9,Affordable,Excellent,Not Ranked
R.M.K. Engineering College,ELECTRONICS & COMMUNICATION ENGG,Thiruvallur,Tamil Nadu,Not Available,0.0,0.0,151.0,Private,Yes,Yes,www.rmkec.ac.in,Electronics & Communication,,65.3,65.3,Not Available,Good,Top 200
Sri Sivasubramaniya Nadar College of Engineering,ELECTRONICS & COMMUNICATION ENGG,Kelambakkam,Tamil Nadu,"Anna University, Chennai",198333.3333333333,3.55,46.0,Private,Yes,Yes,www.ssn.edu.in,Electronics & Communication,60.333333333333336,80.1,72.2,Affordable,Excellent,Top 50
Karpagam College of Engineering,ELECTRONICS & COMMUNICATION ENGG,Coimbatore,Tamil Nadu,"Anna University, Chennai",154727.27272727274,3.32,,"Private -
 Autonomous",Yes,Yes,www.kce.ac.in,Electronics & Communication,69.05454545454545,76.5,73.5,Affordable,Good,Not Ranked
Easwari Engineering College,ELECTRONICS & COMMUNICATION ENGG,Chennai,Tamil Nadu,"Anna University, Chennai",174428.57142857142,3.1,151.0,Private,Yes,Yes,"www.srmeaswari
 .ac.in",Electronics & Communication,65.11428571428571,64.3,64.6,Affordable,Good,Top 200
SRM Valliammai Engineering College,ELECTRONICS & COMMUNICATION ENGG,Kancheepuram,Tamil Nadu,"Anna University, Chennai",239625.0,0.0,,Private,Yes,Yes,www.valliammai. co.in,Electronics & Communication,52.075,86.7,72.9,Moderate,Excellent,Not Ranked
Rajalakshmi Institute of Technology,ELECTRONICS & COMMUNICATION ENGG,Thirumazhisai,Tamil Nadu,"Anna University, Chennai",160000.0,0.0,151.0,Private,Yes,Yes,www.ritchennai.o rg,Electronics & Communication,68.0,65.3,66.4,Affordable,Good,Top 200
PMR Engineering College,ELECTRONICS & COMMUNICATION ENGG,Chennai,Tamil Nadu,"Anna University, Chennai",160000.0,0.0,,Private,Yes,Yes,www.rmd.ac.in,Electronics & Communication,68.0,86.7,79.2,Affordable,Excellent,Not Ranked
Sri Venkateswara College of Engineering,ELECTRONICS & COMMUNICATION ENGG,Tirupati,Andhra Pradesh,"Jawaharlal Nehru Technological University, Anantapur",202866.66666666663,0.0,151.0,Private - Autonomous,Yes,Yes,www.svce.ac.in,Electronics & Communication,59.42666666666668,63.3,61.8,Moderate,Good,Top 200
MS Engineering College,ELECTRONICS & COMMUNICATION ENGG,Bengaluru,Karnataka,"Visvesvaraya Technological University, Belagavi",168692.50000000003,0.0,,Private,Yes,Yes,www.saec.ac.in,Electronics & Communication,66.2615,86.7,78.5,Affordable,Excellent,Not Ranked
Sri Ramakrishna Engineering College,ELECTRONICS & COMMUNICATION ENGG,Coimbatore,Tamil Nadu,"Anna University, Chennai",164000.0,3.33,151.0,Private - Autonomous,Yes,Yes,www.srec.ac.in,Electronics & Communication,67.2,65.7,66.3,Affordable,Good,Top 200
Kongu Engineering College,ELECTRONICS & COMMUNICATION ENGG,Perundurai,Tamil Nadu,"Anna University, Chennai",326307.6923076923,3.13,101.0,Private - Autonomous,Yes,Yes,www.kongu.ac.in,Electronics & Communication,37.36923076923077,68.3,55.9,Premium,Good,Top 200
Sri Sai Ram Engineering College,ELECTRONICS & COMMUNICATION ENGG,Chennai,Tamil Nadu,"Anna University, Chennai",147777.77777777778,3.37,,Private,Yes,Yes,www.sairam.edu. in,Electronics & Communication,70.44444444444444,77.0,74.4,Affordable,Good,Not Ranked
Bannari Amman Institute of Technology,ELECTRONICS & COMMUNICATION ENGG,Erode,Tamil Nadu,"Anna University, Chennai",295000.0,3.57,,Private - Autonomous,Yes,Yes,www.bitsathy.ac.i n,Electronics & Communication,41.0,79.0,63.8,Moderate,Good,Not Ranked
Panimalar Engineering College,ELECTRONICS & COMMUNICATION ENGG,Chennai,Tamil Nadu,"Anna University, Chennai",198750.00000000003,0.0,,Private,Yes,Yes,www.panimalar.a c.in,Electronics & Communication,60.24999999999999,86.7,76.1,Affordable,Excellent,Not Ranked
PSNA College of Engineering and Technology,ELECTRONICS & COMMUNICATION ENGG,Dindigul,Tamil Nadu,"Anna University, Chennai",268333.3333333333,3.17,,Private,Yes,Yes,www.psnacet.ed u.in,Electronics & Communication,46.333333333333336,75.0,63.5,Moderate,Good,Not Ranked
Kumaraguru College of Technology,ELECTRONICS & INSTRUMENTATION ENGINEERING,Coimbatore,Tamil Nadu,"Anna University, Chennai",203437.50000000003,3.21,151.0,"Private -
 Autonomous",Yes,Yes,www.kct.ac.in,Electronics & Communication,59.31249999999999,65.0,62.7,Moderate,Good,Top 200
Easwari Engineering College,ELECTRONICS & INSTRUMENTATION ENGINEERING,Chennai,Tamil Nadu,"Anna University, Chennai",174428.57142857142,3.1,151.0,Private,Yes,Yes,"www.srmeaswari
 .ac.in",Electronics & Communication,65.11428571428571,64.3,64.6,Affordable,Good,Top 200
Bannari Amman Institute of Technology,ELECTRONICS & INSTRUMENTATION ENGINEERING,Erode,Tamil Nadu,"Anna University, Chennai",295000.0,3.57,,Private - Autonomous,Yes,Yes,www.bitsathy.ac.i n,Electronics & Communication,41.0,79.0,63.8,Moderate,Good,Not Ranked
KLN College of Engineering,ELECTRONICS AND COMMUNICATIONS ENGINEERING,Kusavapatti,Tamil Nadu,"Anna University, Chennai",234444.44444444444,0.0,,Private,Yes,Yes,www.klnce.edu,Electronics & Communication,53.111111111111114,86.7,73.3,Moderate,Excellent,Not Ranked
Vel Tech Multi Tech Dr. Rangarajan Dr. Sakunthala Engineering College,ELECTRONICS AND COMMUNICATIONS ENGINEERING,Chennai,Tamil Nadu,"Anna University, Chennai",217142.8571428572,3.49,,Private,Yes,Yes,"www.veltechmult
 itech",Electronics & Communication,56.57142857142856,78.2,69.5,Moderate,Good,Not Ranked
Kalaignar Karunanidhi Institute of Technology,ELECTRONICS AND COMMUNICATIONS ENGINEERING,Coimbatore,Tamil Nadu,"Anna University, Chennai",133571.42857142858,0.0,,Private,Yes,Yes,www.kitcbe.com,Electronics & Communication,73.28571428571428,86.7,81.3,Affordable,Excellent,Not Ranked
Velalar College of Engineering and Technology,ELECTRONICS AND COMMUNICATIONS ENGINEERING,Erode,Tamil Nadu,"Anna University, Chennai",138461.53846153847,3.11,,"Private -
 Autonomous",Yes,Yes,"www.velalarengg
 .ac.i",Electronics & Communication,72.3076923076923,74.4,73.6,Affordable,Good,Not Ranked
Kumaraguru College of Technology,ELECTRONICS AND COMMUNICATIONS ENGINEERING,Coimbatore,Tamil Nadu,"Anna University, Chennai",203437.50000000003,3.21,151.0,"Private -
 Autonomous",Yes,Yes,www.kct.ac.in,Electronics & Communication,59.31249999999999,65.0,62.7,Moderate,Good,Top 200
St. Joseph's Institute of Technology,ELECTRONICS AND COMMUNICATIONS ENGINEERING,Chennai,Tamil Nadu,"Anna University, Chennai",160000.0,0.0,,Private,Yes,Yes,www.stjosephste chnol,Electronics & Communication,68.0,86.7,79.2,Affordable,Excellent,Not Ranked
Sona College of Technology,ELECTRONICS AND COMMUNICATIONS ENGINEERING,Salem,Tamil Nadu,"Anna University, Chennai",203000.00000000003,3.16,151.0,Private - Autonomous,Yes,Yes,"www.sonatech.ac
 .in",Electronics & Communication,59.39999999999999,64.7,62.6,Moderate,Good,Top 200
KPR Institute of Engineering and Technology,ELECTRONICS AND COMMUNICATIONS ENGINEERING,Coimbatore,Tamil Nadu,"Anna University, Chennai",160000.0,3.08,101.0,Private,Yes,Yes,www.kpriet.ac.in,Electronics & Communication,68.0,68.0,68.0,Affordable,Good,Top 200
Geeta Engineering College,ELECTRONICS AND COMMUNICATIONS ENGINEERING,Naraina,Haryana,"Kurukshetra University, Kurukshetra",160927.27272727274,0.0,,Private,Yes,Yes,-,Electronics & Communication,67.81454545454545,86.7,79.1,Affordable,Excellent,Not Ranked
National Engineering College,ELECTRONICS AND INSTRUMENTATION ENGINEERING,Thoothukudi,Tamil Nadu,"Anna University, Chennai",214285.7142857143,2.83,151.0,Private - Autonomous,Yes,Yes,www.nec.edu.in,Electronics & Communication,57.14285714285714,62.7,60.5,Moderate,Good,Top 200
KLN College of Engineering,ELECTRONICS AND INSTRUMENTATION ENGINEERING,Kusavapatti,Tamil Nadu,"Anna University, Chennai",234444.44444444444,0.0,,Private,Yes,Yes,www.klnce.edu,Electronics & Communication,53.111111111111114,86.7,73.3,Moderate,Excellent,Not Ranked
Kamaraj College of Engineering and Technology,ELECTRONICS AND INSTRUMENTATION ENGINEERING,Vellakulam,Tamil Nadu,"Anna University, Chennai",177500.0,3.03,,Private,Yes,Yes,"www.kamarajeng
 g.edu.",Electronics & Communication,64.5,73.6,70.0,Affordable,Good,Not Ranked
Dr. Mahalingam College of Engineering and Technology,ELECTRONICS AND INSTRUMENTATION ENGINEERING,Coimbatore,Tamil Nadu,"Anna University, Chennai",204090.9090909091,3.53,,Private - Autonomous,Yes,Yes,www.mcet.in,Electronics & Communication,59.18181818181818,78.6,70.8,Moderate,Good,Not Ranked
R.M.K. Engineering College,ELECTRONICS AND INSTRUMENTATION ENGINEERING,Thiruvallur,Tamil Nadu,Not Available,0.0,0.0,151.0,Private,Yes,Yes,www.rmkec.ac.in,Electronics & Communication,,65.3,65.3,Not Available,Good,Top 200
Geeta Engineering College,ELECTRONICS AND INSTRUMENTATION ENGINEERING,Naraina,Haryana,"Kurukshetra University, Kurukshetra",160927.27272727274,0.0,,Private,Yes,Yes,-,Electronics & Communication,67.81454545454545,86.7,79.1,Affordable,Excellent,Not Ranked
PMR Engineering College,ELECTRONICS AND INSTRUMENTATION ENGINEERING,Chennai,Tamil Nadu,"Anna University, Chennai",160000.0,0.0,,Private,Yes,Yes,www.rmd.ac.in,Electronics & Communication,68.0,86.7,79.2,Affordable,Excellent,Not Ranked
Sri Ramakrishna Engineering College,ELECTRONICS AND INSTRUMENTATION ENGINEERING,Coimbatore,Tamil Nadu,"Anna University, Chennai",164000.0,3.33,151.0,Private - Autonomous,Yes,Yes,www.srec.ac.in,Electronics & Communication,67.2,65.7,66.3,Affordable,Good,Top 200
Kongu Engineering College,ELECTRONICS AND INSTRUMENTATION ENGINEERING,Perundurai,Tamil Nadu,"Anna University, Chennai",326307.6923076923,3.13,101.0,Private - Autonomous,Yes,Yes,www.kongu.ac.in,Electronics & Communication,37.36923076923077,68.3,55.9,Premium,Good,Top 200
Sri Sai Ram Engineering College,ELECTRONICS AND INSTRUMENTATION ENGINEERING,Chennai,Tamil Nadu,"Anna University, Chennai",147777.77777777778,3.37,,Private,Yes,Yes,www.sairam.edu. in,Electronics & Communication,70.44444444444444,77.0,74.4,Affordable,Good,Not Ranked
Karpagam College of Engineering,ELECTRONICS AND INSTRUMENTATION ENGINEERING,Coimbatore,Tamil Nadu,"Anna University, Chennai",154727.27272727274,3.32,,"Private -
 Autonomous",Yes,Yes,www.kce.ac.in,Electronics & Communication,69.05454545454545,76.5,73.5,Affordable,Good,Not Ranked
SRM Valliammai Engineering College,ELECTRONICS AND INSTRUMENTATION ENGINEERING,Kancheepuram,Tamil Nadu,"Anna University, Chennai",239625.0,0.0,,Private,Yes,Yes,www.valliammai. co.in,Electronics & Communication,52.075,86.7,72.9,Moderate,Excellent,Not Ranked
Panimalar Engineering College,ELECTRONICS AND INSTRUMENTATION ENGINEERING,Chennai,Tamil Nadu,"Anna University, Chennai",198750.00000000003,0.0,,Private,Yes,Yes,www.panimalar.a c.in,Electronics & Communication,60.24999999999999,86.7,76.1,Affordable,Excellent,Not Ranked
St. Joseph's College of Engineering,ELECTRONICS AND INSTRUMENTATION ENGINEERING,Chennai,Tamil Nadu,"Anna University, Chennai",163500.0,0.0,,Private,Yes,Yes,"www.stjosephs.a
 c.in",Electronics & Communication,67.3,86.7,78.9,Affordable,Excellent,Not Ranked
Karpagam College of Engineering,ELECTRONICS AND TELECOMMUNICATIONS ENGINEERING,Coimbatore,Tamil Nadu,"Anna University, Chennai",154727.27272727274,3.32,,"Private -
 Autonomous",Yes,Yes,www.kce.ac.in,Electronics & Communication,69.05454545454545,76.5,73.5,Affordable,Good,Not Ranked
Kumaraguru College of Technology,FASHION TECHNOLOGY,Coimbatore,Tamil Nadu,"Anna University, Chennai",203437.50000000003,3.21,151.0,"Private -
 Autonomous",Yes,Yes,www.kct.ac.in,Other Engineering,59.31249999999999,65.0,62.7,Moderate,Good,Top 200
KPR Institute of Engineering and Technology,FASHION TECHNOLOGY,Coimbatore,Tamil Nadu,"Anna University, Chennai",160000.0,3.08,101.0,Private,Yes,Yes,www.kpriet.ac.in,Other Engineering,68.0,68.0,68.0,Affordable,Good,Top 200
Bannari Amman Institute of Technology,FASHION TECHNOLOGY,Erode,Tamil Nadu,"Anna University, Chennai",295000.0,3.57,,Private - Autonomous,Yes,Yes,www.bitsathy.ac.i n,Other Engineering,41.0,79.0,63.8,Moderate,Good,Not Ranked
Sona College of Technology,FASHION TECHNOLOGY,Salem,Tamil Nadu,"Anna University, Chennai",203000.00000000003,3.16,151.0,Private - Autonomous,Yes,Yes,"www.sonatech.ac
 .in",Other Engineering,59.39999999999999,64.7,62.6,Moderate,Good,Top 200
Kongu Engineering College,FOOD TECHNOLOGY,Perundurai,Tamil Nadu,"Anna University, Chennai",326307.6923076923,3.13,101.0,Private - Autonomous,Yes,Yes,www.kongu.ac.in,Agriculture & Food Tech,37.36923076923077,68.3,55.9,Premium,Good,Top 200
Bannari Amman Institute of Technology,FOOD TECHNOLOGY,Erode,Tamil Nadu,"Anna University, Chennai",295000.0,3.57,,Private - Autonomous,Yes,Yes,www.bitsathy.ac.i n,Agriculture & Food Tech,41.0,79.0,63.8,Moderate,Good,Not Ranked
Kumaraguru College of Technology,INFORMATION SCIENCE AND ENGINEERING,Coimbatore,Tamil Nadu,"Anna University, Chennai",203437.50000000003,3.21,151.0,"Private -
 Autonomous",Yes,Yes,www.kct.ac.in,Other Engineering,59.31249999999999,65.0,62.7,Moderate,Good,Top 200
National Engineering College,INFORMATION TECHNOLOGY,Thoothukudi,Tamil Nadu,"Anna University, Chennai",214285.7142857143,2.83,151.0,Private - Autonomous,Yes,Yes,www.nec.edu.in,Computer Science & IT,57.14285714285714,62.7,60.5,Moderate,Good,Top 200
EGS Pillay Engineering College,INFORMATION TECHNOLOGY,Nagapattinam,Tamil Nadu,"Anna University, Chennai",167500.0,3.02,,Private - Autonomous,Yes,Yes,www.egspec.org,Computer Science & IT,66.5,73.5,70.7,Affordable,Good,Not Ranked
Kamaraj College of Engineering and Technology,INFORMATION TECHNOLOGY,Vellakulam,Tamil Nadu,"Anna University, Chennai",177500.0,3.03,,Private,Yes,Yes,"www.kamarajeng
 g.edu.",Computer Science & IT,64.5,73.6,70.0,Affordable,Good,Not Ranked
Kumaraguru College of Technology,INFORMATION TECHNOLOGY,Coimbatore,Tamil Nadu,"Anna University, Chennai",203437.50000000003,3.21,151.0,"Private -
 Autonomous",Yes,Yes,www.kct.ac.in,Computer Science & IT,59.31249999999999,65.0,62.7,Moderate,Good,Top 200
Francis Xavier Engineering College,INFORMATION TECHNOLOGY,Tirunelveli,Tamil Nadu,"Anna University, Chennai",181875.0,0.0,,Private,Yes,Yes,www.francisxavie r.ac,Computer Science & IT,63.625,86.7,77.5,Affordable,Excellent,Not Ranked
Mepco Schlenk Engineering College,INFORMATION TECHNOLOGY,Melamattur,Tamil Nadu,"Anna University, Chennai",155000.0,3.14,101.0,Private - Autonomous,Yes,Yes,www.mepcoeng. ac.in,Computer Science & IT,69.0,68.4,68.6,Affordable,Good,Top 200
R.M.K. Engineering College,INFORMATION TECHNOLOGY,Thiruvallur,Tamil Nadu,Not Available,0.0,0.0,151.0,Private,Yes,Yes,www.rmkec.ac.in,Computer Science & IT,,65.3,65.3,Not Available,Good,Top 200
PMR Engineering College,INFORMATION TECHNOLOGY,Chennai,Tamil Nadu,"Anna University, Chennai",160000.0,0.0,,Private,Yes,Yes,www.rmd.ac.in,Computer Science & IT,68.0,86.7,79.2,Affordable,Excellent,Not Ranked
Coimbatore Institute of Technology,INFORMATION TECHNOLOGY,Coimbatore,Tamil Nadu,"Anna University, Chennai",231028.4615384616,3.09,101.0,"Government
 Autonomous",Yes,Yes,www.cit.edu.in,Computer Science & IT,53.79430769230768,72.1,64.8,Moderate,Good,Top 200
MS Engineering College,INFORMATION TECHNOLOGY,Bengaluru,Karnataka,"Visvesvaraya Technological University, Belagavi",168692.50000000003,0.0,,Private,Yes,Yes,www.saec.ac.in,Computer Science & IT,66.2615,86.7,78.5,Affordable,Excellent,Not Ranked
KLN College of Engineering,INFORMATION TECHNOLOGY,Kusavapatti,Tamil Nadu,"Anna University, Chennai",234444.44444444444,0.0,,Private,Yes,Yes,www.klnce.edu,Computer Science & IT,53.111111111111114,86.7,73.3,Moderate,Excellent,Not Ranked
Velalar College of Engineering and Technology,INFORMATION TECHNOLOGY,Erode,Tamil Nadu,"Anna University, Chennai",138461.53846153847,3.11,,"Private -
 Autonomous",Yes,Yes,"www.velalarengg
 .ac.i",Computer Science & IT,72.3076923076923,74.4,73.6,Affordable,Good,Not Ranked
St. Joseph's Institute of Technology,INFORMATION TECHNOLOGY,Chennai,Tamil Nadu,"Anna University, Chennai",160000.0,0.0,,Private,Yes,Yes,www.stjosephste chnol,Computer Science & IT,68.0,86.7,79.2,Affordable,Excellent,Not Ranked
Sona College of Technology,INFORMATION TECHNOLOGY,Salem,Tamil Nadu,"Anna University, Chennai",203000.00000000003,3.16,151.0,Private - Autonomous,Yes,Yes,"www.sonatech.ac
 .in",Computer Science & IT,59.39999999999999,64.7,62.6,Moderate,Good,Top 200
Dr. Mahalingam College of Engineering and Technology,INFORMATION TECHNOLOGY,Coimbatore,Tamil Nadu,"Anna University, Chennai",204090.9090909091,3.53,,Private - Autonomous,Yes,Yes,www.mcet.in,Computer Science & IT,59.18181818181818,78.6,70.8,Moderate,Good,Not Ranked
Kongu Engineering College,INFORMATION TECHNOLOGY,Perundurai,Tamil Nadu,"Anna University, Chennai",326307.6923076923,3.13,101.0,Private - Autonomous,Yes,Yes,www.kongu.ac.in,Computer Science & IT,37.36923076923077,68.3,55.9,Premium,Good,Top 200
Geeta Engineering College,INFORMATION TECHNOLOGY,Naraina,Haryana,"Kurukshetra University, Kurukshetra",160927.27272727274,0.0,,Private,Yes,Yes,-,Computer Science & IT,67.81454545454545,86.7,79.1,Affordable,Excellent,Not Ranked
Vel Tech Multi Tech Dr. Rangarajan Dr. Sakunthala Engineering College,INFORMATION TECHNOLOGY,Chennai,Tamil Nadu,"Anna University, Chennai",217142.8571428572,3.49,,Private,Yes,Yes,"www.veltechmult
 itech",Computer Science & IT,56.57142857142856,78.2,69.5,Moderate,Good,Not Ranked
Sri Sivasubramaniya Nadar College of Engineering,INFORMATION TECHNOLOGY,Kelambakkam,Tamil Nadu,"Anna University, Chennai",198333.3333333333,3.55,46.0,Private,Yes,Yes,www.ssn.edu.in,Computer Science & IT,60.333333333333336,80.1,72.2,Affordable,Excellent,Top 50
Sri Sai Ram Engineering College,INFORMATION TECHNOLOGY,Chennai,Tamil Nadu,"Anna University, Chennai",147777.77777777778,3.37,,Private,Yes,Yes,www.sairam.edu. in,Computer Science & IT,70.44444444444444,77.0,74.4,Affordable,Good,Not Ranked
Easwari Engineering College,INFORMATION TECHNOLOGY,Chennai,Tamil Nadu,"Anna University, Chennai",174428.57142857142,3.1,151.0,Private,Yes,Yes,"www.srmeaswari
 .ac.in",Computer Science & IT,65.11428571428571,64.3,64.6,Affordable,Good,Top 200
SRM Valliammai Engineering College,INFORMATION TECHNOLOGY,Kancheepuram,Tamil Nadu,"Anna University, Chennai",239625.0,0.0,,Private,Yes,Yes,www.valliammai. co.in,Computer Science & IT,52.075,86.7,72.9,Moderate,Excellent,Not Ranked
Thiagarajar College of Engineering,INFORMATION TECHNOLOGY,Madurai,Tamil Nadu,"Anna University, Chennai",130524.73684210528,3.47,101.0,"Government
 Autonomous",Yes,Yes,www.tce.edu,Computer Science & IT,73.89505263157895,70.3,71.7,Affordable,Good,Top 200
Sri Venkateswara College of Engineering,INFORMATION TECHNOLOGY,Tirupati,Andhra Pradesh,"Jawaharlal Nehru Technological University, Anantapur",202866.66666666663,0.0,151.0,Private - Autonomous,Yes,Yes,www.svce.ac.in,Computer Science & IT,59.42666666666668,63.3,61.8,Moderate,Good,Top 200
Sri Ramakrishna Engineering College,INFORMATION TECHNOLOGY,Coimbatore,Tamil Nadu,"Anna University, Chennai",164000.0,3.33,151.0,Private - Autonomous,Yes,Yes,www.srec.ac.in,Computer Science & IT,67.2,65.7,66.3,Affordable,Good,Top 200
Panimalar Institute of Technology,INFORMATION TECHNOLOGY,Pidarithangal,Tamil Nadu,"Anna University, Chennai",160000.0,0.0,,Private,Yes,Yes,www.pit.ac.in,Computer Science & IT,68.0,86.7,79.2,Affordable,Excellent,Not Ranked
Panimalar Engineering College,INFORMATION TECHNOLOGY,Chennai,Tamil Nadu,"Anna University, Chennai",198750.00000000003,0.0,,Private,Yes,Yes,www.panimalar.a c.in,Computer Science & IT,60.24999999999999,86.7,76.1,Affordable,Excellent,Not Ranked
Sri Krishna College of Engineering and Technology,INFORMATION TECHNOLOGY,Coimbatore,Tamil Nadu,"Anna University, Chennai",157647.0588235294,3.42,83.0,"Private -
 Autonomous",Yes,Yes,www.skcet.ac.in,Computer Science & IT,68.47058823529412,73.1,71.2,Affordable,Good,Top 100
St. Joseph's College of Engineering,INFORMATION TECHNOLOGY,Chennai,Tamil Nadu,"Anna University, Chennai",163500.0,0.0,,Private,Yes,Yes,"www.stjosephs.a
 c.in",Computer Science & IT,67.3,86.7,78.9,Affordable,Excellent,Not Ranked
Karpagam College of Engineering,INFORMATION TECHNOLOGY,Coimbatore,Tamil Nadu,"Anna University, Chennai",154727.27272727274,3.32,,"Private -
 Autonomous",Yes,Yes,www.kce.ac.in,Computer Science & IT,69.05454545454545,76.5,73.5,Affordable,Good,Not Ranked
PSNA College of Engineering and Technology,INFORMATION TECHNOLOGY,Dindigul,Tamil Nadu,"Anna University, Chennai",268333.3333333333,3.17,,Private,Yes,Yes,www.psnacet.ed u.in,Computer Science & IT,46.333333333333336,75.0,63.5,Moderate,Good,Not Ranked
Bannari Amman Institute of Technology,INFORMATION TECHNOLOGY,Erode,Tamil Nadu,"Anna University, Chennai",295000.0,3.57,,Private - Autonomous,Yes,Yes,www.bitsathy.ac.i n,Computer Science & IT,41.0,79.0,63.8,Moderate,Good,Not Ranked
St. Joseph's College of Engineering,INSTRUMENTATION AND CONTROL ENGINEERING,Chennai,Tamil Nadu,"Anna University, Chennai",163500.0,0.0,,Private,Yes,Yes,"www.stjosephs.a
 c.in",Other Engineering,67.3,86.7,78.9,Affordable,Excellent,Not Ranked
Sri Sai Ram Engineering College,INSTRUMENTATION AND CONTROL ENGINEERING,Chennai,Tamil Nadu,"Anna University, Chennai",147777.77777777778,3.37,,Private,Yes,Yes,www.sairam.edu. in,Other Engineering,70.44444444444444,77.0,74.4,Affordable,Good,Not Ranked
Sri Venkateswara College of Engineering,MARINE ENGINEERING,Tirupati,Andhra Pradesh,"Jawaharlal Nehru Technological University, Anantapur",202866.66666666663,0.0,151.0,Private - Autonomous,Yes,Yes,www.svce.ac.in,Other Engineering,59.42666666666668,63.3,61.8,Moderate,Good,Top 200
National Engineering College,MECHANICAL ENGINEERING,Thoothukudi,Tamil Nadu,"Anna University, Chennai",214285.7142857143,2.83,151.0,Private - Autonomous,Yes,Yes,www.nec.edu.in,Mechanical Engineering,57.14285714285714,62.7,60.5,Moderate,Good,Top 200
EGS Pillay Engineering College,MECHANICAL ENGINEERING,Nagapattinam,Tamil Nadu,"Anna University, Chennai",167500.0,3.02,,Private - Autonomous,Yes,Yes,www.egspec.org,Mechanical Engineering,66.5,73.5,70.7,Affordable,Good,Not Ranked
Panimalar Institute of Technology,MECHANICAL ENGINEERING,Pidarithangal,Tamil Nadu,"Anna University, Chennai",160000.0,0.0,,Private,Yes,Yes,www.pit.ac.in,Mechanical Engineering,68.0,86.7,79.2,Affordable,Excellent,Not Ranked
KLN College of Engineering,MECHANICAL ENGINEERING,Kusavapatti,Tamil Nadu,"Anna University, Chennai",234444.44444444444,0.0,,Private,Yes,Yes,www.klnce.edu,Mechanical Engineering,53.111111111111114,86.7,73.3,Moderate,Excellent,Not Ranked
Kamaraj College of Engineering and Technology,MECHANICAL ENGINEERING,Vellakulam,Tamil Nadu,"Anna University, Chennai",177500.0,3.03,,Private,Yes,Yes,"www.kamarajeng
 g.edu.",Mechanical Engineering,64.5,73.6,70.0,Affordable,Good,Not Ranked
Velalar College of Engineering and Technology,MECHANICAL ENGINEERING,Erode,Tamil Nadu,"Anna University, Chennai",138461.53846153847,3.11,,"Private -
 Autonomous",Yes,Yes,"www.velalarengg
 .ac.i",Mechanical Engineering,72.3076923076923,74.4,73.6,Affordable,Good,Not Ranked
Francis Xavier Engineering College,MECHANICAL ENGINEERING,Tirunelveli,Tamil Nadu,"Anna University, Chennai",181875.0,0.0,,Private,Yes,Yes,www.francisxavie r.ac,Mechanical Engineering,63.625,86.7,77.5,Affordable,Excellent,Not Ranked
Dr. Mahalingam College of Engineering and Technology,MECHANICAL ENGINEERING,Coimbatore,Tamil Nadu,"Anna University, Chennai",204090.9090909091,3.53,,Private - Autonomous,Yes,Yes,www.mcet.in,Mechanical Engineering,59.18181818181818,78.6,70.8,Moderate,Good,Not Ranked
R.M.K. Engineering College,MECHANICAL ENGINEERING,Thiruvallur,Tamil Nadu,Not Available,0.0,0.0,151.0,Private,Yes,Yes,www.rmkec.ac.in,Mechanical Engineering,,65.3,65.3,Not Available,Good,Top 200
Vel Tech Multi Tech Dr. Rangarajan Dr. Sakunthala Engineering College,MECHANICAL ENGINEERING,Chennai,Tamil Nadu,"Anna University, Chennai",217142.8571428572,3.49,,Private,Yes,Yes,"www.veltechmult
 itech",Mechanical Engineering,56.57142857142856,78.2,69.5,Moderate,Good,Not Ranked
Thiagarajar College of Engineering,MECHANICAL ENGINEERING,Madurai,Tamil Nadu,"Anna University, Chennai",130524.73684210528,3.47,101.0,"Government
 Autonomous",Yes,Yes,www.tce.edu,Mechanical Engineering,73.89505263157895,70.3,71.7,Affordable,Good,Top 200
Coimbatore Institute of Technology,MECHANICAL ENGINEERING,Coimbatore,Tamil Nadu,"Anna University, Chennai",231028.4615384616,3.09,101.0,"Government
 Autonomous",Yes,Yes,www.cit.edu.in,Mechanical Engineering,53.79430769230768,72.1,64.8,Moderate,Good,Top 200
Sri Venkateswara College of Engineering,MECHANICAL ENGINEERING,Tirupati,Andhra Pradesh,"Jawaharlal Nehru Technological University, Anantapur",202866.66666666663,0.0,151.0,Private - Autonomous,Yes,Yes,www.svce.ac.in,Mechanical Engineering,59.42666666666668,63.3,61.8,Moderate,Good,Top 200
Kumaraguru College of Technology,MECHANICAL ENGINEERING,Coimbatore,Tamil Nadu,"Anna University, Chennai",203437.50000000003,3.21,151.0,"Private -
 Autonomous",Yes,Yes,www.kct.ac.in,Mechanical Engineering,59.31249999999999,65.0,62.7,Moderate,Good,Top 200
Sri Krishna College of Engineering and Technology,MECHANICAL ENGINEERING,Coimbatore,Tamil Nadu,"Anna University, Chennai",157647.0588235294,3.42,83.0,"Private -
 Autonomous",Yes,Yes,www.skcet.ac.in,Mechanical Engineering,68.47058823529412,73.1,71.2,Affordable,Good,Top 100
St. Joseph's Institute of Technology,MECHANICAL ENGINEERING,Chennai,Tamil Nadu,"Anna University, Chennai",160000.0,0.0,,Private,Yes,Yes,www.stjosephste chnol,Mechanical Engineering,68.0,86.7,79.2,Affordable,Excellent,Not Ranked
Mepco Schlenk Engineering College,MECHANICAL ENGINEERING,Melamattur,Tamil Nadu,"Anna University, Chennai",155000.0,3.14,101.0,Private - Autonomous,Yes,Yes,www.mepcoeng. ac.in,Mechanical Engineering,69.0,68.4,68.6,Affordable,Good,Top 200
Sona College of Technology,MECHANICAL ENGINEERING,Salem,Tamil Nadu,"Anna University, Chennai",203000.00000000003,3.16,151.0,Private - Autonomous,Yes,Yes,"www.sonatech.ac
 .in",Mechanical Engineering,59.39999999999999,64.7,62.6,Moderate,Good,Top 200
St. Joseph's College of Engineering,MECHANICAL ENGINEERING,Chennai,Tamil Nadu,"Anna University, Chennai",163500.0,0.0,,Private,Yes,Yes,"www.stjosephs.a
 c.in",Mechanical Engineering,67.3,86.7,78.9,Affordable,Excellent,Not Ranked
Sri Sivasubramaniya Nadar College of Engineering,MECHANICAL ENGINEERING,Kelambakkam,Tamil Nadu,"Anna University, Chennai",198333.3333333333,3.55,46.0,Private,Yes,Yes,www.ssn.edu.in,Mechanical Engineering,60.333333333333336,80.1,72.2,Affordable,Excellent,Top 50
Karpagam College of Engineering,MECHANICAL ENGINEERING,Coimbatore,Tamil Nadu,"Anna University, Chennai",154727.27272727274,3.32,,"Private -
 Autonomous",Yes,Yes,www.kce.ac.in,Mechanical Engineering,69.05454545454545,76.5,73.5,Affordable,Good,Not Ranked
Kalaignar Karunanidhi Institute of Technology,MECHANICAL ENGINEERING,Coimbatore,Tamil Nadu,"Anna University, Chennai",133571.42857142858,0.0,,Private,Yes,Yes,www.kitcbe.com,Mechanical Engineering,73.28571428571428,86.7,81.3,Affordable,Excellent,Not Ranked
Easwari Engineering College,MECHANICAL ENGINEERING,Chennai,Tamil Nadu,"Anna University, Chennai",174428.57142857142,3.1,151.0,Private,Yes,Yes,"www.srmeaswari
 .ac.in",Mechanical Engineering,65.11428571428571,64.3,64.6,Affordable,Good,Top 200
SRM Valliammai Engineering College,MECHANICAL ENGINEERING,Kancheepuram,Tamil Nadu,"Anna University, Chennai",239625.0,0.0,,Private,Yes,Yes,www.valliammai. co.in,Mechanical Engineering,52.075,86.7,72.9,Moderate,Excellent,Not Ranked
Rajalakshmi Institute of Technology,MECHANICAL ENGINEERING,Thirumazhisai,Tamil Nadu,"Anna University, Chennai",160000.0,0.0,151.0,Private,Yes,Yes,www.ritchennai.o rg,Mechanical Engineering,68.0,65.3,66.4,Affordable,Good,Top 200
KPR Institute of Engineering and Technology,MECHANICAL ENGINEERING,Coimbatore,Tamil Nadu,"Anna University, Chennai",160000.0,3.08,101.0,Private,Yes,Yes,www.kpriet.ac.in,Mechanical Engineering,68.0,68.0,68.0,Affordable,Good,Top 200
MS Engineering College,MECHANICAL ENGINEERING,Bengaluru,Karnataka,"Visvesvaraya Technological University, Belagavi",168692.50000000003,0.0,,Private,Yes,Yes,www.saec.ac.in,Mechanical Engineering,66.2615,86.7,78.5,Affordable,Excellent,Not Ranked
Sri Ramakrishna Engineering College,MECHANICAL ENGINEERING,Coimbatore,Tamil Nadu,"Anna University, Chennai",164000.0,3.33,151.0,Private - Autonomous,Yes,Yes,www.srec.ac.in,Mechanical Engineering,67.2,65.7,66.3,Affordable,Good,Top 200
Kongu Engineering College,MECHANICAL ENGINEERING,Perundurai,Tamil Nadu,"Anna University, Chennai",326307.6923076923,3.13,101.0,Private - Autonomous,Yes,Yes,www.kongu.ac.in,Mechanical Engineering,37.36923076923077,68.3,55.9,Premium,Good,Top 200
Geeta Engineering College,MECHANICAL ENGINEERING,Naraina,Haryana,"Kurukshetra University, Kurukshetra",160927.27272727274,0.0,,Private,Yes,Yes,-,Mechanical Engineering,67.81454545454545,86.7,79.1,Affordable,Excellent,Not Ranked
Sri Sai Ram Engineering College,MECHANICAL ENGINEERING,Chennai,Tamil Nadu,"Anna University, Chennai",147777.77777777778,3.37,,Private,Yes,Yes,www.sairam.edu. in,Mechanical Engineering,70.44444444444444,77.0,74.4,Affordable,Good,Not Ranked
Bannari Amman Institute of Technology,MECHANICAL ENGINEERING,Erode,Tamil Nadu,"Anna University, Chennai",295000.0,3.57,,Private - Autonomous,Yes,Yes,www.bitsathy.ac.i n,Mechanical Engineering,41.0,79.0,63.8,Moderate,Good,Not Ranked
PSNA College of Engineering and Technology,MECHANICAL ENGINEERING,Dindigul,Tamil Nadu,"Anna University, Chennai",268333.3333333333,3.17,,Private,Yes,Yes,www.psnacet.ed u.in,Mechanical Engineering,46.333333333333336,75.0,63.5,Moderate,Good,Not Ranked
Panimalar Engineering College,MECHANICAL ENGINEERING,Chennai,Tamil Nadu,"Anna University, Chennai",198750.00000000003,0.0,,Private,Yes,Yes,www.panimalar.a c.in,Mechanical Engineering,60.24999999999999,86.7,76.1,Affordable,Excellent,Not Ranked
Kumaraguru College of Technology,MECHATRONICS,Coimbatore,Tamil Nadu,"Anna University, Chennai",203437.50000000003,3.21,151.0,"Private -
 Autonomous",Yes,Yes,www.kct.ac.in,Mechanical Engineering,59.31249999999999,65.0,62.7,Moderate,Good,Top 200
Sona College of Technology,MECHATRONICS,Salem,Tamil Nadu,"Anna University, Chennai",203000.00000000003,3.16,151.0,Private - Autonomous,Yes,Yes,"www.sonatech.ac
 .in",Mechanical Engineering,59.39999999999999,64.7,62.6,Moderate,Good,Top 200
Thiagarajar College of Engineering,MECHATRONICS,Madurai,Tamil Nadu,"Anna University, Chennai",130524.73684210528,3.47,101.0,"Government
 Autonomous",Yes,Yes,www.tce.edu,Mechanical Engineering,73.89505263157895,70.3,71.7,Affordable,Good,Top 200
Sri Krishna College of Engineering and Technology,MECHATRONICS,Coimbatore,Tamil Nadu,"Anna University, Chennai",157647.0588235294,3.42,83.0,"Private -
 Autonomous",Yes,Yes,www.skcet.ac.in,Mechanical Engineering,68.47058823529412,73.1,71.2,Affordable,Good,Top 100
Kongu Engineering College,MECHATRONICS,Perundurai,Tamil Nadu,"Anna University, Chennai",326307.6923076923,3.13,101.0,Private - Autonomous,Yes,Yes,www.kongu.ac.in,Mechanical Engineering,37.36923076923077,68.3,55.9,Premium,Good,Top 200
Bannari Amman Institute of Technology,MECHATRONICS,Erode,Tamil Nadu,"Anna University, Chennai",295000.0,3.57,,Private - Autonomous,Yes,Yes,www.bitsathy.ac.i n,Mechanical Engineering,41.0,79.0,63.8,Moderate,Good,Not Ranked
Kamaraj College of Engineering and Technology,MECHATRONICS ENGINEERING,Vellakulam,Tamil Nadu,"Anna University, Chennai",177500.0,3.03,,Private,Yes,Yes,"www.kamarajeng
 g.edu.",Mechanical Engineering,64.5,73.6,70.0,Affordable,Good,Not Ranked
Dr. Mahalingam College of Engineering and Technology,MECHATRONICS ENGINEERING,Coimbatore,Tamil Nadu,"Anna University, Chennai",204090.9090909091,3.53,,Private - Autonomous,Yes,Yes,www.mcet.in,Mechanical Engineering,59.18181818181818,78.6,70.8,Moderate,Good,Not Ranked
Velalar College of Engineering and Technology,MEDICAL ELECTRONICS,Erode,Tamil Nadu,"Anna University, Chennai",138461.53846153847,3.11,,"Private -
 Autonomous",Yes,Yes,"www.velalarengg
 .ac.i",Electronics & Communication,72.3076923076923,74.4,73.6,Affordable,Good,Not Ranked
Geeta Engineering College,MEDICAL ELECTRONICS ENGINEERING,Naraina,Haryana,"Kurukshetra University, Kurukshetra",160927.27272727274,0.0,,Private,Yes,Yes,-,Electronics & Communication,67.81454545454545,86.7,79.1,Affordable,Excellent,Not Ranked
Kamaraj College of Engineering and Technology,POLYMER TECHNOLOGY,Vellakulam,Tamil Nadu,"Anna University, Chennai",177500.0,3.03,,Private,Yes,Yes,"www.kamarajeng
 g.edu.",Other Engineering,64.5,73.6,70.0,Affordable,Good,Not Ranked
Dr. Mahalingam College of Engineering and Technology,PRODUCTION ENGINEERING,Coimbatore,Tamil Nadu,"Anna University, Chennai",204090.9090909091,3.53,,Private - Autonomous,Yes,Yes,www.mcet.in,Mechanical Engineering,59.18181818181818,78.6,70.8,Moderate,Good,Not Ranked
Sri Sai Ram Engineering College,PRODUCTION ENGINEERING,Chennai,Tamil Nadu,"Anna University, Chennai",147777.77777777778,3.37,,Private,Yes,Yes,www.sairam.edu. in,Mechanical Engineering,70.44444444444444,77.0,74.4,Affordable,Good,Not Ranked
Kumaraguru College of Technology,TEXTILE TECHNOLOGY,Coimbatore,Tamil Nadu,"Anna University, Chennai",203437.50000000003,3.21,151.0,"Private -
 Autonomous",Yes,Yes,www.kct.ac.in,Other Engineering,59.31249999999999,65.0,62.7,Moderate,Good,Top 200
Bannari Amman Institute of Technology,TEXTILE TECHNOLOGY,Erode,Tamil Nadu,"Anna University, Chennai",295000.0,3.57,,Private - Autonomous,Yes,Yes,www.bitsathy.ac.i n,Other Engineering,41.0,79.0,63.8,Moderate,Good,Not Ranked
Institute of Aeronautical Engineering,AERONAUTICAL ENGINEERING,Domara Pocham Pally,Telangana,"Jawaharlal Nehru Technological University, Hyderabad",210928.57142857145,3.05,151.0,Private,No,Not Available,www.iare.ac.in,Aerospace & Aeronautical,57.81428571428571,44.0,49.5,Moderate,Average,Top 200
Kamala Institute of Technology and Science,CIVIL ENGINEERING,Singapuram,Telangana,"Jawaharlal Nehru Technological University, Hyderabad",252333.3333333333,0.0,,Private,No,No,www.kitssingapur am.a,Civil Engineering,49.53333333333334,20.0,31.8,Moderate,Below Average,Not Ranked
Vasavi College of Engineering,CIVIL ENGINEERING,Hyderabad,Telangana,"Osmania University, Hyderabad",414000.0,0.0,,Private,No,Not Available,www.vce.ac.in,Civil Engineering,28.6,20.0,23.4,Premium,Below Average,Not Ranked
CMR College of Engineering and Technology,CIVIL ENGINEERING,Hyderabad,Telangana,"Jawaharlal Nehru Technological University, Hyderabad",268181.8181818182,3.11,,Private - Autonomous,No,No,www.cmrcet.org,Civil Engineering,46.36363636363637,41.1,43.2,Moderate,Average,Not Ranked
Institute of Aeronautical Engineering,CIVIL ENGINEERING,Domara Pocham Pally,Telangana,"Jawaharlal Nehru Technological University, Hyderabad",210928.57142857145,3.05,151.0,Private,No,Not Available,www.iare.ac.in,Civil Engineering,57.81428571428571,44.0,49.5,Moderate,Average,Top 200
Mahatma Gandhi Institute of Technology,CIVIL ENGINEERING,Hyderabad,Telangana,"Jawaharlal Nehru Technological University, Hyderabad",316857.14285714284,0.0,,Private,No,No,www.mgit.ac.in,Civil Engineering,38.31428571428572,20.0,27.3,Premium,Below Average,Not Ranked
Lords Institute of Engineering and Technology,CIVIL ENGINEERING,Hyderabad,Telangana,"Osmania University, Hyderabad",147333.33333333334,0.0,,Private,No,Not Available,www.lords.ac.in,Civil Engineering,70.53333333333333,20.0,40.2,Affordable,Below Average,Not Ranked
JNTUH College of Engineering,COMPUTER SCIENCE & ENGINEERING,Hyderabad,Telangana,"Jawaharlal Nehru Technological University, Hyderabad",61641.02564102564,0.0,,Government,No,No,www.jntuhcej.ac.i n,Computer Science & IT,87.67179487179487,33.3,55.0,Budget-Friendly,Below Average,Not Ranked
International Institute of Information Technology,COMPUTER SCIENCE & ENGINEERING,Hyderabad,Telangana,Not Available,756666.6666666666,3.05,,Private,No,Not Available,www.iiit.ac.in,Computer Science & IT,9.733333333333334,39.6,27.7,Expensive,Below Average,Not Ranked
Kamala Institute of Technology and Science,COMPUTER SCIENCE AND ENGINEERING,Singapuram,Telangana,"Jawaharlal Nehru Technological University, Hyderabad",252333.3333333333,0.0,,Private,No,No,www.kitssingapur am.a,Computer Science & IT,49.53333333333334,20.0,31.8,Moderate,Below Average,Not Ranked
Vasavi College of Engineering,COMPUTER SCIENCE AND ENGINEERING,Hyderabad,Telangana,"Osmania University, Hyderabad",414000.0,0.0,,Private,No,Not Available,www.vce.ac.in,Computer Science & IT,28.6,20.0,23.4,Premium,Below Average,Not Ranked
Lords Institute of Engineering and Technology,COMPUTER SCIENCE AND ENGINEERING,Hyderabad,Telangana,"Osmania University, Hyderabad",147333.33333333334,0.0,,Private,No,Not Available,www.lords.ac.in,Computer Science & IT,70.53333333333333,20.0,40.2,Affordable,Below Average,Not Ranked
Mahatma Gandhi Institute of Technology,COMPUTER SCIENCE AND ENGINEERING,Hyderabad,Telangana,"Jawaharlal Nehru Technological University, Hyderabad",316857.14285714284,0.0,,Private,No,No,www.mgit.ac.in,Computer Science & IT,38.31428571428572,20.0,27.3,Premium,Below Average,Not Ranked
CMR College of Engineering and Technology,COMPUTER SCIENCE AND ENGINEERING,Hyderabad,Telangana,"Jawaharlal Nehru Technological University, Hyderabad",268181.8181818182,3.11,,Private - Autonomous,No,No,www.cmrcet.org,Computer Science & IT,46.36363636363637,41.1,43.2,Moderate,Average,Not Ranked
Institute of Aeronautical Engineering,COMPUTER SCIENCE AND ENGINEERING,Domara Pocham Pally,Telangana,"Jawaharlal Nehru Technological University, Hyderabad",210928.57142857145,3.05,151.0,Private,No,Not Available,www.iare.ac.in,Computer Science & IT,57.81428571428571,44.0,49.5,Moderate,Average,Top 200
MBS School of Planning and Architecture,DIGITAL TECHNIQUES FOR DESIGN & PLANNING,New Delhi,Delhi,"Guru Gobind Singh Indraprastha University, Delhi",330000.0,0.0,,Government,No,Not Available,www.jnafau.ac.in,Architecture & Planning,37.0,20.0,26.8,Premium,Below Average,Not Ranked
JNTUH College of Engineering,ELECTRICAL AND ELECTRONICS ENGINEERING,Hyderabad,Telangana,"Jawaharlal Nehru Technological University, Hyderabad",61641.02564102564,0.0,,Government,No,No,www.jntuhcej.ac.i n,Electronics & Communication,87.67179487179487,33.3,55.0,Budget-Friendly,Below Average,Not Ranked
Vasavi College of Engineering,ELECTRICAL AND ELECTRONICS ENGINEERING,Hyderabad,Telangana,"Osmania University, Hyderabad",414000.0,0.0,,Private,No,Not Available,www.vce.ac.in,Electronics & Communication,28.6,20.0,23.4,Premium,Below Average,Not Ranked
Kamala Institute of Technology and Science,ELECTRICAL AND ELECTRONICS ENGINEERING,Singapuram,Telangana,"Jawaharlal Nehru Technological University, Hyderabad",252333.3333333333,0.0,,Private,No,No,www.kitssingapur am.a,Electronics & Communication,49.53333333333334,20.0,31.8,Moderate,Below Average,Not Ranked
CMR College of Engineering and Technology,ELECTRICAL AND ELECTRONICS ENGINEERING,Hyderabad,Telangana,"Jawaharlal Nehru Technological University, Hyderabad",268181.8181818182,3.11,,Private - Autonomous,No,No,www.cmrcet.org,Electronics & Communication,46.36363636363637,41.1,43.2,Moderate,Average,Not Ranked
Institute of Aeronautical Engineering,ELECTRICAL AND ELECTRONICS ENGINEERING,Domara Pocham Pally,Telangana,"Jawaharlal Nehru Technological University, Hyderabad",210928.57142857145,3.05,151.0,Private,No,Not Available,www.iare.ac.in,Electronics & Communication,57.81428571428571,44.0,49.5,Moderate,Average,Top 200
Mahatma Gandhi Institute of Technology,ELECTRICAL AND ELECTRONICS ENGINEERING,Hyderabad,Telangana,"Jawaharlal Nehru Technological University, Hyderabad",316857.14285714284,0.0,,Private,No,No,www.mgit.ac.in,Electronics & Communication,38.31428571428572,20.0,27.3,Premium,Below Average,Not Ranked
Lords Institute of Engineering and Technology,ELECTRICAL AND ELECTRONICS ENGINEERING,Hyderabad,Telangana,"Osmania University, Hyderabad",147333.33333333334,0.0,,Private,No,Not Available,www.lords.ac.in,Electronics & Communication,70.53333333333333,20.0,40.2,Affordable,Below Average,Not Ranked
International Institute of Information Technology,ELECTRONICS & COMMUNICATION ENGG,Hyderabad,Telangana,Not Available,756666.6666666666,3.05,,Private,No,Not Available,www.iiit.ac.in,Electronics & Communication,9.733333333333334,39.6,27.7,Expensive,Below Average,Not Ranked
Kamala Institute of Technology and Science,ELECTRONICS & COMMUNICATION ENGG,Singapuram,Telangana,"Jawaharlal Nehru Technological University, Hyderabad",252333.3333333333,0.0,,Private,No,No,www.kitssingapur am.a,Electronics & Communication,49.53333333333334,20.0,31.8,Moderate,Below Average,Not Ranked
Vasavi College of Engineering,ELECTRONICS & COMMUNICATION ENGG,Hyderabad,Telangana,"Osmania University, Hyderabad",414000.0,0.0,,Private,No,Not Available,www.vce.ac.in,Electronics & Communication,28.6,20.0,23.4,Premium,Below Average,Not Ranked
Mahatma Gandhi Institute of Technology,ELECTRONICS & COMMUNICATION ENGG,Hyderabad,Telangana,"Jawaharlal Nehru Technological University, Hyderabad",316857.14285714284,0.0,,Private,No,No,www.mgit.ac.in,Electronics & Communication,38.31428571428572,20.0,27.3,Premium,Below Average,Not Ranked
CMR College of Engineering and Technology,ELECTRONICS & COMMUNICATION ENGG,Hyderabad,Telangana,"Jawaharlal Nehru Technological University, Hyderabad",268181.8181818182,3.11,,Private - Autonomous,No,No,www.cmrcet.org,Electronics & Communication,46.36363636363637,41.1,43.2,Moderate,Average,Not Ranked
Institute of Aeronautical Engineering,ELECTRONICS & COMMUNICATION ENGG,Domara Pocham Pally,Telangana,"Jawaharlal Nehru Technological University, Hyderabad",210928.57142857145,3.05,151.0,Private,No,Not Available,www.iare.ac.in,Electronics & Communication,57.81428571428571,44.0,49.5,Moderate,Average,Top 200
JNTUH College of Engineering,ELECTRONICS AND COMMUNICATIONS ENGINEERING,Hyderabad,Telangana,"Jawaharlal Nehru Technological University, Hyderabad",61641.02564102564,0.0,,Government,No,No,www.jntuhcej.ac.i n,Electronics & Communication,87.67179487179487,33.3,55.0,Budget-Friendly,Below Average,Not Ranked
Lords Institute of Engineering and Technology,ELECTRONICS AND COMMUNICATIONS ENGINEERING,Hyderabad,Telangana,"Osmania University, Hyderabad",147333.33333333334,0.0,,Private,No,Not Available,www.lords.ac.in,Electronics & Communication,70.53333333333333,20.0,40.2,Affordable,Below Average,Not Ranked
MBS School of Planning and Architecture,FACILITIES & SERVICES PLANNING,New Delhi,Delhi,"Guru Gobind Singh Indraprastha University, Delhi",330000.0,0.0,,Government,No,Not Available,www.jnafau.ac.in,Architecture & Planning,37.0,20.0,26.8,Premium,Below Average,Not Ranked
JNTUH College of Engineering,INFORMATION TECHNOLOGY,Hyderabad,Telangana,"Jawaharlal Nehru Technological University, Hyderabad",61641.02564102564,0.0,,Government,No,No,www.jntuhcej.ac.i n,Computer Science & IT,87.67179487179487,33.3,55.0,Budget-Friendly,Below Average,Not Ranked
Lords Institute of Engineering and Technology,INFORMATION TECHNOLOGY,Hyderabad,Telangana,"Osmania University, Hyderabad",147333.33333333334,0.0,,Private,No,Not Available,www.lords.ac.in,Computer Science & IT,70.53333333333333,20.0,40.2,Affordable,Below Average,Not Ranked
Mahatma Gandhi Institute of Technology,INFORMATION TECHNOLOGY,Hyderabad,Telangana,"Jawaharlal Nehru Technological University, Hyderabad",316857.14285714284,0.0,,Private,No,No,www.mgit.ac.in,Computer Science & IT,38.31428571428572,20.0,27.3,Premium,Below Average,Not Ranked
Vasavi College of Engineering,INFORMATION TECHNOLOGY,Hyderabad,Telangana,"Osmania University, Hyderabad",414000.0,0.0,,Private,No,Not Available,www.vce.ac.in,Computer Science & IT,28.6,20.0,23.4,Premium,Below Average,Not Ranked
Institute of Aeronautical Engineering,INFORMATION TECHNOLOGY,Domara Pocham Pally,Telangana,"Jawaharlal Nehru Technological University, Hyderabad",210928.57142857145,3.05,151.0,Private,No,Not Available,www.iare.ac.in,Computer Science & IT,57.81428571428571,44.0,49.5,Moderate,Average,Top 200
JNTUH College of Engineering,MECHANICAL ENGINEERING,Hyderabad,Telangana,"Jawaharlal Nehru Technological University, Hyderabad",61641.02564102564,0.0,,Government,No,No,www.jntuhcej.ac.i n,Mechanical Engineering,87.67179487179487,33.3,55.0,Budget-Friendly,Below Average,Not Ranked
Kamala Institute of Technology and Science,MECHANICAL ENGINEERING,Singapuram,Telangana,"Jawaharlal Nehru Technological University, Hyderabad",252333.3333333333,0.0,,Private,No,No,www.kitssingapur am.a,Mechanical Engineering,49.53333333333334,20.0,31.8,Moderate,Below Average,Not Ranked
CMR College of Engineering and Technology,MECHANICAL ENGINEERING,Hyderabad,Telangana,"Jawaharlal Nehru Technological University, Hyderabad",268181.8181818182,3.11,,Private - Autonomous,No,No,www.cmrcet.org,Mechanical Engineering,46.36363636363637,41.1,43.2,Moderate,Average,Not Ranked
Vasavi College of Engineering,MECHANICAL ENGINEERING,Hyderabad,Telangana,"Osmania University, Hyderabad",414000.0,0.0,,Private,No,Not Available,www.vce.ac.in,Mechanical Engineering,28.6,20.0,23.4,Premium,Below Average,Not Ranked
Institute of Aeronautical Engineering,MECHANICAL ENGINEERING,Domara Pocham Pally,Telangana,"Jawaharlal Nehru Technological University, Hyderabad",210928.57142857145,3.05,151.0,Private,No,Not Available,www.iare.ac.in,Mechanical Engineering,57.81428571428571,44.0,49.5,Moderate,Average,Top 200
Mahatma Gandhi Institute of Technology,MECHANICAL ENGINEERING,Hyderabad,Telangana,"Jawaharlal Nehru Technological University, Hyderabad",316857.14285714284,0.0,,Private,No,No,www.mgit.ac.in,Mechanical Engineering,38.31428571428572,20.0,27.3,Premium,Below Average,Not Ranked
Lords Institute of Engineering and Technology,MECHANICAL ENGINEERING,Hyderabad,Telangana,"Osmania University, Hyderabad",147333.33333333334,0.0,,Private,No,Not Available,www.lords.ac.in,Mechanical Engineering,70.53333333333333,20.0,40.2,Affordable,Below Average,Not Ranked
Mahatma Gandhi Institute of Technology,MECHATRONICS,Hyderabad,Telangana,"Jawaharlal Nehru Technological University, Hyderabad",316857.14285714284,0.0,,Private,No,No,www.mgit.ac.in,Mechanical Engineering,38.31428571428572,20.0,27.3,Premium,Below Average,Not Ranked
Mahatma Gandhi Institute of Technology,METALLURGICAL AND MATERIALS ENGINEERING,Hyderabad,Telangana,"Jawaharlal Nehru Technological University, Hyderabad",316857.14285714284,0.0,,Private,No,No,www.mgit.ac.in,Mining & Metallurgy,38.31428571428572,20.0,27.3,Premium,Below Average,Not Ranked
Lords Institute of Engineering and Technology,PETROLEUM ENGINEERING,Hyderabad,Telangana,"Osmania University, Hyderabad",147333.33333333334,0.0,,Private,No,Not Available,www.lords.ac.in,Other Engineering,70.53333333333333,20.0,40.2,Affordable,Below Average,Not Ranked
Malla Reddy College of Engineering and Technology,AERONAUTICAL ENGINEERING,Hyderabad,Telangana,"Jawaharlal Nehru Technological University, Hyderabad",165333.33333333334,3.2,,Private - Autonomous,Yes,Yes,www.mrcet.ac.in,Aerospace & Aeronautical,66.93333333333334,75.3,72.0,Affordable,Good,Not Ranked
MLR Institute of Technology,AERONAUTICAL ENGINEERING,Hyderabad,Telangana,"Jawaharlal Nehru Technological University, Hyderabad",219000.0,3.12,,Private - Autonomous,Yes,Yes,www.mlrinstituti ons.,Aerospace & Aeronautical,56.2,74.5,67.2,Moderate,Good,Not Ranked
VNR Vignana Jyothi Institute of Engineering and Technology,AUTOMOBILE ENGINEERING,Hyderabad,Telangana,"Jawaharlal Nehru Technological University, Hyderabad",225792.0,3.73,,Private - Autonomous,Yes,Yes,www.vnrvjiet.ac.i n,Mechanical Engineering,54.8416,80.6,70.3,Moderate,Excellent,Not Ranked
Chaitanya Bharathi Institute of Technology,BIOTECHNOLOGY,Hyderabad,Telangana,"Osmania University, Hyderabad",325052.63157894736,3.11,151.0,"Private -
 Autonomous",Yes,Yes,www.cbit.ac.in,Chemical & Biotechnology,37.49473684210526,65.3,54.2,Premium,Good,Top 200
JNTUH College of Engineering,CHEMICAL ENGINEERING,Hyderabad,Telangana,"Jawaharlal Nehru Technological University, Hyderabad",61641.02564102564,0.0,,Government,No,No,www.jntuhcej.ac.i n,Chemical & Biotechnology,87.67179487179487,33.3,55.0,Budget-Friendly,Below Average,Not Ranked
Chaitanya Bharathi Institute of Technology,CHEMICAL ENGINEERING,Hyderabad,Telangana,"Osmania University, Hyderabad",325052.63157894736,3.11,151.0,"Private -
 Autonomous",Yes,Yes,www.cbit.ac.in,Chemical & Biotechnology,37.49473684210526,65.3,54.2,Premium,Good,Top 200
Nalla Malla Reddy Engineering College,CIVIL ENGINEERING,Hyderabad,Telangana,"Jawaharlal Nehru Technological University, Hyderabad",201600.0,3.05,,Private,Yes,Yes,www.nmrec.edu.i n,Civil Engineering,59.68,73.8,68.2,Moderate,Good,Not Ranked
JNTUH College of Engineering,CIVIL ENGINEERING,Hyderabad,Telangana,"Jawaharlal Nehru Technological University, Hyderabad",61641.02564102564,0.0,,Government,No,No,www.jntuhcej.ac.i n,Civil Engineering,87.67179487179487,33.3,55.0,Budget-Friendly,Below Average,Not Ranked
Vignan Institute of Technology and Science,CIVIL ENGINEERING,Desh Mukhi,Telangana,"Jawaharlal Nehru Technological University, Hyderabad",251333.3333333333,0.0,151.0,Private,Yes,Yes,"www.vignanits.ac
 .in",Civil Engineering,49.733333333333334,65.3,59.1,Moderate,Good,Top 200
Vardhaman College of Engineering,CIVIL ENGINEERING,Hyderabad,Telangana,"Jawaharlal Nehru Technological University, Hyderabad",299292.3076923077,3.24,151.0,Private - Autonomous,Yes,Yes,www.vardhaman. org,Civil Engineering,40.14153846153846,65.2,55.2,Moderate,Good,Top 200
Sreenidhi Institute of Science and Technology,CIVIL ENGINEERING,Yamnampet,Telangana,"Jawaharlal Nehru Technological University, Hyderabad",276384.6153846154,0.0,,Private - Autonomous,Yes,Yes,www.sreenidhi.e du.in,Civil Engineering,44.723076923076924,86.7,69.9,Moderate,Excellent,Not Ranked
Gokaraju Rangaraju Institute of Engineering and Technology,CIVIL ENGINEERING,Hyderabad,Telangana,"Jawaharlal Nehru Technological University, Hyderabad",313500.0,3.15,,Private,Yes,Not Available,www.griet.ac.in,Civil Engineering,38.65,58.2,50.4,Premium,Average,Not Ranked
Guru Nanak Institute of Technology,CIVIL ENGINEERING,Kolkata,West Bengal,"Maulana Abul Kalam Azad University of Technology, Kolkata",234727.2727272728,0.0,,Private,Yes,Yes,www.gnithyd.ac.i n,Civil Engineering,53.05454545454544,86.7,73.2,Moderate,Excellent,Not Ranked
Chaitanya Bharathi Institute of Technology,CIVIL ENGINEERING,Hyderabad,Telangana,"Osmania University, Hyderabad",325052.63157894736,3.11,151.0,"Private -
 Autonomous",Yes,Yes,www.cbit.ac.in,Civil Engineering,37.49473684210526,65.3,54.2,Premium,Good,Top 200
Kakatiya Institute of Technology and Science,CIVIL ENGINEERING,Warangal,Telangana,"Kakatiya University, Warangal",261428.57142857145,0.0,,Private - Autonomous,Yes,Yes,www.kitsw.ac.in,Civil Engineering,47.71428571428571,86.7,71.1,Moderate,Excellent,Not Ranked
VNR Vignana Jyothi Institute of Engineering and Technology,CIVIL ENGINEERING,Hyderabad,Telangana,"Jawaharlal Nehru Technological University, Hyderabad",225792.0,3.73,,Private - Autonomous,Yes,Yes,www.vnrvjiet.ac.i n,Civil Engineering,54.8416,80.6,70.3,Moderate,Excellent,Not Ranked
CVR College of Engineering,CIVIL ENGINEERING,Hyderabad,Telangana,"Jawaharlal Nehru Technological University, Hyderabad",207000.0,3.12,151.0,Private - Autonomous,Yes,Yes,www.cvr.ac.in,Civil Engineering,58.6,64.4,62.1,Moderate,Good,Top 200
CMR Institute of Technology,CIVIL ENGINEERING,Hyderabad,Telangana,"Jawaharlal Nehru Technological University, Hyderabad",248000.0,3.16,,Private,Yes,Yes,www.cmrit.ac.in,Civil Engineering,50.4,79.0,67.6,Moderate,Good,Not Ranked
MS Engineering College,CIVIL ENGINEERING,Bengaluru,Karnataka,"Visvesvaraya Technological University, Belagavi",168692.50000000003,0.0,,Private,Yes,Yes,www.saec.ac.in,Civil Engineering,66.2615,86.7,78.5,Affordable,Excellent,Not Ranked
Malla Reddy Engineering College,CIVIL ENGINEERING,Secunderabad,Telangana,"Jawaharlal Nehru Technological University, Hyderabad",168615.38461538462,3.2,,Private - Autonomous,Yes,Yes,www.mrec.ac.in,Civil Engineering,66.27692307692308,75.3,71.7,Affordable,Good,Not Ranked
Guru Nanak Institutions Technical Campus,CIVIL ENGINEERING,Hyderabad,Telangana,"Jawaharlal Nehru Technological University, Hyderabad",238833.3333333333,3.53,,Private - Autonomous,Yes,Yes,www.gniindia.org,Civil Engineering,52.233333333333334,78.6,68.1,Moderate,Good,Not Ranked
Malla Reddy Institute of Technology and Sciences,CIVIL ENGINEERING,Hyderabad,Telangana,"Jawaharlal Nehru Technological University, Hyderabad",139200.0,0.0,,Private,Yes,Yes,www.mrits.ac.in,Civil Engineering,72.16,86.7,80.9,Affordable,Excellent,Not Ranked
MLR Institute of Technology,COMPUTER SCEINCE & ENGINEERING,Hyderabad,Telangana,"Jawaharlal Nehru Technological University, Hyderabad",219000.0,3.12,,Private - Autonomous,Yes,Yes,www.mlrinstituti ons.,Other Engineering,56.2,74.5,67.2,Moderate,Good,Not Ranked
JNTUH College of Engineering,COMPUTER SCIENCE & ENGINEERING,Hyderabad,Telangana,"Jawaharlal Nehru Technological University, Hyderabad",61641.02564102564,0.0,,Government,No,No,www.jntuhcej.ac.i n,Computer Science & IT,87.67179487179487,33.3,55.0,Budget-Friendly,Below Average,Not Ranked
Nalla Malla Reddy Engineering College,COMPUTER SCIENCE & ENGINEERING,Hyderabad,Telangana,"Jawaharlal Nehru Technological University, Hyderabad",201600.0,3.05,,Private,Yes,Yes,www.nmrec.edu.i n,Computer Science & IT,59.68,73.8,68.2,Moderate,Good,Not Ranked
Chaitanya Bharathi Institute of Technology,COMPUTER SCIENCE & ENGINEERING,Hyderabad,Telangana,"Osmania University, Hyderabad",325052.63157894736,3.11,151.0,"Private -
 Autonomous",Yes,Yes,www.cbit.ac.in,Computer Science & IT,37.49473684210526,65.3,54.2,Premium,Good,Top 200
Kakatiya Institute of Technology and Science,COMPUTER SCIENCE & ENGINEERING,Warangal,Telangana,"Kakatiya University, Warangal",261428.57142857145,0.0,,Private - Autonomous,Yes,Yes,www.kitsw.ac.in,Computer Science & IT,47.71428571428571,86.7,71.1,Moderate,Excellent,Not Ranked
Guru Nanak Institutions Technical Campus,COMPUTER SCIENCE & ENGINEERING,Hyderabad,Telangana,"Jawaharlal Nehru Technological University, Hyderabad",238833.3333333333,3.53,,Private - Autonomous,Yes,Yes,www.gniindia.org,Computer Science & IT,52.233333333333334,78.6,68.1,Moderate,Good,Not Ranked
Sreenidhi Institute of Science and Technology,COMPUTER SCIENCE & ENGINEERING,Yamnampet,Telangana,"Jawaharlal Nehru Technological University, Hyderabad",276384.6153846154,0.0,,Private - Autonomous,Yes,Yes,www.sreenidhi.e du.in,Computer Science & IT,44.723076923076924,86.7,69.9,Moderate,Excellent,Not Ranked
Kakatiya Institute of Technology and Science,COMPUTER SCIENCE & ENGINEERING(NETWORKS),Warangal,Telangana,"Kakatiya University, Warangal",261428.57142857145,0.0,,Private - Autonomous,Yes,Yes,www.kitsw.ac.in,Computer Science & IT,47.71428571428571,86.7,71.1,Moderate,Excellent,Not Ranked
Guru Nanak Institutions Technical Campus,COMPUTER SCIENCE AND ENGINEERING,Hyderabad,Telangana,"Jawaharlal Nehru Technological University, Hyderabad",238833.3333333333,3.53,,Private - Autonomous,Yes,Yes,www.gniindia.org,Computer Science & IT,52.233333333333334,78.6,68.1,Moderate,Good,Not Ranked
Vignan Institute of Technology and Science,COMPUTER SCIENCE AND ENGINEERING,Desh Mukhi,Telangana,"Jawaharlal Nehru Technological University, Hyderabad",251333.3333333333,0.0,151.0,Private,Yes,Yes,"www.vignanits.ac
 .in",Computer Science & IT,49.733333333333334,65.3,59.1,Moderate,Good,Top 200
Malla Reddy Institute of Technology and Sciences,COMPUTER SCIENCE AND ENGINEERING,Hyderabad,Telangana,"Jawaharlal Nehru Technological University, Hyderabad",139200.0,0.0,,Private,Yes,Yes,www.mrits.ac.in,Computer Science & IT,72.16,86.7,80.9,Affordable,Excellent,Not Ranked
Guru Nanak Institute of Technology,COMPUTER SCIENCE AND ENGINEERING,Kolkata,West Bengal,"Maulana Abul Kalam Azad University of Technology, Kolkata",234727.2727272728,0.0,,Private,Yes,Yes,www.gnithyd.ac.i n,Computer Science & IT,53.05454545454544,86.7,73.2,Moderate,Excellent,Not Ranked
G Narayanamma Institute of Technology and Science For Women,COMPUTER SCIENCE AND ENGINEERING,Hyderabad,Telangana,"Jawaharlal Nehru Technological University, Hyderabad",337500.0,2.53,,Private,Yes,Yes,www.gnits.ac.in,Computer Science & IT,36.25,68.6,55.7,Premium,Good,Not Ranked
MS Engineering College,COMPUTER SCIENCE AND ENGINEERING,Bengaluru,Karnataka,"Visvesvaraya Technological University, Belagavi",168692.50000000003,0.0,,Private,Yes,Yes,www.saec.ac.in,Computer Science & IT,66.2615,86.7,78.5,Affordable,Excellent,Not Ranked
Malla Reddy Institute of Engineering and Technology,COMPUTER SCIENCE AND ENGINEERING,Secunderabad,Telangana,"Jawaharlal Nehru Technological University, Hyderabad",131250.0,0.0,,Private,Yes,Yes,www.mriet.ac.in,Computer Science & IT,73.75,86.7,81.5,Affordable,Excellent,Not Ranked
Malla Reddy College of Engineering and Technology,COMPUTER SCIENCE AND ENGINEERING,Hyderabad,Telangana,"Jawaharlal Nehru Technological University, Hyderabad",165333.33333333334,3.2,,Private - Autonomous,Yes,Yes,www.mrcet.ac.in,Computer Science & IT,66.93333333333334,75.3,72.0,Affordable,Good,Not Ranked
Malla Reddy College of Engineering,COMPUTER SCIENCE AND ENGINEERING,Secunderabad,Telangana,"Jawaharlal Nehru Technological University, Hyderabad",139769.23076923078,0.0,,Private,Yes,Yes,www.mrce.in,Computer Science & IT,72.04615384615384,86.7,80.8,Affordable,Excellent,Not Ranked
Malla Reddy Engineering College for Women,COMPUTER SCIENCE AND ENGINEERING,Secunderabad,Telangana,"Jawaharlal Nehru Technological University, Hyderabad",121142.85714285714,3.05,,Private,Yes,Yes,www.mallareddy ecw.co,Computer Science & IT,75.77142857142857,73.8,74.6,Affordable,Good,Not Ranked
Vardhaman College of Engineering,COMPUTER SCIENCE AND ENGINEERING,Hyderabad,Telangana,"Jawaharlal Nehru Technological University, Hyderabad",299292.3076923077,3.24,151.0,Private - Autonomous,Yes,Yes,www.vardhaman. org,Computer Science & IT,40.14153846153846,65.2,55.2,Moderate,Good,Top 200
VNR Vignana Jyothi Institute of Engineering and Technology,COMPUTER SCIENCE AND ENGINEERING,Hyderabad,Telangana,"Jawaharlal Nehru Technological University, Hyderabad",225792.0,3.73,,Private - Autonomous,Yes,Yes,www.vnrvjiet.ac.i n,Computer Science & IT,54.8416,80.6,70.3,Moderate,Excellent,Not Ranked
Malla Reddy Engineering College,COMPUTER SCIENCE AND ENGINEERING,Secunderabad,Telangana,"Jawaharlal Nehru Technological University, Hyderabad",168615.38461538462,3.2,,Private - Autonomous,Yes,Yes,www.mrec.ac.in,Computer Science & IT,66.27692307692308,75.3,71.7,Affordable,Good,Not Ranked
CMR Institute of Technology,COMPUTER SCIENCE AND ENGINEERING,Hyderabad,Telangana,"Jawaharlal Nehru Technological University, Hyderabad",248000.0,3.16,,Private,Yes,Yes,www.cmrit.ac.in,Computer Science & IT,50.4,79.0,67.6,Moderate,Good,Not Ranked
CVR College of Engineering,COMPUTER SCIENCE AND ENGINEERING,Hyderabad,Telangana,"Jawaharlal Nehru Technological University, Hyderabad",207000.0,3.12,151.0,Private - Autonomous,Yes,Yes,www.cvr.ac.in,Computer Science & IT,58.6,64.4,62.1,Moderate,Good,Top 200
Gokaraju Rangaraju Institute of Engineering and Technology,COMPUTER SCIENCE AND ENGINEERING,Hyderabad,Telangana,"Jawaharlal Nehru Technological University, Hyderabad",313500.0,3.15,,Private,Yes,Not Available,www.griet.ac.in,Computer Science & IT,38.65,58.2,50.4,Premium,Average,Not Ranked
Nalla Malla Reddy Engineering College,ELECTRICAL AND ELECTRONICS ENGINEERING,Hyderabad,Telangana,"Jawaharlal Nehru Technological University, Hyderabad",201600.0,3.05,,Private,Yes,Yes,www.nmrec.edu.i n,Electronics & Communication,59.68,73.8,68.2,Moderate,Good,Not Ranked
JNTUH College of Engineering,ELECTRICAL AND ELECTRONICS ENGINEERING,Hyderabad,Telangana,"Jawaharlal Nehru Technological University, Hyderabad",61641.02564102564,0.0,,Government,No,No,www.jntuhcej.ac.i n,Electronics & Communication,87.67179487179487,33.3,55.0,Budget-Friendly,Below Average,Not Ranked
Vignan Institute of Technology and Science,ELECTRICAL AND ELECTRONICS ENGINEERING,Desh Mukhi,Telangana,"Jawaharlal Nehru Technological University, Hyderabad",251333.3333333333,0.0,151.0,Private,Yes,Yes,"www.vignanits.ac
 .in",Electronics & Communication,49.733333333333334,65.3,59.1,Moderate,Good,Top 200
Malla Reddy College of Engineering and Technology,ELECTRICAL AND ELECTRONICS ENGINEERING,Hyderabad,Telangana,"Jawaharlal Nehru Technological University, Hyderabad",165333.33333333334,3.2,,Private - Autonomous,Yes,Yes,www.mrcet.ac.in,Electronics & Communication,66.93333333333334,75.3,72.0,Affordable,Good,Not Ranked
Guru Nanak Institute of Technology,ELECTRICAL AND ELECTRONICS ENGINEERING,Kolkata,West Bengal,"Maulana Abul Kalam Azad University of Technology, Kolkata",234727.2727272728,0.0,,Private,Yes,Yes,www.gnithyd.ac.i n,Electronics & Communication,53.05454545454544,86.7,73.2,Moderate,Excellent,Not Ranked
MLR Institute of Technology,ELECTRICAL AND ELECTRONICS ENGINEERING,Hyderabad,Telangana,"Jawaharlal Nehru Technological University, Hyderabad",219000.0,3.12,,Private - Autonomous,Yes,Yes,www.mlrinstituti ons.,Electronics & Communication,56.2,74.5,67.2,Moderate,Good,Not Ranked
Malla Reddy Institute of Engineering and Technology,ELECTRICAL AND ELECTRONICS ENGINEERING,Secunderabad,Telangana,"Jawaharlal Nehru Technological University, Hyderabad",131250.0,0.0,,Private,Yes,Yes,www.mriet.ac.in,Electronics & Communication,73.75,86.7,81.5,Affordable,Excellent,Not Ranked
Gokaraju Rangaraju Institute of Engineering and Technology,ELECTRICAL AND ELECTRONICS ENGINEERING,Hyderabad,Telangana,"Jawaharlal Nehru Technological University, Hyderabad",313500.0,3.15,,Private,Yes,Not Available,www.griet.ac.in,Electronics & Communication,38.65,58.2,50.4,Premium,Average,Not Ranked
Chaitanya Bharathi Institute of Technology,ELECTRICAL AND ELECTRONICS ENGINEERING,Hyderabad,Telangana,"Osmania University, Hyderabad",325052.63157894736,3.11,151.0,"Private -
 Autonomous",Yes,Yes,www.cbit.ac.in,Electronics & Communication,37.49473684210526,65.3,54.2,Premium,Good,Top 200
Kakatiya Institute of Technology and Science,ELECTRICAL AND ELECTRONICS ENGINEERING,Warangal,Telangana,"Kakatiya University, Warangal",261428.57142857145,0.0,,Private - Autonomous,Yes,Yes,www.kitsw.ac.in,Electronics & Communication,47.71428571428571,86.7,71.1,Moderate,Excellent,Not Ranked
Vardhaman College of Engineering,ELECTRICAL AND ELECTRONICS ENGINEERING,Hyderabad,Telangana,"Jawaharlal Nehru Technological University, Hyderabad",299292.3076923077,3.24,151.0,Private - Autonomous,Yes,Yes,www.vardhaman. org,Electronics & Communication,40.14153846153846,65.2,55.2,Moderate,Good,Top 200
VNR Vignana Jyothi Institute of Engineering and Technology,ELECTRICAL AND ELECTRONICS ENGINEERING,Hyderabad,Telangana,"Jawaharlal Nehru Technological University, Hyderabad",225792.0,3.73,,Private - Autonomous,Yes,Yes,www.vnrvjiet.ac.i n,Electronics & Communication,54.8416,80.6,70.3,Moderate,Excellent,Not Ranked
Malla Reddy Engineering College,ELECTRICAL AND ELECTRONICS ENGINEERING,Secunderabad,Telangana,"Jawaharlal Nehru Technological University, Hyderabad",168615.38461538462,3.2,,Private - Autonomous,Yes,Yes,www.mrec.ac.in,Electronics & Communication,66.27692307692308,75.3,71.7,Affordable,Good,Not Ranked
Guru Nanak Institutions Technical Campus,ELECTRICAL AND ELECTRONICS ENGINEERING,Hyderabad,Telangana,"Jawaharlal Nehru Technological University, Hyderabad",238833.3333333333,3.53,,Private - Autonomous,Yes,Yes,www.gniindia.org,Electronics & Communication,52.233333333333334,78.6,68.1,Moderate,Good,Not Ranked
CVR College of Engineering,ELECTRICAL AND ELECTRONICS ENGINEERING,Hyderabad,Telangana,"Jawaharlal Nehru Technological University, Hyderabad",207000.0,3.12,151.0,Private - Autonomous,Yes,Yes,www.cvr.ac.in,Electronics & Communication,58.6,64.4,62.1,Moderate,Good,Top 200
G Narayanamma Institute of Technology and Science For Women,ELECTRICAL AND ELECTRONICS ENGINEERING,Hyderabad,Telangana,"Jawaharlal Nehru Technological University, Hyderabad",337500.0,2.53,,Private,Yes,Yes,www.gnits.ac.in,Electronics & Communication,36.25,68.6,55.7,Premium,Good,Not Ranked
MS Engineering College,ELECTRICAL AND ELECTRONICS ENGINEERING,Bengaluru,Karnataka,"Visvesvaraya Technological University, Belagavi",168692.50000000003,0.0,,Private,Yes,Yes,www.saec.ac.in,Electronics & Communication,66.2615,86.7,78.5,Affordable,Excellent,Not Ranked
Malla Reddy Engineering College for Women,ELECTRICAL AND ELECTRONICS ENGINEERING,Secunderabad,Telangana,"Jawaharlal Nehru Technological University, Hyderabad",121142.85714285714,3.05,,Private,Yes,Yes,www.mallareddy ecw.co,Electronics & Communication,75.77142857142857,73.8,74.6,Affordable,Good,Not Ranked
Sreenidhi Institute of Science and Technology,ELECTRICAL AND ELECTRONICS ENGINEERING,Yamnampet,Telangana,"Jawaharlal Nehru Technological University, Hyderabad",276384.6153846154,0.0,,Private - Autonomous,Yes,Yes,www.sreenidhi.e du.in,Electronics & Communication,44.723076923076924,86.7,69.9,Moderate,Excellent,Not Ranked
JNTUH College of Engineering,ELECTRONICS & COMMUNICATION ENGG,Hyderabad,Telangana,"Jawaharlal Nehru Technological University, Hyderabad",61641.02564102564,0.0,,Government,No,No,www.jntuhcej.ac.i n,Electronics & Communication,87.67179487179487,33.3,55.0,Budget-Friendly,Below Average,Not Ranked
Nalla Malla Reddy Engineering College,ELECTRONICS & COMMUNICATION ENGG,Hyderabad,Telangana,"Jawaharlal Nehru Technological University, Hyderabad",201600.0,3.05,,Private,Yes,Yes,www.nmrec.edu.i n,Electronics & Communication,59.68,73.8,68.2,Moderate,Good,Not Ranked
Malla Reddy Institute of Technology and Sciences,ELECTRONICS & COMMUNICATION ENGG,Hyderabad,Telangana,"Jawaharlal Nehru Technological University, Hyderabad",139200.0,0.0,,Private,Yes,Yes,www.mrits.ac.in,Electronics & Communication,72.16,86.7,80.9,Affordable,Excellent,Not Ranked
Chaitanya Bharathi Institute of Technology,ELECTRONICS & COMMUNICATION ENGG,Hyderabad,Telangana,"Osmania University, Hyderabad",325052.63157894736,3.11,151.0,"Private -
 Autonomous",Yes,Yes,www.cbit.ac.in,Electronics & Communication,37.49473684210526,65.3,54.2,Premium,Good,Top 200
Kakatiya Institute of Technology and Science,ELECTRONICS & COMMUNICATION ENGG,Warangal,Telangana,"Kakatiya University, Warangal",261428.57142857145,0.0,,Private - Autonomous,Yes,Yes,www.kitsw.ac.in,Electronics & Communication,47.71428571428571,86.7,71.1,Moderate,Excellent,Not Ranked
G Narayanamma Institute of Technology and Science For Women,ELECTRONICS & COMMUNICATION ENGG,Hyderabad,Telangana,"Jawaharlal Nehru Technological University, Hyderabad",337500.0,2.53,,Private,Yes,Yes,www.gnits.ac.in,Electronics & Communication,36.25,68.6,55.7,Premium,Good,Not Ranked
Malla Reddy Engineering College for Women,ELECTRONICS & COMMUNICATION ENGG,Secunderabad,Telangana,"Jawaharlal Nehru Technological University, Hyderabad",121142.85714285714,3.05,,Private,Yes,Yes,www.mallareddy ecw.co,Electronics & Communication,75.77142857142857,73.8,74.6,Affordable,Good,Not Ranked
VNR Vignana Jyothi Institute of Engineering and Technology,ELECTRONICS & COMMUNICATION ENGG,Hyderabad,Telangana,"Jawaharlal Nehru Technological University, Hyderabad",225792.0,3.73,,Private - Autonomous,Yes,Yes,www.vnrvjiet.ac.i n,Electronics & Communication,54.8416,80.6,70.3,Moderate,Excellent,Not Ranked
CVR College of Engineering,ELECTRONICS & COMMUNICATION ENGG,Hyderabad,Telangana,"Jawaharlal Nehru Technological University, Hyderabad",207000.0,3.12,151.0,Private - Autonomous,Yes,Yes,www.cvr.ac.in,Electronics & Communication,58.6,64.4,62.1,Moderate,Good,Top 200
Gokaraju Rangaraju Institute of Engineering and Technology,ELECTRONICS & COMMUNICATION ENGG,Hyderabad,Telangana,"Jawaharlal Nehru Technological University, Hyderabad",313500.0,3.15,,Private,Yes,Not Available,www.griet.ac.in,Electronics & Communication,38.65,58.2,50.4,Premium,Average,Not Ranked
Sreenidhi Institute of Science and Technology,ELECTRONICS & COMMUNICATION ENGG,Yamnampet,Telangana,"Jawaharlal Nehru Technological University, Hyderabad",276384.6153846154,0.0,,Private - Autonomous,Yes,Yes,www.sreenidhi.e du.in,Electronics & Communication,44.723076923076924,86.7,69.9,Moderate,Excellent,Not Ranked
Kakatiya Institute of Technology and Science,ELECTRONICS & INSTRUMENTATION ENGINEERING,Warangal,Telangana,"Kakatiya University, Warangal",261428.57142857145,0.0,,Private - Autonomous,Yes,Yes,www.kitsw.ac.in,Electronics & Communication,47.71428571428571,86.7,71.1,Moderate,Excellent,Not Ranked
Guru Nanak Institute of Technology,ELECTRONICS AND COMMUNICATIONS ENGINEERING,Kolkata,West Bengal,"Maulana Abul Kalam Azad University of Technology, Kolkata",234727.2727272728,0.0,,Private,Yes,Yes,www.gnithyd.ac.i n,Electronics & Communication,53.05454545454544,86.7,73.2,Moderate,Excellent,Not Ranked
Vignan Institute of Technology and Science,ELECTRONICS AND COMMUNICATIONS ENGINEERING,Desh Mukhi,Telangana,"Jawaharlal Nehru Technological University, Hyderabad",251333.3333333333,0.0,151.0,Private,Yes,Yes,"www.vignanits.ac
 .in",Electronics & Communication,49.733333333333334,65.3,59.1,Moderate,Good,Top 200
Malla Reddy College of Engineering,ELECTRONICS AND COMMUNICATIONS ENGINEERING,Secunderabad,Telangana,"Jawaharlal Nehru Technological University, Hyderabad",139769.23076923078,0.0,,Private,Yes,Yes,www.mrce.in,Electronics & Communication,72.04615384615384,86.7,80.8,Affordable,Excellent,Not Ranked
Malla Reddy Engineering College,ELECTRONICS AND COMMUNICATIONS ENGINEERING,Secunderabad,Telangana,"Jawaharlal Nehru Technological University, Hyderabad",168615.38461538462,3.2,,Private - Autonomous,Yes,Yes,www.mrec.ac.in,Electronics & Communication,66.27692307692308,75.3,71.7,Affordable,Good,Not Ranked
MS Engineering College,ELECTRONICS AND COMMUNICATIONS ENGINEERING,Bengaluru,Karnataka,"Visvesvaraya Technological University, Belagavi",168692.50000000003,0.0,,Private,Yes,Yes,www.saec.ac.in,Electronics & Communication,66.2615,86.7,78.5,Affordable,Excellent,Not Ranked
Malla Reddy Institute of Engineering and Technology,ELECTRONICS AND COMMUNICATIONS ENGINEERING,Secunderabad,Telangana,"Jawaharlal Nehru Technological University, Hyderabad",131250.0,0.0,,Private,Yes,Yes,www.mriet.ac.in,Electronics & Communication,73.75,86.7,81.5,Affordable,Excellent,Not Ranked
Malla Reddy College of Engineering and Technology,ELECTRONICS AND COMMUNICATIONS ENGINEERING,Hyderabad,Telangana,"Jawaharlal Nehru Technological University, Hyderabad",165333.33333333334,3.2,,Private - Autonomous,Yes,Yes,www.mrcet.ac.in,Electronics & Communication,66.93333333333334,75.3,72.0,Affordable,Good,Not Ranked
MLR Institute of Technology,ELECTRONICS AND COMMUNICATIONS ENGINEERING,Hyderabad,Telangana,"Jawaharlal Nehru Technological University, Hyderabad",219000.0,3.12,,Private - Autonomous,Yes,Yes,www.mlrinstituti ons.,Electronics & Communication,56.2,74.5,67.2,Moderate,Good,Not Ranked
Vardhaman College of Engineering,ELECTRONICS AND COMMUNICATIONS ENGINEERING,Hyderabad,Telangana,"Jawaharlal Nehru Technological University, Hyderabad",299292.3076923077,3.24,151.0,Private - Autonomous,Yes,Yes,www.vardhaman. org,Electronics & Communication,40.14153846153846,65.2,55.2,Moderate,Good,Top 200
CMR Institute of Technology,ELECTRONICS AND COMMUNICATIONS ENGINEERING,Hyderabad,Telangana,"Jawaharlal Nehru Technological University, Hyderabad",248000.0,3.16,,Private,Yes,Yes,www.cmrit.ac.in,Electronics & Communication,50.4,79.0,67.6,Moderate,Good,Not Ranked
Guru Nanak Institutions Technical Campus,ELECTRONICS AND COMMUNICATIONS ENGINEERING,Hyderabad,Telangana,"Jawaharlal Nehru Technological University, Hyderabad",238833.3333333333,3.53,,Private - Autonomous,Yes,Yes,www.gniindia.org,Electronics & Communication,52.233333333333334,78.6,68.1,Moderate,Good,Not Ranked
Malla Reddy College of Engineering,ELECTRONICS AND COMPUTER ENGINEERING,Secunderabad,Telangana,"Jawaharlal Nehru Technological University, Hyderabad",139769.23076923078,0.0,,Private,Yes,Yes,www.mrce.in,Computer Science & IT,72.04615384615384,86.7,80.8,Affordable,Excellent,Not Ranked
Sreenidhi Institute of Science and Technology,ELECTRONICS AND COMPUTER ENGINEERING,Yamnampet,Telangana,"Jawaharlal Nehru Technological University, Hyderabad",276384.6153846154,0.0,,Private - Autonomous,Yes,Yes,www.sreenidhi.e du.in,Computer Science & IT,44.723076923076924,86.7,69.9,Moderate,Excellent,Not Ranked
Vignan Institute of Technology and Science,ELECTRONICS AND INSTRUMENTATION ENGINEERING,Desh Mukhi,Telangana,"Jawaharlal Nehru Technological University, Hyderabad",251333.3333333333,0.0,151.0,Private,Yes,Yes,"www.vignanits.ac
 .in",Electronics & Communication,49.733333333333334,65.3,59.1,Moderate,Good,Top 200
CVR College of Engineering,ELECTRONICS AND INSTRUMENTATION ENGINEERING,Hyderabad,Telangana,"Jawaharlal Nehru Technological University, Hyderabad",207000.0,3.12,151.0,Private - Autonomous,Yes,Yes,www.cvr.ac.in,Electronics & Communication,58.6,64.4,62.1,Moderate,Good,Top 200
VNR Vignana Jyothi Institute of Engineering and Technology,ELECTRONICS AND INSTRUMENTATION ENGINEERING,Hyderabad,Telangana,"Jawaharlal Nehru Technological University, Hyderabad",225792.0,3.73,,Private - Autonomous,Yes,Yes,www.vnrvjiet.ac.i n,Electronics & Communication,54.8416,80.6,70.3,Moderate,Excellent,Not Ranked
G Narayanamma Institute of Technology and Science For Women,ELECTRONICS AND TELEMATICS ENGINEERING,Hyderabad,Telangana,"Jawaharlal Nehru Technological University, Hyderabad",337500.0,2.53,,Private,Yes,Yes,www.gnits.ac.in,Electronics & Communication,36.25,68.6,55.7,Premium,Good,Not Ranked
Kakatiya Institute of Technology and Science,ELECTRONICS COMMUNICATION AND INSTRUMENTATION ENGG,Warangal,Telangana,"Kakatiya University, Warangal",261428.57142857145,0.0,,Private - Autonomous,Yes,Yes,www.kitsw.ac.in,Electronics & Communication,47.71428571428571,86.7,71.1,Moderate,Excellent,Not Ranked
Malla Reddy Institute of Engineering and Technology,INFORMATION TECHNOLOGY,Secunderabad,Telangana,"Jawaharlal Nehru Technological University, Hyderabad",131250.0,0.0,,Private,Yes,Yes,www.mriet.ac.in,Computer Science & IT,73.75,86.7,81.5,Affordable,Excellent,Not Ranked
Malla Reddy Institute of Technology and Sciences,INFORMATION TECHNOLOGY,Hyderabad,Telangana,"Jawaharlal Nehru Technological University, Hyderabad",139200.0,0.0,,Private,Yes,Yes,www.mrits.ac.in,Computer Science & IT,72.16,86.7,80.9,Affordable,Excellent,Not Ranked
Guru Nanak Institute of Technology,INFORMATION TECHNOLOGY,Kolkata,West Bengal,"Maulana Abul Kalam Azad University of Technology, Kolkata",234727.2727272728,0.0,,Private,Yes,Yes,www.gnithyd.ac.i n,Computer Science & IT,53.05454545454544,86.7,73.2,Moderate,Excellent,Not Ranked
Malla Reddy College of Engineering,INFORMATION TECHNOLOGY,Secunderabad,Telangana,"Jawaharlal Nehru Technological University, Hyderabad",139769.23076923078,0.0,,Private,Yes,Yes,www.mrce.in,Computer Science & IT,72.04615384615384,86.7,80.8,Affordable,Excellent,Not Ranked
Kakatiya Institute of Technology and Science,INFORMATION TECHNOLOGY,Warangal,Telangana,"Kakatiya University, Warangal",261428.57142857145,0.0,,Private - Autonomous,Yes,Yes,www.kitsw.ac.in,Computer Science & IT,47.71428571428571,86.7,71.1,Moderate,Excellent,Not Ranked
Malla Reddy Engineering College for Women,INFORMATION TECHNOLOGY,Secunderabad,Telangana,"Jawaharlal Nehru Technological University, Hyderabad",121142.85714285714,3.05,,Private,Yes,Yes,www.mallareddy ecw.co,Computer Science & IT,75.77142857142857,73.8,74.6,Affordable,Good,Not Ranked
Malla Reddy Engineering College,INFORMATION TECHNOLOGY,Secunderabad,Telangana,"Jawaharlal Nehru Technological University, Hyderabad",168615.38461538462,3.2,,Private - Autonomous,Yes,Yes,www.mrec.ac.in,Computer Science & IT,66.27692307692308,75.3,71.7,Affordable,Good,Not Ranked
Guru Nanak Institutions Technical Campus,INFORMATION TECHNOLOGY,Hyderabad,Telangana,"Jawaharlal Nehru Technological University, Hyderabad",238833.3333333333,3.53,,Private - Autonomous,Yes,Yes,www.gniindia.org,Computer Science & IT,52.233333333333334,78.6,68.1,Moderate,Good,Not Ranked
MLR Institute of Technology,INFORMATION TECHNOLOGY,Hyderabad,Telangana,"Jawaharlal Nehru Technological University, Hyderabad",219000.0,3.12,,Private - Autonomous,Yes,Yes,www.mlrinstituti ons.,Computer Science & IT,56.2,74.5,67.2,Moderate,Good,Not Ranked
Vardhaman College of Engineering,INFORMATION TECHNOLOGY,Hyderabad,Telangana,"Jawaharlal Nehru Technological University, Hyderabad",299292.3076923077,3.24,151.0,Private - Autonomous,Yes,Yes,www.vardhaman. org,Computer Science & IT,40.14153846153846,65.2,55.2,Moderate,Good,Top 200
CVR College of Engineering,INFORMATION TECHNOLOGY,Hyderabad,Telangana,"Jawaharlal Nehru Technological University, Hyderabad",207000.0,3.12,151.0,Private - Autonomous,Yes,Yes,www.cvr.ac.in,Computer Science & IT,58.6,64.4,62.1,Moderate,Good,Top 200
Gokaraju Rangaraju Institute of Engineering and Technology,INFORMATION TECHNOLOGY,Hyderabad,Telangana,"Jawaharlal Nehru Technological University, Hyderabad",313500.0,3.15,,Private,Yes,Not Available,www.griet.ac.in,Computer Science & IT,38.65,58.2,50.4,Premium,Average,Not Ranked
Malla Reddy College of Engineering and Technology,INFORMATION TECHNOLOGY,Hyderabad,Telangana,"Jawaharlal Nehru Technological University, Hyderabad",165333.33333333334,3.2,,Private - Autonomous,Yes,Yes,www.mrcet.ac.in,Computer Science & IT,66.93333333333334,75.3,72.0,Affordable,Good,Not Ranked
Chaitanya Bharathi Institute of Technology,INFORMATION TECHNOLOGY,Hyderabad,Telangana,"Osmania University, Hyderabad",325052.63157894736,3.11,151.0,"Private -
 Autonomous",Yes,Yes,www.cbit.ac.in,Computer Science & IT,37.49473684210526,65.3,54.2,Premium,Good,Top 200
VNR Vignana Jyothi Institute of Engineering and Technology,INFORMATION TECHNOLOGY,Hyderabad,Telangana,"Jawaharlal Nehru Technological University, Hyderabad",225792.0,3.73,,Private - Autonomous,Yes,Yes,www.vnrvjiet.ac.i n,Computer Science & IT,54.8416,80.6,70.3,Moderate,Excellent,Not Ranked
G Narayanamma Institute of Technology and Science For Women,INFORMATION TECHNOLOGY,Hyderabad,Telangana,"Jawaharlal Nehru Technological University, Hyderabad",337500.0,2.53,,Private,Yes,Yes,www.gnits.ac.in,Computer Science & IT,36.25,68.6,55.7,Premium,Good,Not Ranked
Sreenidhi Institute of Science and Technology,INFORMATION TECHNOLOGY,Yamnampet,Telangana,"Jawaharlal Nehru Technological University, Hyderabad",276384.6153846154,0.0,,Private - Autonomous,Yes,Yes,www.sreenidhi.e du.in,Computer Science & IT,44.723076923076924,86.7,69.9,Moderate,Excellent,Not Ranked
JNTUH College of Engineering,MECHANICAL ENGINEERING,Hyderabad,Telangana,"Jawaharlal Nehru Technological University, Hyderabad",61641.02564102564,0.0,,Government,No,No,www.jntuhcej.ac.i n,Mechanical Engineering,87.67179487179487,33.3,55.0,Budget-Friendly,Below Average,Not Ranked
Gokaraju Rangaraju Institute of Engineering and Technology,MECHANICAL ENGINEERING,Hyderabad,Telangana,"Jawaharlal Nehru Technological University, Hyderabad",313500.0,3.15,,Private,Yes,Not Available,www.griet.ac.in,Mechanical Engineering,38.65,58.2,50.4,Premium,Average,Not Ranked
Nalla Malla Reddy Engineering College,MECHANICAL ENGINEERING,Hyderabad,Telangana,"Jawaharlal Nehru Technological University, Hyderabad",201600.0,3.05,,Private,Yes,Yes,www.nmrec.edu.i n,Mechanical Engineering,59.68,73.8,68.2,Moderate,Good,Not Ranked
Guru Nanak Institute of Technology,MECHANICAL ENGINEERING,Kolkata,West Bengal,"Maulana Abul Kalam Azad University of Technology, Kolkata",234727.2727272728,0.0,,Private,Yes,Yes,www.gnithyd.ac.i n,Mechanical Engineering,53.05454545454544,86.7,73.2,Moderate,Excellent,Not Ranked
Vardhaman College of Engineering,MECHANICAL ENGINEERING,Hyderabad,Telangana,"Jawaharlal Nehru Technological University, Hyderabad",299292.3076923077,3.24,151.0,Private - Autonomous,Yes,Yes,www.vardhaman. org,Mechanical Engineering,40.14153846153846,65.2,55.2,Moderate,Good,Top 200
VNR Vignana Jyothi Institute of Engineering and Technology,MECHANICAL ENGINEERING,Hyderabad,Telangana,"Jawaharlal Nehru Technological University, Hyderabad",225792.0,3.73,,Private - Autonomous,Yes,Yes,www.vnrvjiet.ac.i n,Mechanical Engineering,54.8416,80.6,70.3,Moderate,Excellent,Not Ranked
CMR Institute of Technology,MECHANICAL ENGINEERING,Hyderabad,Telangana,"Jawaharlal Nehru Technological University, Hyderabad",248000.0,3.16,,Private,Yes,Yes,www.cmrit.ac.in,Mechanical Engineering,50.4,79.0,67.6,Moderate,Good,Not Ranked
MS Engineering College,MECHANICAL ENGINEERING,Bengaluru,Karnataka,"Visvesvaraya Technological University, Belagavi",168692.50000000003,0.0,,Private,Yes,Yes,www.saec.ac.in,Mechanical Engineering,66.2615,86.7,78.5,Affordable,Excellent,Not Ranked
Vignan Institute of Technology and Science,MECHANICAL ENGINEERING,Desh Mukhi,Telangana,"Jawaharlal Nehru Technological University, Hyderabad",251333.3333333333,0.0,151.0,Private,Yes,Yes,"www.vignanits.ac
 .in",Mechanical Engineering,49.733333333333334,65.3,59.1,Moderate,Good,Top 200
Malla Reddy College of Engineering and Technology,MECHANICAL ENGINEERING,Hyderabad,Telangana,"Jawaharlal Nehru Technological University, Hyderabad",165333.33333333334,3.2,,Private - Autonomous,Yes,Yes,www.mrcet.ac.in,Mechanical Engineering,66.93333333333334,75.3,72.0,Affordable,Good,Not Ranked
Malla Reddy College of Engineering,MECHANICAL ENGINEERING,Secunderabad,Telangana,"Jawaharlal Nehru Technological University, Hyderabad",139769.23076923078,0.0,,Private,Yes,Yes,www.mrce.in,Mechanical Engineering,72.04615384615384,86.7,80.8,Affordable,Excellent,Not Ranked
Chaitanya Bharathi Institute of Technology,MECHANICAL ENGINEERING,Hyderabad,Telangana,"Osmania University, Hyderabad",325052.63157894736,3.11,151.0,"Private -
 Autonomous",Yes,Yes,www.cbit.ac.in,Mechanical Engineering,37.49473684210526,65.3,54.2,Premium,Good,Top 200
MLR Institute of Technology,MECHANICAL ENGINEERING,Hyderabad,Telangana,"Jawaharlal Nehru Technological University, Hyderabad",219000.0,3.12,,Private - Autonomous,Yes,Yes,www.mlrinstituti ons.,Mechanical Engineering,56.2,74.5,67.2,Moderate,Good,Not Ranked
Kakatiya Institute of Technology and Science,MECHANICAL ENGINEERING,Warangal,Telangana,"Kakatiya University, Warangal",261428.57142857145,0.0,,Private - Autonomous,Yes,Yes,www.kitsw.ac.in,Mechanical Engineering,47.71428571428571,86.7,71.1,Moderate,Excellent,Not Ranked
Sreenidhi Institute of Science and Technology,MECHANICAL ENGINEERING,Yamnampet,Telangana,"Jawaharlal Nehru Technological University, Hyderabad",276384.6153846154,0.0,,Private - Autonomous,Yes,Yes,www.sreenidhi.e du.in,Mechanical Engineering,44.723076923076924,86.7,69.9,Moderate,Excellent,Not Ranked
Malla Reddy Engineering College,MECHANICAL ENGINEERING,Secunderabad,Telangana,"Jawaharlal Nehru Technological University, Hyderabad",168615.38461538462,3.2,,Private - Autonomous,Yes,Yes,www.mrec.ac.in,Mechanical Engineering,66.27692307692308,75.3,71.7,Affordable,Good,Not Ranked
CVR College of Engineering,MECHANICAL ENGINEERING,Hyderabad,Telangana,"Jawaharlal Nehru Technological University, Hyderabad",207000.0,3.12,151.0,Private - Autonomous,Yes,Yes,www.cvr.ac.in,Mechanical Engineering,58.6,64.4,62.1,Moderate,Good,Top 200
Guru Nanak Institutions Technical Campus,MECHANICAL ENGINEERING,Hyderabad,Telangana,"Jawaharlal Nehru Technological University, Hyderabad",238833.3333333333,3.53,,Private - Autonomous,Yes,Yes,www.gniindia.org,Mechanical Engineering,52.233333333333334,78.6,68.1,Moderate,Good,Not Ranked
JNTUH College of Engineering,METALLURGICAL ENGINEERING,Hyderabad,Telangana,"Jawaharlal Nehru Technological University, Hyderabad",61641.02564102564,0.0,,Government,No,No,www.jntuhcej.ac.i n,Mining & Metallurgy,87.67179487179487,33.3,55.0,Budget-Friendly,Below Average,Not Ranked
Malla Reddy Engineering College,MINING ENGINEERING,Secunderabad,Telangana,"Jawaharlal Nehru Technological University, Hyderabad",168615.38461538462,3.2,,Private - Autonomous,Yes,Yes,www.mrec.ac.in,Mining & Metallurgy,66.27692307692308,75.3,71.7,Affordable,Good,Not Ranked
Chaitanya Bharathi Institute of Technology,PRODUCTION ENGINEERING,Hyderabad,Telangana,"Osmania University, Hyderabad",325052.63157894736,3.11,151.0,"Private -
 Autonomous",Yes,Yes,www.cbit.ac.in,Mechanical Engineering,37.49473684210526,65.3,54.2,Premium,Good,Top 200
Dayalbagh Educational Institute,CIVIL ENGINEERING,Agra,Uttar Pradesh,Not Available,14560.0,3.14,151.0,Government,Not Available,Not Available,-,Civil Engineering,100.0,48.6,69.2,Budget-Friendly,Average,Top 200
ABES Institute of Technology,CIVIL ENGINEERING,Ghaziabad,Uttar Pradesh,"Dr APJ Abdul Kalam Technical University, Lucknow",529000.0,0.0,,Private,Not Available,Not Available,-,Civil Engineering,18.84,20.0,19.5,Expensive,Below Average,Not Ranked
ABES Institute of Technology,COMPUTER SCIENCE AND ENGINEERING,Ghaziabad,Uttar Pradesh,"Dr APJ Abdul Kalam Technical University, Lucknow",529000.0,0.0,,Private,Not Available,Not Available,-,Computer Science & IT,18.84,20.0,19.5,Expensive,Below Average,Not Ranked
Dayalbagh Educational Institute,ELECTRICAL ENGINEERING,Agra,Uttar Pradesh,Not Available,14560.0,3.14,151.0,Government,Not Available,Not Available,-,Electrical & Power,100.0,48.6,69.2,Budget-Friendly,Average,Top 200
ABES Institute of Technology,ELECTRONICS & COMMUNICATION ENGG,Ghaziabad,Uttar Pradesh,"Dr APJ Abdul Kalam Technical University, Lucknow",529000.0,0.0,,Private,Not Available,Not Available,-,Electronics & Communication,18.84,20.0,19.5,Expensive,Below Average,Not Ranked
Dayalbagh Educational Institute,FOOTWEAR TECHNOLOGY,Agra,Uttar Pradesh,Not Available,14560.0,3.14,151.0,Government,Not Available,Not Available,-,Other Engineering,100.0,48.6,69.2,Budget-Friendly,Average,Top 200
ABES Institute of Technology,INFORMATION TECHNOLOGY AND ENGINEERING,Ghaziabad,Uttar Pradesh,"Dr APJ Abdul Kalam Technical University, Lucknow",529000.0,0.0,,Private,Not Available,Not Available,-,Computer Science & IT,18.84,20.0,19.5,Expensive,Below Average,Not Ranked
Dayalbagh Educational Institute,MECHANICAL ENGINEERING,Agra,Uttar Pradesh,Not Available,14560.0,3.14,151.0,Government,Not Available,Not Available,-,Mechanical Engineering,100.0,48.6,69.2,Budget-Friendly,Average,Top 200
ABES Institute of Technology,MECHANICAL ENGINEERING,Ghaziabad,Uttar Pradesh,"Dr APJ Abdul Kalam Technical University, Lucknow",529000.0,0.0,,Private,Not Available,Not Available,-,Mechanical Engineering,18.84,20.0,19.5,Expensive,Below Average,Not Ranked
Bansal Institute of Engineering and Technology,AGRICULTURAL ENGINEERING,Lucknow,Uttar Pradesh,"Dr APJ Abdul Kalam Technical University, Lucknow",286764.7058823529,0.0,,Private,No,No,www.bansaliet.in,Agriculture & Food Tech,42.64705882352942,20.0,29.1,Moderate,Below Average,Not Ranked
Kunwar SatyaVira College of Engineering and Management,BIOTECHNOLOGY,Bijnor,Uttar Pradesh,"Dr APJ Abdul Kalam Technical University, Lucknow",233428.57142857145,0.0,,Private,No,No,www.ksvira.edu.i n,Chemical & Biotechnology,53.31428571428571,20.0,33.3,Moderate,Below Average,Not Ranked
Bansal Institute of Engineering and Technology,BIOTECHNOLOGY,Lucknow,Uttar Pradesh,"Dr APJ Abdul Kalam Technical University, Lucknow",286764.7058823529,0.0,,Private,No,No,www.bansaliet.in,Chemical & Biotechnology,42.64705882352942,20.0,29.1,Moderate,Below Average,Not Ranked
Ashoka Institute of Technology and Management,BIOTECHNOLOGY,Varanasi,Uttar Pradesh,"Dr APJ Abdul Kalam Technical University, Lucknow",326375.0,0.0,,Private,No,No,www.ashokainstit ute.,Chemical & Biotechnology,37.3625,20.0,26.9,Premium,Below Average,Not Ranked
Abhay Memorial Trust Group of Institutions,BIOTECHNOLOGY,Allahabad,Uttar Pradesh,"Dr APJ Abdul Kalam Technical University, Lucknow",161350.0,0.0,,Private,No,No,www.gcrg.in,Chemical & Biotechnology,67.73,20.0,39.1,Affordable,Below Average,Not Ranked
Meerut Institute of Engineering and Technology,BIOTECHNOLOGY,Rampur Pawti,Uttar Pradesh,"Dr APJ Abdul Kalam Technical University, Lucknow",350900.0,2.76,,Private,No,No,www.miet.ac.in,Chemical & Biotechnology,34.91,37.6,36.5,Premium,Below Average,Not Ranked
TKR College of Engineering and Technology,CHEMICAL ENGINEERING,Hyderabad,Telangana,"Jawaharlal Nehru Technological University, Hyderabad",133766.66666666666,0.0,,Government,No,Not Available,www.amu.ac.in,Chemical & Biotechnology,73.24666666666667,20.0,41.3,Affordable,Below Average,Not Ranked
Meerut Institute of Engineering and Technology,CHEMICAL ENGINEERING,Rampur Pawti,Uttar Pradesh,"Dr APJ Abdul Kalam Technical University, Lucknow",350900.0,2.76,,Private,No,No,www.miet.ac.in,Chemical & Biotechnology,34.91,37.6,36.5,Premium,Below Average,Not Ranked
Institute of Engineering and Technology,CHEMICAL ENGINEERING,Lucknow,Uttar Pradesh,"Dr APJ Abdul Kalam Technical University, Lucknow",265307.6923076923,0.0,,Private,No,No,"www.davietjal.or
 g",Chemical & Biotechnology,46.93846153846154,20.0,30.8,Moderate,Below Average,Not Ranked
Bundelkhand Institute of Engineering and Technology,CHEMICAL ENGINEERING,Jhansi,Uttar Pradesh,"Dr APJ Abdul Kalam Technical University, Lucknow",171733.33333333334,0.0,,Government Autonomous,No,No,www.bietjhs.ac.in,Chemical & Biotechnology,65.65333333333334,33.3,46.2,Affordable,Below Average,Not Ranked
Madan Mohan Malaviya University of Technology,CHEMICAL ENGINEERING (SUGAR TECHNOLOGY),Gorakhpur,Uttar Pradesh,Not Available,393741.93548387097,0.0,84.0,Government,No,Not Available,www.mmmut.ac.i n,Chemical & Biotechnology,30.625806451612902,52.0,43.5,Premium,Average,Top 100
TKR College of Engineering and Technology,CIVIL ENGINEERING,Hyderabad,Telangana,"Jawaharlal Nehru Technological University, Hyderabad",133766.66666666666,0.0,,Government,No,Not Available,www.amu.ac.in,Civil Engineering,73.24666666666667,20.0,41.3,Affordable,Below Average,Not Ranked
Kunwar SatyaVira College of Engineering and Management,CIVIL ENGINEERING,Bijnor,Uttar Pradesh,"Dr APJ Abdul Kalam Technical University, Lucknow",233428.57142857145,0.0,,Private,No,No,www.ksvira.edu.i n,Civil Engineering,53.31428571428571,20.0,33.3,Moderate,Below Average,Not Ranked
Madhu Vachaspati Institute of Engineering and Technology,CIVIL ENGINEERING,Akbarpur Sallahpur,Uttar Pradesh,"Dr APJ Abdul Kalam Technical University, Lucknow",213000.0,0.0,,Private,No,No,www.mviet.co.in,Civil Engineering,57.4,20.0,35.0,Moderate,Below Average,Not Ranked
Dr. Virendra Swarup Memorial Trust Group of Institutions,CIVIL ENGINEERING,Unnao,Uttar Pradesh,"Dr APJ Abdul Kalam Technical University, Lucknow",220500.0,0.0,,Private,No,No,www.vsgoi.in,Civil Engineering,55.9,20.0,34.4,Moderate,Below Average,Not Ranked
Institute of Engineering and Technology,CIVIL ENGINEERING,Lucknow,Uttar Pradesh,"Dr APJ Abdul Kalam Technical University, Lucknow",265307.6923076923,0.0,,Private,No,No,"www.davietjal.or
 g",Civil Engineering,46.93846153846154,20.0,30.8,Moderate,Below Average,Not Ranked
Krishna Engineering College,CIVIL ENGINEERING,Ghaziabad,Uttar Pradesh,"Dr APJ Abdul Kalam Technical University, Lucknow",390000.0,0.0,,Private,No,No,www.krishnacolle ge.a,Civil Engineering,31.0,20.0,24.4,Premium,Below Average,Not Ranked
KIPM College of Engineering and Technology,CIVIL ENGINEERING,Jhungia,Uttar Pradesh,"Dr APJ Abdul Kalam Technical University, Lucknow",261142.8571428572,0.0,,Private,No,No,www.kipm.edu.in,Civil Engineering,47.77142857142856,20.0,31.1,Moderate,Below Average,Not Ranked
Bundelkhand Institute of Engineering and Technology,CIVIL ENGINEERING,Jhansi,Uttar Pradesh,"Dr APJ Abdul Kalam Technical University, Lucknow",171733.33333333334,0.0,,Government Autonomous,No,No,www.bietjhs.ac.in,Civil Engineering,65.65333333333334,33.3,46.2,Affordable,Below Average,Not Ranked
Moradabad Institute of Technology,CIVIL ENGINEERING,Moradabad,Uttar Pradesh,"Dr APJ Abdul Kalam Technical University, Lucknow",329166.6666666667,0.0,,Private,No,No,www.mitmorada bad.edu,Civil Engineering,37.08333333333333,20.0,26.8,Premium,Below Average,Not Ranked
PES College of Engineering,CIVIL ENGINEERING,Mandya,Karnataka,"Visvesvaraya Technological University, Belagavi",127875.0,2.99,,Private,No,No,"www.sircrrengg.a
 c.in",Civil Engineering,74.425,20.0,41.8,Affordable,Below Average,Not Ranked
Babu Banarasi Das National Institute of Technology and Management,CIVIL ENGINEERING,Lucknow,Uttar Pradesh,"Dr APJ Abdul Kalam Technical University, Lucknow",422214.28571428574,0.0,,Private,No,No,www.bbdnitm.ac. in,Civil Engineering,27.778571428571425,20.0,23.1,Premium,Below Average,Not Ranked
Meerut Institute of Engineering and Technology,CIVIL ENGINEERING,Rampur Pawti,Uttar Pradesh,"Dr APJ Abdul Kalam Technical University, Lucknow",350900.0,2.76,,Private,No,No,www.miet.ac.in,Civil Engineering,34.91,37.6,36.5,Premium,Below Average,Not Ranked
Bansal Institute of Engineering and Technology,CIVIL ENGINEERING,Lucknow,Uttar Pradesh,"Dr APJ Abdul Kalam Technical University, Lucknow",286764.7058823529,0.0,,Private,No,No,www.bansaliet.in,Civil Engineering,42.64705882352942,20.0,29.1,Moderate,Below Average,Not Ranked
Ganga Technical Campus,CIVIL ENGINEERING,Desalpur,Haryana,"Maharshi Dayanand University, Rohtak",150830.0,0.0,,Private,No,No,www.landmark.a c.in,Civil Engineering,69.834,20.0,39.9,Affordable,Below Average,Not Ranked
Future Institute of Engineering and Technology,CIVIL ENGINEERING,Bareilly,Uttar Pradesh,"Dr APJ Abdul Kalam Technical University, Lucknow",225818.18181818185,0.0,,Private,No,No,www.futureiet.or g,Civil Engineering,54.83636363636363,20.0,33.9,Moderate,Below Average,Not Ranked
SR Engineering College,CIVIL ENGINEERING,Anantasagar Colony,Telangana,"Jawaharlal Nehru Technological University, Hyderabad",229454.54545454544,0.0,,Private,No,No,www.rdec.in,Civil Engineering,54.10909090909091,20.0,33.6,Moderate,Below Average,Not Ranked
JP Institute of Engineering and Technology,CIVIL ENGINEERING,Meerut,Uttar Pradesh,"Dr APJ Abdul Kalam Technical University, Lucknow",228166.66666666663,0.0,,Private,No,No,www.jpiet.com,Civil Engineering,54.366666666666674,20.0,33.7,Moderate,Below Average,Not Ranked
Ashoka Institute of Technology and Management,CIVIL ENGINEERING,Varanasi,Uttar Pradesh,"Dr APJ Abdul Kalam Technical University, Lucknow",326375.0,0.0,,Private,No,No,www.ashokainstit ute.,Civil Engineering,37.3625,20.0,26.9,Premium,Below Average,Not Ranked
Raj Kumar Goel Institute of Technology,CIVIL ENGINEERING,Ghaziabad,Uttar Pradesh,"Dr APJ Abdul Kalam Technical University, Lucknow",438636.3636363637,0.0,,Private,No,No,www.rkgit.edu.in,Civil Engineering,26.13636363636363,20.0,22.5,Premium,Below Average,Not Ranked
Ambalika Institute of Management and Technology,CIVIL ENGINEERING,Lucknow,Uttar Pradesh,"Dr APJ Abdul Kalam Technical University, Lucknow",235636.36363636365,0.0,,Private,No,No,www.aimt.edu.in,Civil Engineering,52.87272727272727,20.0,33.1,Moderate,Below Average,Not Ranked
Abhay Memorial Trust Group of Institutions,CIVIL ENGINEERING,Allahabad,Uttar Pradesh,"Dr APJ Abdul Kalam Technical University, Lucknow",161350.0,0.0,,Private,No,No,www.gcrg.in,Civil Engineering,67.73,20.0,39.1,Affordable,Below Average,Not Ranked
G.L.Bajaj Institute of Technology and Management,CIVIL ENGINEERING,Greater Noida,Uttar Pradesh,Not Available,0.0,0.0,151.0,Private,No,No,www.glbitm.org,Civil Engineering,,36.7,36.7,Not Available,Below Average,Top 200
United College of Engineering and Research,CIVIL ENGINEERING,Newada Samogar,Uttar Pradesh,"Dr APJ Abdul Kalam Technical University, Lucknow",273272.7272727273,0.0,,Private,No,No,www.united.ac.in,Civil Engineering,45.345454545454544,20.0,30.1,Moderate,Below Average,Not Ranked
Madan Mohan Malaviya University of Technology,CIVIL ENGINEERING,Gorakhpur,Uttar Pradesh,Not Available,393741.93548387097,0.0,84.0,Government,No,Not Available,www.mmmut.ac.i n,Civil Engineering,30.625806451612902,52.0,43.5,Premium,Average,Top 100
IIMT College of Engineering,CIVIL ENGINEERING,Greater Noida,Uttar Pradesh,"Dr APJ Abdul Kalam Technical University, Lucknow",375000.0,2.77,,Private,No,No,www.iimtindia.ne t,Civil Engineering,32.5,37.7,35.6,Premium,Below Average,Not Ranked
TKR College of Engineering and Technology,COMPUTER ENGINEERING,Hyderabad,Telangana,"Jawaharlal Nehru Technological University, Hyderabad",133766.66666666666,0.0,,Government,No,Not Available,www.amu.ac.in,Computer Science & IT,73.24666666666667,20.0,41.3,Affordable,Below Average,Not Ranked
Ganga Technical Campus,COMPUTER SCEINCE & ENGINEERING,Desalpur,Haryana,"Maharshi Dayanand University, Rohtak",150830.0,0.0,,Private,No,No,www.landmark.a c.in,Other Engineering,69.834,20.0,39.9,Affordable,Below Average,Not Ranked
KIPM College of Engineering and Technology,COMPUTER SCIENCE,Jhungia,Uttar Pradesh,"Dr APJ Abdul Kalam Technical University, Lucknow",261142.8571428572,0.0,,Private,No,No,www.kipm.edu.in,Computer Science & IT,47.77142857142856,20.0,31.1,Moderate,Below Average,Not Ranked
Institute of Engineering and Technology,COMPUTER SCIENCE & ENGINEERING,Lucknow,Uttar Pradesh,"Dr APJ Abdul Kalam Technical University, Lucknow",265307.6923076923,0.0,,Private,No,No,"www.davietjal.or
 g",Computer Science & IT,46.93846153846154,20.0,30.8,Moderate,Below Average,Not Ranked
Ashoka Institute of Technology and Management,COMPUTER SCIENCE & ENGINEERING,Varanasi,Uttar Pradesh,"Dr APJ Abdul Kalam Technical University, Lucknow",326375.0,0.0,,Private,No,No,www.ashokainstit ute.,Computer Science & IT,37.3625,20.0,26.9,Premium,Below Average,Not Ranked
Kanpur Institute of Technology,COMPUTER SCIENCE & ENGINEERING,Tikariya,Uttar Pradesh,"Dr APJ Abdul Kalam Technical University, Lucknow",248250.0,0.0,,Private,No,No,www.kit.ac.in,Computer Science & IT,50.35,20.0,32.1,Moderate,Below Average,Not Ranked
Madan Mohan Malaviya University of Technology,COMPUTER SCIENCE & ENGINEERING,Gorakhpur,Uttar Pradesh,Not Available,393741.93548387097,0.0,84.0,Government,No,Not Available,www.mmmut.ac.i n,Computer Science & IT,30.625806451612902,52.0,43.5,Premium,Average,Top 100
Kunwar SatyaVira College of Engineering and Management,COMPUTER SCIENCE AND ENGINEERING,Bijnor,Uttar Pradesh,"Dr APJ Abdul Kalam Technical University, Lucknow",233428.57142857145,0.0,,Private,No,No,www.ksvira.edu.i n,Computer Science & IT,53.31428571428571,20.0,33.3,Moderate,Below Average,Not Ranked
Bansal Institute of Engineering and Technology,COMPUTER SCIENCE AND ENGINEERING,Lucknow,Uttar Pradesh,"Dr APJ Abdul Kalam Technical University, Lucknow",286764.7058823529,0.0,,Private,No,No,www.bansaliet.in,Computer Science & IT,42.64705882352942,20.0,29.1,Moderate,Below Average,Not Ranked
Madhu Vachaspati Institute of Engineering and Technology,COMPUTER SCIENCE AND ENGINEERING,Akbarpur Sallahpur,Uttar Pradesh,"Dr APJ Abdul Kalam Technical University, Lucknow",213000.0,0.0,,Private,No,No,www.mviet.co.in,Computer Science & IT,57.4,20.0,35.0,Moderate,Below Average,Not Ranked
Dr. Virendra Swarup Memorial Trust Group of Institutions,COMPUTER SCIENCE AND ENGINEERING,Unnao,Uttar Pradesh,"Dr APJ Abdul Kalam Technical University, Lucknow",220500.0,0.0,,Private,No,No,www.vsgoi.in,Computer Science & IT,55.9,20.0,34.4,Moderate,Below Average,Not Ranked
Abhay Memorial Trust Group of Institutions,COMPUTER SCIENCE AND ENGINEERING,Allahabad,Uttar Pradesh,"Dr APJ Abdul Kalam Technical University, Lucknow",161350.0,0.0,,Private,No,No,www.gcrg.in,Computer Science & IT,67.73,20.0,39.1,Affordable,Below Average,Not Ranked
Bundelkhand Institute of Engineering and Technology,COMPUTER SCIENCE AND ENGINEERING,Jhansi,Uttar Pradesh,"Dr APJ Abdul Kalam Technical University, Lucknow",171733.33333333334,0.0,,Government Autonomous,No,No,www.bietjhs.ac.in,Computer Science & IT,65.65333333333334,33.3,46.2,Affordable,Below Average,Not Ranked
Babu Banarasi Das National Institute of Technology and Management,COMPUTER SCIENCE AND ENGINEERING,Lucknow,Uttar Pradesh,"Dr APJ Abdul Kalam Technical University, Lucknow",422214.28571428574,0.0,,Private,No,No,www.bbdnitm.ac. in,Computer Science & IT,27.778571428571425,20.0,23.1,Premium,Below Average,Not Ranked
Future Institute of Engineering and Technology,COMPUTER SCIENCE AND ENGINEERING,Bareilly,Uttar Pradesh,"Dr APJ Abdul Kalam Technical University, Lucknow",225818.18181818185,0.0,,Private,No,No,www.futureiet.or g,Computer Science & IT,54.83636363636363,20.0,33.9,Moderate,Below Average,Not Ranked
IIMT College of Engineering,COMPUTER SCIENCE AND ENGINEERING,Greater Noida,Uttar Pradesh,"Dr APJ Abdul Kalam Technical University, Lucknow",375000.0,2.77,,Private,No,No,www.iimtindia.ne t,Computer Science & IT,32.5,37.7,35.6,Premium,Below Average,Not Ranked
SR Engineering College,COMPUTER SCIENCE AND ENGINEERING,Anantasagar Colony,Telangana,"Jawaharlal Nehru Technological University, Hyderabad",229454.54545454544,0.0,,Private,No,No,www.rdec.in,Computer Science & IT,54.10909090909091,20.0,33.6,Moderate,Below Average,Not Ranked
Shri Ram Murti Smarak College of Engineering and Technology,COMPUTER SCIENCE AND ENGINEERING,Bareilly,Uttar Pradesh,"Dr APJ Abdul Kalam Technical University, Lucknow",334076.92307692306,0.0,,Private,No,No,www.srmscet.ed u,Computer Science & IT,36.59230769230769,20.0,26.6,Premium,Below Average,Not Ranked
JP Institute of Engineering and Technology,COMPUTER SCIENCE AND ENGINEERING,Meerut,Uttar Pradesh,"Dr APJ Abdul Kalam Technical University, Lucknow",228166.66666666663,0.0,,Private,No,No,www.jpiet.com,Computer Science & IT,54.366666666666674,20.0,33.7,Moderate,Below Average,Not Ranked
Raj Kumar Goel Institute of Technology,COMPUTER SCIENCE AND ENGINEERING,Ghaziabad,Uttar Pradesh,"Dr APJ Abdul Kalam Technical University, Lucknow",438636.3636363637,0.0,,Private,No,No,www.rkgit.edu.in,Computer Science & IT,26.13636363636363,20.0,22.5,Premium,Below Average,Not Ranked
Ambalika Institute of Management and Technology,COMPUTER SCIENCE AND ENGINEERING,Lucknow,Uttar Pradesh,"Dr APJ Abdul Kalam Technical University, Lucknow",235636.36363636365,0.0,,Private,No,No,www.aimt.edu.in,Computer Science & IT,52.87272727272727,20.0,33.1,Moderate,Below Average,Not Ranked
PES College of Engineering,COMPUTER SCIENCE AND ENGINEERING,Mandya,Karnataka,"Visvesvaraya Technological University, Belagavi",127875.0,2.99,,Private,No,No,"www.sircrrengg.a
 c.in",Computer Science & IT,74.425,20.0,41.8,Affordable,Below Average,Not Ranked
United College of Engineering and Research,COMPUTER SCIENCE AND ENGINEERING,Newada Samogar,Uttar Pradesh,"Dr APJ Abdul Kalam Technical University, Lucknow",273272.7272727273,0.0,,Private,No,No,www.united.ac.in,Computer Science & IT,45.345454545454544,20.0,30.1,Moderate,Below Average,Not Ranked
Moradabad Institute of Technology,COMPUTER SCIENCE AND ENGINEERING,Moradabad,Uttar Pradesh,"Dr APJ Abdul Kalam Technical University, Lucknow",329166.6666666667,0.0,,Private,No,No,www.mitmorada bad.edu,Computer Science & IT,37.08333333333333,20.0,26.8,Premium,Below Average,Not Ranked
Krishna Engineering College,COMPUTER SCIENCE AND ENGINEERING,Ghaziabad,Uttar Pradesh,"Dr APJ Abdul Kalam Technical University, Lucknow",390000.0,0.0,,Private,No,No,www.krishnacolle ge.a,Computer Science & IT,31.0,20.0,24.4,Premium,Below Average,Not Ranked
G.L.Bajaj Institute of Technology and Management,COMPUTER SCIENCE AND ENGINEERING,Greater Noida,Uttar Pradesh,Not Available,0.0,0.0,151.0,Private,No,No,www.glbitm.org,Computer Science & IT,,36.7,36.7,Not Available,Below Average,Top 200
Meerut Institute of Engineering and Technology,COMPUTER SCIENCE AND ENGINEERING,Rampur Pawti,Uttar Pradesh,"Dr APJ Abdul Kalam Technical University, Lucknow",350900.0,2.76,,Private,No,No,www.miet.ac.in,Computer Science & IT,34.91,37.6,36.5,Premium,Below Average,Not Ranked
Babu Banarasi Das National Institute of Technology and Management,ELECTRICAL AND ELECTRONICS ENGINEERING,Lucknow,Uttar Pradesh,"Dr APJ Abdul Kalam Technical University, Lucknow",422214.28571428574,0.0,,Private,No,No,www.bbdnitm.ac. in,Electronics & Communication,27.778571428571425,20.0,23.1,Premium,Below Average,Not Ranked
Ganga Technical Campus,ELECTRICAL AND ELECTRONICS ENGINEERING,Desalpur,Haryana,"Maharshi Dayanand University, Rohtak",150830.0,0.0,,Private,No,No,www.landmark.a c.in,Electronics & Communication,69.834,20.0,39.9,Affordable,Below Average,Not Ranked
Future Institute of Engineering and Technology,ELECTRICAL AND ELECTRONICS ENGINEERING,Bareilly,Uttar Pradesh,"Dr APJ Abdul Kalam Technical University, Lucknow",225818.18181818185,0.0,,Private,No,No,www.futureiet.or g,Electronics & Communication,54.83636363636363,20.0,33.9,Moderate,Below Average,Not Ranked
Kanpur Institute of Technology,ELECTRICAL AND ELECTRONICS ENGINEERING,Tikariya,Uttar Pradesh,"Dr APJ Abdul Kalam Technical University, Lucknow",248250.0,0.0,,Private,No,No,www.kit.ac.in,Electronics & Communication,50.35,20.0,32.1,Moderate,Below Average,Not Ranked
G.L.Bajaj Institute of Technology and Management,ELECTRICAL AND ELECTRONICS ENGINEERING,Greater Noida,Uttar Pradesh,Not Available,0.0,0.0,151.0,Private,No,No,www.glbitm.org,Electronics & Communication,,36.7,36.7,Not Available,Below Average,Top 200
Shri Ram Murti Smarak College of Engineering and Technology,ELECTRICAL AND ELECTRONICS ENGINEERING,Bareilly,Uttar Pradesh,"Dr APJ Abdul Kalam Technical University, Lucknow",334076.92307692306,0.0,,Private,No,No,www.srmscet.ed u,Electronics & Communication,36.59230769230769,20.0,26.6,Premium,Below Average,Not Ranked
Raj Kumar Goel Institute of Technology,ELECTRICAL AND ELECTRONICS ENGINEERING,Ghaziabad,Uttar Pradesh,"Dr APJ Abdul Kalam Technical University, Lucknow",438636.3636363637,0.0,,Private,No,No,www.rkgit.edu.in,Electronics & Communication,26.13636363636363,20.0,22.5,Premium,Below Average,Not Ranked
United College of Engineering and Research,ELECTRICAL AND ELECTRONICS ENGINEERING,Newada Samogar,Uttar Pradesh,"Dr APJ Abdul Kalam Technical University, Lucknow",273272.7272727273,0.0,,Private,No,No,www.united.ac.in,Electronics & Communication,45.345454545454544,20.0,30.1,Moderate,Below Average,Not Ranked
TKR College of Engineering and Technology,ELECTRICAL ENGINEERING,Hyderabad,Telangana,"Jawaharlal Nehru Technological University, Hyderabad",133766.66666666666,0.0,,Government,No,Not Available,www.amu.ac.in,Electrical & Power,73.24666666666667,20.0,41.3,Affordable,Below Average,Not Ranked
Kunwar SatyaVira College of Engineering and Management,ELECTRICAL ENGINEERING,Bijnor,Uttar Pradesh,"Dr APJ Abdul Kalam Technical University, Lucknow",233428.57142857145,0.0,,Private,No,No,www.ksvira.edu.i n,Electrical & Power,53.31428571428571,20.0,33.3,Moderate,Below Average,Not Ranked
Meerut Institute of Engineering and Technology,ELECTRICAL ENGINEERING,Rampur Pawti,Uttar Pradesh,"Dr APJ Abdul Kalam Technical University, Lucknow",350900.0,2.76,,Private,No,No,www.miet.ac.in,Electrical & Power,34.91,37.6,36.5,Premium,Below Average,Not Ranked
Bansal Institute of Engineering and Technology,ELECTRICAL ENGINEERING,Lucknow,Uttar Pradesh,"Dr APJ Abdul Kalam Technical University, Lucknow",286764.7058823529,0.0,,Private,No,No,www.bansaliet.in,Electrical & Power,42.64705882352942,20.0,29.1,Moderate,Below Average,Not Ranked
Madhu Vachaspati Institute of Engineering and Technology,ELECTRICAL ENGINEERING,Akbarpur Sallahpur,Uttar Pradesh,"Dr APJ Abdul Kalam Technical University, Lucknow",213000.0,0.0,,Private,No,No,www.mviet.co.in,Electrical & Power,57.4,20.0,35.0,Moderate,Below Average,Not Ranked
Future Institute of Engineering and Technology,ELECTRICAL ENGINEERING,Bareilly,Uttar Pradesh,"Dr APJ Abdul Kalam Technical University, Lucknow",225818.18181818185,0.0,,Private,No,No,www.futureiet.or g,Electrical & Power,54.83636363636363,20.0,33.9,Moderate,Below Average,Not Ranked
Dr. Virendra Swarup Memorial Trust Group of Institutions,ELECTRICAL ENGINEERING,Unnao,Uttar Pradesh,"Dr APJ Abdul Kalam Technical University, Lucknow",220500.0,0.0,,Private,No,No,www.vsgoi.in,Electrical & Power,55.9,20.0,34.4,Moderate,Below Average,Not Ranked
Institute of Engineering and Technology,ELECTRICAL ENGINEERING,Lucknow,Uttar Pradesh,"Dr APJ Abdul Kalam Technical University, Lucknow",265307.6923076923,0.0,,Private,No,No,"www.davietjal.or
 g",Electrical & Power,46.93846153846154,20.0,30.8,Moderate,Below Average,Not Ranked
Ashoka Institute of Technology and Management,ELECTRICAL ENGINEERING,Varanasi,Uttar Pradesh,"Dr APJ Abdul Kalam Technical University, Lucknow",326375.0,0.0,,Private,No,No,www.ashokainstit ute.,Electrical & Power,37.3625,20.0,26.9,Premium,Below Average,Not Ranked
KIPM College of Engineering and Technology,ELECTRICAL ENGINEERING,Jhungia,Uttar Pradesh,"Dr APJ Abdul Kalam Technical University, Lucknow",261142.8571428572,0.0,,Private,No,No,www.kipm.edu.in,Electrical & Power,47.77142857142856,20.0,31.1,Moderate,Below Average,Not Ranked
Abhay Memorial Trust Group of Institutions,ELECTRICAL ENGINEERING,Allahabad,Uttar Pradesh,"Dr APJ Abdul Kalam Technical University, Lucknow",161350.0,0.0,,Private,No,No,www.gcrg.in,Electrical & Power,67.73,20.0,39.1,Affordable,Below Average,Not Ranked
Bundelkhand Institute of Engineering and Technology,ELECTRICAL ENGINEERING,Jhansi,Uttar Pradesh,"Dr APJ Abdul Kalam Technical University, Lucknow",171733.33333333334,0.0,,Government Autonomous,No,No,www.bietjhs.ac.in,Electrical & Power,65.65333333333334,33.3,46.2,Affordable,Below Average,Not Ranked
Moradabad Institute of Technology,ELECTRICAL ENGINEERING,Moradabad,Uttar Pradesh,"Dr APJ Abdul Kalam Technical University, Lucknow",329166.6666666667,0.0,,Private,No,No,www.mitmorada bad.edu,Electrical & Power,37.08333333333333,20.0,26.8,Premium,Below Average,Not Ranked
Babu Banarasi Das National Institute of Technology and Management,ELECTRICAL ENGINEERING,Lucknow,Uttar Pradesh,"Dr APJ Abdul Kalam Technical University, Lucknow",422214.28571428574,0.0,,Private,No,No,www.bbdnitm.ac. in,Electrical & Power,27.778571428571425,20.0,23.1,Premium,Below Average,Not Ranked
United College of Engineering and Research,ELECTRICAL ENGINEERING,Newada Samogar,Uttar Pradesh,"Dr APJ Abdul Kalam Technical University, Lucknow",273272.7272727273,0.0,,Private,No,No,www.united.ac.in,Electrical & Power,45.345454545454544,20.0,30.1,Moderate,Below Average,Not Ranked
Madan Mohan Malaviya University of Technology,ELECTRICAL ENGINEERING,Gorakhpur,Uttar Pradesh,Not Available,393741.93548387097,0.0,84.0,Government,No,Not Available,www.mmmut.ac.i n,Electrical & Power,30.625806451612902,52.0,43.5,Premium,Average,Top 100
Babu Banarasi Das National Institute of Technology and Management,ELECTRONICS & COMMUNICATION ENGG,Lucknow,Uttar Pradesh,"Dr APJ Abdul Kalam Technical University, Lucknow",422214.28571428574,0.0,,Private,No,No,www.bbdnitm.ac. in,Electronics & Communication,27.778571428571425,20.0,23.1,Premium,Below Average,Not Ranked
Kunwar SatyaVira College of Engineering and Management,ELECTRONICS & COMMUNICATION ENGG,Bijnor,Uttar Pradesh,"Dr APJ Abdul Kalam Technical University, Lucknow",233428.57142857145,0.0,,Private,No,No,www.ksvira.edu.i n,Electronics & Communication,53.31428571428571,20.0,33.3,Moderate,Below Average,Not Ranked
Ganga Technical Campus,ELECTRONICS & COMMUNICATION ENGG,Desalpur,Haryana,"Maharshi Dayanand University, Rohtak",150830.0,0.0,,Private,No,No,www.landmark.a c.in,Electronics & Communication,69.834,20.0,39.9,Affordable,Below Average,Not Ranked
Future Institute of Engineering and Technology,ELECTRONICS & COMMUNICATION ENGG,Bareilly,Uttar Pradesh,"Dr APJ Abdul Kalam Technical University, Lucknow",225818.18181818185,0.0,,Private,No,No,www.futureiet.or g,Electronics & Communication,54.83636363636363,20.0,33.9,Moderate,Below Average,Not Ranked
IIMT College of Engineering,ELECTRONICS & COMMUNICATION ENGG,Greater Noida,Uttar Pradesh,"Dr APJ Abdul Kalam Technical University, Lucknow",375000.0,2.77,,Private,No,No,www.iimtindia.ne t,Electronics & Communication,32.5,37.7,35.6,Premium,Below Average,Not Ranked
Kanpur Institute of Technology,ELECTRONICS & COMMUNICATION ENGG,Tikariya,Uttar Pradesh,"Dr APJ Abdul Kalam Technical University, Lucknow",248250.0,0.0,,Private,No,No,www.kit.ac.in,Electronics & Communication,50.35,20.0,32.1,Moderate,Below Average,Not Ranked
Dr. Virendra Swarup Memorial Trust Group of Institutions,ELECTRONICS & COMMUNICATION ENGG,Unnao,Uttar Pradesh,"Dr APJ Abdul Kalam Technical University, Lucknow",220500.0,0.0,,Private,No,No,www.vsgoi.in,Electronics & Communication,55.9,20.0,34.4,Moderate,Below Average,Not Ranked
Institute of Engineering and Technology,ELECTRONICS & COMMUNICATION ENGG,Lucknow,Uttar Pradesh,"Dr APJ Abdul Kalam Technical University, Lucknow",265307.6923076923,0.0,,Private,No,No,"www.davietjal.or
 g",Electronics & Communication,46.93846153846154,20.0,30.8,Moderate,Below Average,Not Ranked
JP Institute of Engineering and Technology,ELECTRONICS & COMMUNICATION ENGG,Meerut,Uttar Pradesh,"Dr APJ Abdul Kalam Technical University, Lucknow",228166.66666666663,0.0,,Private,No,No,www.jpiet.com,Electronics & Communication,54.366666666666674,20.0,33.7,Moderate,Below Average,Not Ranked
Ashoka Institute of Technology and Management,ELECTRONICS & COMMUNICATION ENGG,Varanasi,Uttar Pradesh,"Dr APJ Abdul Kalam Technical University, Lucknow",326375.0,0.0,,Private,No,No,www.ashokainstit ute.,Electronics & Communication,37.3625,20.0,26.9,Premium,Below Average,Not Ranked
KIPM College of Engineering and Technology,ELECTRONICS & COMMUNICATION ENGG,Jhungia,Uttar Pradesh,"Dr APJ Abdul Kalam Technical University, Lucknow",261142.8571428572,0.0,,Private,No,No,www.kipm.edu.in,Electronics & Communication,47.77142857142856,20.0,31.1,Moderate,Below Average,Not Ranked
Bundelkhand Institute of Engineering and Technology,ELECTRONICS & COMMUNICATION ENGG,Jhansi,Uttar Pradesh,"Dr APJ Abdul Kalam Technical University, Lucknow",171733.33333333334,0.0,,Government Autonomous,No,No,www.bietjhs.ac.in,Electronics & Communication,65.65333333333334,33.3,46.2,Affordable,Below Average,Not Ranked
Moradabad Institute of Technology,ELECTRONICS & COMMUNICATION ENGG,Moradabad,Uttar Pradesh,"Dr APJ Abdul Kalam Technical University, Lucknow",329166.6666666667,0.0,,Private,No,No,www.mitmorada bad.edu,Electronics & Communication,37.08333333333333,20.0,26.8,Premium,Below Average,Not Ranked
PES College of Engineering,ELECTRONICS & COMMUNICATION ENGG,Mandya,Karnataka,"Visvesvaraya Technological University, Belagavi",127875.0,2.99,,Private,No,No,"www.sircrrengg.a
 c.in",Electronics & Communication,74.425,20.0,41.8,Affordable,Below Average,Not Ranked
Bansal Institute of Engineering and Technology,ELECTRONICS & COMMUNICATION ENGG,Lucknow,Uttar Pradesh,"Dr APJ Abdul Kalam Technical University, Lucknow",286764.7058823529,0.0,,Private,No,No,www.bansaliet.in,Electronics & Communication,42.64705882352942,20.0,29.1,Moderate,Below Average,Not Ranked
SR Engineering College,ELECTRONICS & COMMUNICATION ENGG,Anantasagar Colony,Telangana,"Jawaharlal Nehru Technological University, Hyderabad",229454.54545454544,0.0,,Private,No,No,www.rdec.in,Electronics & Communication,54.10909090909091,20.0,33.6,Moderate,Below Average,Not Ranked
Raj Kumar Goel Institute of Technology,ELECTRONICS & COMMUNICATION ENGG,Ghaziabad,Uttar Pradesh,"Dr APJ Abdul Kalam Technical University, Lucknow",438636.3636363637,0.0,,Private,No,No,www.rkgit.edu.in,Electronics & Communication,26.13636363636363,20.0,22.5,Premium,Below Average,Not Ranked
Ambalika Institute of Management and Technology,ELECTRONICS & COMMUNICATION ENGG,Lucknow,Uttar Pradesh,"Dr APJ Abdul Kalam Technical University, Lucknow",235636.36363636365,0.0,,Private,No,No,www.aimt.edu.in,Electronics & Communication,52.87272727272727,20.0,33.1,Moderate,Below Average,Not Ranked
G.L.Bajaj Institute of Technology and Management,ELECTRONICS & COMMUNICATION ENGG,Greater Noida,Uttar Pradesh,Not Available,0.0,0.0,151.0,Private,No,No,www.glbitm.org,Electronics & Communication,,36.7,36.7,Not Available,Below Average,Top 200
Madan Mohan Malaviya University of Technology,ELECTRONICS & COMMUNICATION ENGG,Gorakhpur,Uttar Pradesh,Not Available,393741.93548387097,0.0,84.0,Government,No,Not Available,www.mmmut.ac.i n,Electronics & Communication,30.625806451612902,52.0,43.5,Premium,Average,Top 100
Meerut Institute of Engineering and Technology,ELECTRONICS & COMMUNICATION ENGG,Rampur Pawti,Uttar Pradesh,"Dr APJ Abdul Kalam Technical University, Lucknow",350900.0,2.76,,Private,No,No,www.miet.ac.in,Electronics & Communication,34.91,37.6,36.5,Premium,Below Average,Not Ranked
United College of Engineering and Research,ELECTRONICS & COMMUNICATION ENGG,Newada Samogar,Uttar Pradesh,"Dr APJ Abdul Kalam Technical University, Lucknow",273272.7272727273,0.0,,Private,No,No,www.united.ac.in,Electronics & Communication,45.345454545454544,20.0,30.1,Moderate,Below Average,Not Ranked
Institute of Engineering and Technology,ELECTRONICS & INSTRUMENTATION ENGINEERING,Lucknow,Uttar Pradesh,"Dr APJ Abdul Kalam Technical University, Lucknow",265307.6923076923,0.0,,Private,No,No,"www.davietjal.or
 g",Electronics & Communication,46.93846153846154,20.0,30.8,Moderate,Below Average,Not Ranked
Madhu Vachaspati Institute of Engineering and Technology,ELECTRONICS AND COMMUNICATIONS ENGINEERING,Akbarpur Sallahpur,Uttar Pradesh,"Dr APJ Abdul Kalam Technical University, Lucknow",213000.0,0.0,,Private,No,No,www.mviet.co.in,Electronics & Communication,57.4,20.0,35.0,Moderate,Below Average,Not Ranked
Abhay Memorial Trust Group of Institutions,ELECTRONICS AND COMMUNICATIONS ENGINEERING,Allahabad,Uttar Pradesh,"Dr APJ Abdul Kalam Technical University, Lucknow",161350.0,0.0,,Private,No,No,www.gcrg.in,Electronics & Communication,67.73,20.0,39.1,Affordable,Below Average,Not Ranked
Shri Ram Murti Smarak College of Engineering and Technology,ELECTRONICS AND COMMUNICATIONS ENGINEERING,Bareilly,Uttar Pradesh,"Dr APJ Abdul Kalam Technical University, Lucknow",334076.92307692306,0.0,,Private,No,No,www.srmscet.ed u,Electronics & Communication,36.59230769230769,20.0,26.6,Premium,Below Average,Not Ranked
Krishna Engineering College,ELECTRONICS AND COMMUNICATIONS ENGINEERING,Ghaziabad,Uttar Pradesh,"Dr APJ Abdul Kalam Technical University, Lucknow",390000.0,0.0,,Private,No,No,www.krishnacolle ge.a,Electronics & Communication,31.0,20.0,24.4,Premium,Below Average,Not Ranked
TKR College of Engineering and Technology,ELECTRONICS ENGINEERING,Hyderabad,Telangana,"Jawaharlal Nehru Technological University, Hyderabad",133766.66666666666,0.0,,Government,No,Not Available,www.amu.ac.in,Electronics & Communication,73.24666666666667,20.0,41.3,Affordable,Below Average,Not Ranked
Babu Banarasi Das National Institute of Technology and Management,INFORMATION TECHNOLOGY,Lucknow,Uttar Pradesh,"Dr APJ Abdul Kalam Technical University, Lucknow",422214.28571428574,0.0,,Private,No,No,www.bbdnitm.ac. in,Computer Science & IT,27.778571428571425,20.0,23.1,Premium,Below Average,Not Ranked
Meerut Institute of Engineering and Technology,INFORMATION TECHNOLOGY,Rampur Pawti,Uttar Pradesh,"Dr APJ Abdul Kalam Technical University, Lucknow",350900.0,2.76,,Private,No,No,www.miet.ac.in,Computer Science & IT,34.91,37.6,36.5,Premium,Below Average,Not Ranked
Future Institute of Engineering and Technology,INFORMATION TECHNOLOGY,Bareilly,Uttar Pradesh,"Dr APJ Abdul Kalam Technical University, Lucknow",225818.18181818185,0.0,,Private,No,No,www.futureiet.or g,Computer Science & IT,54.83636363636363,20.0,33.9,Moderate,Below Average,Not Ranked
IIMT College of Engineering,INFORMATION TECHNOLOGY,Greater Noida,Uttar Pradesh,"Dr APJ Abdul Kalam Technical University, Lucknow",375000.0,2.77,,Private,No,No,www.iimtindia.ne t,Computer Science & IT,32.5,37.7,35.6,Premium,Below Average,Not Ranked
Kanpur Institute of Technology,INFORMATION TECHNOLOGY,Tikariya,Uttar Pradesh,"Dr APJ Abdul Kalam Technical University, Lucknow",248250.0,0.0,,Private,No,No,www.kit.ac.in,Computer Science & IT,50.35,20.0,32.1,Moderate,Below Average,Not Ranked
Dr. Virendra Swarup Memorial Trust Group of Institutions,INFORMATION TECHNOLOGY,Unnao,Uttar Pradesh,"Dr APJ Abdul Kalam Technical University, Lucknow",220500.0,0.0,,Private,No,No,www.vsgoi.in,Computer Science & IT,55.9,20.0,34.4,Moderate,Below Average,Not Ranked
Institute of Engineering and Technology,INFORMATION TECHNOLOGY,Lucknow,Uttar Pradesh,"Dr APJ Abdul Kalam Technical University, Lucknow",265307.6923076923,0.0,,Private,No,No,"www.davietjal.or
 g",Computer Science & IT,46.93846153846154,20.0,30.8,Moderate,Below Average,Not Ranked
SR Engineering College,INFORMATION TECHNOLOGY,Anantasagar Colony,Telangana,"Jawaharlal Nehru Technological University, Hyderabad",229454.54545454544,0.0,,Private,No,No,www.rdec.in,Computer Science & IT,54.10909090909091,20.0,33.6,Moderate,Below Average,Not Ranked
Shri Ram Murti Smarak College of Engineering and Technology,INFORMATION TECHNOLOGY,Bareilly,Uttar Pradesh,"Dr APJ Abdul Kalam Technical University, Lucknow",334076.92307692306,0.0,,Private,No,No,www.srmscet.ed u,Computer Science & IT,36.59230769230769,20.0,26.6,Premium,Below Average,Not Ranked
Krishna Engineering College,INFORMATION TECHNOLOGY,Ghaziabad,Uttar Pradesh,"Dr APJ Abdul Kalam Technical University, Lucknow",390000.0,0.0,,Private,No,No,www.krishnacolle ge.a,Computer Science & IT,31.0,20.0,24.4,Premium,Below Average,Not Ranked
Raj Kumar Goel Institute of Technology,INFORMATION TECHNOLOGY,Ghaziabad,Uttar Pradesh,"Dr APJ Abdul Kalam Technical University, Lucknow",438636.3636363637,0.0,,Private,No,No,www.rkgit.edu.in,Computer Science & IT,26.13636363636363,20.0,22.5,Premium,Below Average,Not Ranked
Bundelkhand Institute of Engineering and Technology,INFORMATION TECHNOLOGY,Jhansi,Uttar Pradesh,"Dr APJ Abdul Kalam Technical University, Lucknow",171733.33333333334,0.0,,Government Autonomous,No,No,www.bietjhs.ac.in,Computer Science & IT,65.65333333333334,33.3,46.2,Affordable,Below Average,Not Ranked
PES College of Engineering,INFORMATION TECHNOLOGY,Mandya,Karnataka,"Visvesvaraya Technological University, Belagavi",127875.0,2.99,,Private,No,No,"www.sircrrengg.a
 c.in",Computer Science & IT,74.425,20.0,41.8,Affordable,Below Average,Not Ranked
JP Institute of Engineering and Technology,INFORMATION TECHNOLOGY,Meerut,Uttar Pradesh,"Dr APJ Abdul Kalam Technical University, Lucknow",228166.66666666663,0.0,,Private,No,No,www.jpiet.com,Computer Science & IT,54.366666666666674,20.0,33.7,Moderate,Below Average,Not Ranked
G.L.Bajaj Institute of Technology and Management,INFORMATION TECHNOLOGY,Greater Noida,Uttar Pradesh,Not Available,0.0,0.0,151.0,Private,No,No,www.glbitm.org,Computer Science & IT,,36.7,36.7,Not Available,Below Average,Top 200
United College of Engineering and Research,INFORMATION TECHNOLOGY,Newada Samogar,Uttar Pradesh,"Dr APJ Abdul Kalam Technical University, Lucknow",273272.7272727273,0.0,,Private,No,No,www.united.ac.in,Computer Science & IT,45.345454545454544,20.0,30.1,Moderate,Below Average,Not Ranked
Bansal Institute of Engineering and Technology,INFORMATION TECHNOLOGY AND ENGINEERING,Lucknow,Uttar Pradesh,"Dr APJ Abdul Kalam Technical University, Lucknow",286764.7058823529,0.0,,Private,No,No,www.bansaliet.in,Computer Science & IT,42.64705882352942,20.0,29.1,Moderate,Below Average,Not Ranked
Ambalika Institute of Management and Technology,INFORMATION TECHNOLOGY AND ENGINEERING,Lucknow,Uttar Pradesh,"Dr APJ Abdul Kalam Technical University, Lucknow",235636.36363636365,0.0,,Private,No,No,www.aimt.edu.in,Computer Science & IT,52.87272727272727,20.0,33.1,Moderate,Below Average,Not Ranked
Kunwar SatyaVira College of Engineering and Management,MECHANICAL ENGINEERING,Bijnor,Uttar Pradesh,"Dr APJ Abdul Kalam Technical University, Lucknow",233428.57142857145,0.0,,Private,No,No,www.ksvira.edu.i n,Mechanical Engineering,53.31428571428571,20.0,33.3,Moderate,Below Average,Not Ranked
Dr. Virendra Swarup Memorial Trust Group of Institutions,MECHANICAL ENGINEERING,Unnao,Uttar Pradesh,"Dr APJ Abdul Kalam Technical University, Lucknow",220500.0,0.0,,Private,No,No,www.vsgoi.in,Mechanical Engineering,55.9,20.0,34.4,Moderate,Below Average,Not Ranked
Institute of Engineering and Technology,MECHANICAL ENGINEERING,Lucknow,Uttar Pradesh,"Dr APJ Abdul Kalam Technical University, Lucknow",265307.6923076923,0.0,,Private,No,No,"www.davietjal.or
 g",Mechanical Engineering,46.93846153846154,20.0,30.8,Moderate,Below Average,Not Ranked
Shri Ram Murti Smarak College of Engineering and Technology,MECHANICAL ENGINEERING,Bareilly,Uttar Pradesh,"Dr APJ Abdul Kalam Technical University, Lucknow",334076.92307692306,0.0,,Private,No,No,www.srmscet.ed u,Mechanical Engineering,36.59230769230769,20.0,26.6,Premium,Below Average,Not Ranked
KIPM College of Engineering and Technology,MECHANICAL ENGINEERING,Jhungia,Uttar Pradesh,"Dr APJ Abdul Kalam Technical University, Lucknow",261142.8571428572,0.0,,Private,No,No,www.kipm.edu.in,Mechanical Engineering,47.77142857142856,20.0,31.1,Moderate,Below Average,Not Ranked
Bundelkhand Institute of Engineering and Technology,MECHANICAL ENGINEERING,Jhansi,Uttar Pradesh,"Dr APJ Abdul Kalam Technical University, Lucknow",171733.33333333334,0.0,,Government Autonomous,No,No,www.bietjhs.ac.in,Mechanical Engineering,65.65333333333334,33.3,46.2,Affordable,Below Average,Not Ranked
Moradabad Institute of Technology,MECHANICAL ENGINEERING,Moradabad,Uttar Pradesh,"Dr APJ Abdul Kalam Technical University, Lucknow",329166.6666666667,0.0,,Private,No,No,www.mitmorada bad.edu,Mechanical Engineering,37.08333333333333,20.0,26.8,Premium,Below Average,Not Ranked
PES College of Engineering,MECHANICAL ENGINEERING,Mandya,Karnataka,"Visvesvaraya Technological University, Belagavi",127875.0,2.99,,Private,No,No,"www.sircrrengg.a
 c.in",Mechanical Engineering,74.425,20.0,41.8,Affordable,Below Average,Not Ranked
Babu Banarasi Das National Institute of Technology and Management,MECHANICAL ENGINEERING,Lucknow,Uttar Pradesh,"Dr APJ Abdul Kalam Technical University, Lucknow",422214.28571428574,0.0,,Private,No,No,www.bbdnitm.ac. in,Mechanical Engineering,27.778571428571425,20.0,23.1,Premium,Below Average,Not Ranked
TKR College of Engineering and Technology,MECHANICAL ENGINEERING,Hyderabad,Telangana,"Jawaharlal Nehru Technological University, Hyderabad",133766.66666666666,0.0,,Government,No,Not Available,www.amu.ac.in,Mechanical Engineering,73.24666666666667,20.0,41.3,Affordable,Below Average,Not Ranked
Bansal Institute of Engineering and Technology,MECHANICAL ENGINEERING,Lucknow,Uttar Pradesh,"Dr APJ Abdul Kalam Technical University, Lucknow",286764.7058823529,0.0,,Private,No,No,www.bansaliet.in,Mechanical Engineering,42.64705882352942,20.0,29.1,Moderate,Below Average,Not Ranked
Madhu Vachaspati Institute of Engineering and Technology,MECHANICAL ENGINEERING,Akbarpur Sallahpur,Uttar Pradesh,"Dr APJ Abdul Kalam Technical University, Lucknow",213000.0,0.0,,Private,No,No,www.mviet.co.in,Mechanical Engineering,57.4,20.0,35.0,Moderate,Below Average,Not Ranked
Ganga Technical Campus,MECHANICAL ENGINEERING,Desalpur,Haryana,"Maharshi Dayanand University, Rohtak",150830.0,0.0,,Private,No,No,www.landmark.a c.in,Mechanical Engineering,69.834,20.0,39.9,Affordable,Below Average,Not Ranked
Kanpur Institute of Technology,MECHANICAL ENGINEERING,Tikariya,Uttar Pradesh,"Dr APJ Abdul Kalam Technical University, Lucknow",248250.0,0.0,,Private,No,No,www.kit.ac.in,Mechanical Engineering,50.35,20.0,32.1,Moderate,Below Average,Not Ranked
SR Engineering College,MECHANICAL ENGINEERING,Anantasagar Colony,Telangana,"Jawaharlal Nehru Technological University, Hyderabad",229454.54545454544,0.0,,Private,No,No,www.rdec.in,Mechanical Engineering,54.10909090909091,20.0,33.6,Moderate,Below Average,Not Ranked
Krishna Engineering College,MECHANICAL ENGINEERING,Ghaziabad,Uttar Pradesh,"Dr APJ Abdul Kalam Technical University, Lucknow",390000.0,0.0,,Private,No,No,www.krishnacolle ge.a,Mechanical Engineering,31.0,20.0,24.4,Premium,Below Average,Not Ranked
Ashoka Institute of Technology and Management,MECHANICAL ENGINEERING,Varanasi,Uttar Pradesh,"Dr APJ Abdul Kalam Technical University, Lucknow",326375.0,0.0,,Private,No,No,www.ashokainstit ute.,Mechanical Engineering,37.3625,20.0,26.9,Premium,Below Average,Not Ranked
Raj Kumar Goel Institute of Technology,MECHANICAL ENGINEERING,Ghaziabad,Uttar Pradesh,"Dr APJ Abdul Kalam Technical University, Lucknow",438636.3636363637,0.0,,Private,No,No,www.rkgit.edu.in,Mechanical Engineering,26.13636363636363,20.0,22.5,Premium,Below Average,Not Ranked
Ambalika Institute of Management and Technology,MECHANICAL ENGINEERING,Lucknow,Uttar Pradesh,"Dr APJ Abdul Kalam Technical University, Lucknow",235636.36363636365,0.0,,Private,No,No,www.aimt.edu.in,Mechanical Engineering,52.87272727272727,20.0,33.1,Moderate,Below Average,Not Ranked
Abhay Memorial Trust Group of Institutions,MECHANICAL ENGINEERING,Allahabad,Uttar Pradesh,"Dr APJ Abdul Kalam Technical University, Lucknow",161350.0,0.0,,Private,No,No,www.gcrg.in,Mechanical Engineering,67.73,20.0,39.1,Affordable,Below Average,Not Ranked
Madan Mohan Malaviya University of Technology,MECHANICAL ENGINEERING,Gorakhpur,Uttar Pradesh,Not Available,393741.93548387097,0.0,84.0,Government,No,Not Available,www.mmmut.ac.i n,Mechanical Engineering,30.625806451612902,52.0,43.5,Premium,Average,Top 100
Meerut Institute of Engineering and Technology,MECHANICAL ENGINEERING,Rampur Pawti,Uttar Pradesh,"Dr APJ Abdul Kalam Technical University, Lucknow",350900.0,2.76,,Private,No,No,www.miet.ac.in,Mechanical Engineering,34.91,37.6,36.5,Premium,Below Average,Not Ranked
Future Institute of Engineering and Technology,MECHANICAL ENGINEERING,Bareilly,Uttar Pradesh,"Dr APJ Abdul Kalam Technical University, Lucknow",225818.18181818185,0.0,,Private,No,No,www.futureiet.or g,Mechanical Engineering,54.83636363636363,20.0,33.9,Moderate,Below Average,Not Ranked
IIMT College of Engineering,MECHANICAL ENGINEERING,Greater Noida,Uttar Pradesh,"Dr APJ Abdul Kalam Technical University, Lucknow",375000.0,2.77,,Private,No,No,www.iimtindia.ne t,Mechanical Engineering,32.5,37.7,35.6,Premium,Below Average,Not Ranked
JP Institute of Engineering and Technology,MECHANICAL ENGINEERING,Meerut,Uttar Pradesh,"Dr APJ Abdul Kalam Technical University, Lucknow",228166.66666666663,0.0,,Private,No,No,www.jpiet.com,Mechanical Engineering,54.366666666666674,20.0,33.7,Moderate,Below Average,Not Ranked
United College of Engineering and Research,MECHANICAL ENGINEERING,Newada Samogar,Uttar Pradesh,"Dr APJ Abdul Kalam Technical University, Lucknow",273272.7272727273,0.0,,Private,No,No,www.united.ac.in,Mechanical Engineering,45.345454545454544,20.0,30.1,Moderate,Below Average,Not Ranked
G.L.Bajaj Institute of Technology and Management,MECHANICAL ENGINEERING,Greater Noida,Uttar Pradesh,Not Available,0.0,0.0,151.0,Private,No,No,www.glbitm.org,Mechanical Engineering,,36.7,36.7,Not Available,Below Average,Top 200
TKR College of Engineering and Technology,PETROCHEMICAL TECHNOLOGY,Hyderabad,Telangana,"Jawaharlal Nehru Technological University, Hyderabad",133766.66666666666,0.0,,Government,No,Not Available,www.amu.ac.in,Chemical & Biotechnology,73.24666666666667,20.0,41.3,Affordable,Below Average,Not Ranked
Noida Institute of Engineering and Technology,BIOTECHNOLOGY,Greater Noida,Uttar Pradesh,"Dr APJ Abdul Kalam Technical University, Lucknow",340291.6666666667,3.23,101.0,Private,Yes,Yes,www.niet.co.in,Chemical & Biotechnology,35.97083333333333,68.9,55.7,Premium,Good,Top 200
IMS Engineering College,BIOTECHNOLOGY,Ghaziabad,Uttar Pradesh,"Dr APJ Abdul Kalam Technical University, Lucknow",454818.1818181818,0.0,,Private,Yes,Yes,www.imsec.ac.in,Chemical & Biotechnology,24.518181818181816,86.7,61.8,Premium,Excellent,Not Ranked
Noida Institute of Engineering and Technology,CHEMICAL ENGINEERING,Greater Noida,Uttar Pradesh,"Dr APJ Abdul Kalam Technical University, Lucknow",340291.6666666667,3.23,101.0,Private,Yes,Yes,www.niet.co.in,Chemical & Biotechnology,35.97083333333333,68.9,55.7,Premium,Good,Top 200
IMS Engineering College,CIVIL ENGINEERING,Ghaziabad,Uttar Pradesh,"Dr APJ Abdul Kalam Technical University, Lucknow",454818.1818181818,0.0,,Private,Yes,Yes,www.imsec.ac.in,Civil Engineering,24.518181818181816,86.7,61.8,Premium,Excellent,Not Ranked
IMS Engineering College,CIVIL ENGINEERING,Ghaziabad,Uttar Pradesh,"Dr APJ Abdul Kalam Technical University, Lucknow",454818.1818181818,0.0,,Private,Yes,Yes,www.imsec.ac.in,Civil Engineering,24.518181818181816,86.7,61.8,Premium,Excellent,Not Ranked
KIET Group of Institutions,CIVIL ENGINEERING,Ghaziabad,Uttar Pradesh,"Dr APJ Abdul Kalam Technical University, Lucknow",372421.0526315789,0.0,,Private,Yes,Yes,www.kiet.edu,Civil Engineering,32.75789473684211,86.7,65.1,Premium,Excellent,Not Ranked
Ajay Kumar Garg Engineering College,CIVIL ENGINEERING,Ghaziabad,Uttar Pradesh,"Dr APJ Abdul Kalam Technical University, Lucknow",378875.0,2.79,,Private,Yes,Yes,www.akgec.org,Civil Engineering,32.1125,71.2,55.6,Premium,Good,Not Ranked
Noida Institute of Engineering and Technology,CIVIL ENGINEERING,Greater Noida,Uttar Pradesh,"Dr APJ Abdul Kalam Technical University, Lucknow",340291.6666666667,3.23,101.0,Private,Yes,Yes,www.niet.co.in,Civil Engineering,35.97083333333333,68.9,55.7,Premium,Good,Top 200
JSS Academy of Technical Education,CIVIL ENGINEERING,Noida,Uttar Pradesh,"Dr APJ Abdul Kalam Technical University, Lucknow",416307.6923076923,0.0,,Private,Yes,Yes,www.jssateb.ac.i n,Civil Engineering,28.369230769230768,86.7,63.4,Premium,Excellent,Not Ranked
Galgotias College of Engineering and Technology,CIVIL ENGINEERING,Greater Noida,Uttar Pradesh,"Dr APJ Abdul Kalam Technical University, Lucknow",433900.0,0.0,,Private,Yes,Yes,www.galgotiacoll ege.,Civil Engineering,26.61,86.7,62.7,Premium,Excellent,Not Ranked
ABES Engineering College,CIVIL ENGINEERING,Ghaziabad,Uttar Pradesh,"Dr APJ Abdul Kalam Technical University, Lucknow",356857.14285714284,2.75,,Private,Yes,Yes,www.abes.ac.in,Civil Engineering,34.31428571428572,70.8,56.2,Premium,Good,Not Ranked
Inderprastha Engineering College,CIVIL ENGINEERING,Ghaziabad,Uttar Pradesh,"Dr APJ Abdul Kalam Technical University, Lucknow",386555.5555555556,0.0,,Private,Yes,Yes,www.ipec.org.in,Civil Engineering,31.344444444444438,86.7,64.6,Premium,Excellent,Not Ranked
ABES Engineering College,COMPUTER ENGG. & INFORMATION TECHNOLOGY,Ghaziabad,Uttar Pradesh,"Dr APJ Abdul Kalam Technical University, Lucknow",356857.14285714284,2.75,,Private,Yes,Yes,www.abes.ac.in,Computer Science & IT,34.31428571428572,70.8,56.2,Premium,Good,Not Ranked
KIET Group of Institutions,COMPUTER SCIENCE,Ghaziabad,Uttar Pradesh,"Dr APJ Abdul Kalam Technical University, Lucknow",372421.0526315789,0.0,,Private,Yes,Yes,www.kiet.edu,Computer Science & IT,32.75789473684211,86.7,65.1,Premium,Excellent,Not Ranked
ABES Engineering College,COMPUTER SCIENCE & ENGINEERING,Ghaziabad,Uttar Pradesh,"Dr APJ Abdul Kalam Technical University, Lucknow",356857.14285714284,2.75,,Private,Yes,Yes,www.abes.ac.in,Computer Science & IT,34.31428571428572,70.8,56.2,Premium,Good,Not Ranked
Galgotias College of Engineering and Technology,COMPUTER SCIENCE AND ENGINEERING,Greater Noida,Uttar Pradesh,"Dr APJ Abdul Kalam Technical University, Lucknow",433900.0,0.0,,Private,Yes,Yes,www.galgotiacoll ege.,Computer Science & IT,26.61,86.7,62.7,Premium,Excellent,Not Ranked
KIET Group of Institutions,COMPUTER SCIENCE AND ENGINEERING,Ghaziabad,Uttar Pradesh,"Dr APJ Abdul Kalam Technical University, Lucknow",372421.0526315789,0.0,,Private,Yes,Yes,www.kiet.edu,Computer Science & IT,32.75789473684211,86.7,65.1,Premium,Excellent,Not Ranked
Ajay Kumar Garg Engineering College,COMPUTER SCIENCE AND ENGINEERING,Ghaziabad,Uttar Pradesh,"Dr APJ Abdul Kalam Technical University, Lucknow",378875.0,2.79,,Private,Yes,Yes,www.akgec.org,Computer Science & IT,32.1125,71.2,55.6,Premium,Good,Not Ranked
IMS Engineering College,COMPUTER SCIENCE AND ENGINEERING,Ghaziabad,Uttar Pradesh,"Dr APJ Abdul Kalam Technical University, Lucknow",454818.1818181818,0.0,,Private,Yes,Yes,www.imsec.ac.in,Computer Science & IT,24.518181818181816,86.7,61.8,Premium,Excellent,Not Ranked
JSS Academy of Technical Education,COMPUTER SCIENCE AND ENGINEERING,Noida,Uttar Pradesh,"Dr APJ Abdul Kalam Technical University, Lucknow",416307.6923076923,0.0,,Private,Yes,Yes,www.jssateb.ac.i n,Computer Science & IT,28.369230769230768,86.7,63.4,Premium,Excellent,Not Ranked
Noida Institute of Engineering and Technology,COMPUTER SCIENCE AND ENGINEERING,Greater Noida,Uttar Pradesh,"Dr APJ Abdul Kalam Technical University, Lucknow",340291.6666666667,3.23,101.0,Private,Yes,Yes,www.niet.co.in,Computer Science & IT,35.97083333333333,68.9,55.7,Premium,Good,Top 200
IMS Engineering College,COMPUTER SCIENCE AND ENGINEERING,Ghaziabad,Uttar Pradesh,"Dr APJ Abdul Kalam Technical University, Lucknow",454818.1818181818,0.0,,Private,Yes,Yes,www.imsec.ac.in,Computer Science & IT,24.518181818181816,86.7,61.8,Premium,Excellent,Not Ranked
Inderprastha Engineering College,COMPUTER SCIENCE AND ENGINEERING,Ghaziabad,Uttar Pradesh,"Dr APJ Abdul Kalam Technical University, Lucknow",386555.5555555556,0.0,,Private,Yes,Yes,www.ipec.org.in,Computer Science & IT,31.344444444444438,86.7,64.6,Premium,Excellent,Not Ranked
KIET Group of Institutions,COMPUTER SCIENCE AND INFORMATION TECHNOLOGY,Ghaziabad,Uttar Pradesh,"Dr APJ Abdul Kalam Technical University, Lucknow",372421.0526315789,0.0,,Private,Yes,Yes,www.kiet.edu,Computer Science & IT,32.75789473684211,86.7,65.1,Premium,Excellent,Not Ranked
IMS Engineering College,ELECTRICAL AND ELECTRONICS ENGINEERING,Ghaziabad,Uttar Pradesh,"Dr APJ Abdul Kalam Technical University, Lucknow",454818.1818181818,0.0,,Private,Yes,Yes,www.imsec.ac.in,Electronics & Communication,24.518181818181816,86.7,61.8,Premium,Excellent,Not Ranked
JSS Academy of Technical Education,ELECTRICAL AND ELECTRONICS ENGINEERING,Noida,Uttar Pradesh,"Dr APJ Abdul Kalam Technical University, Lucknow",416307.6923076923,0.0,,Private,Yes,Yes,www.jssateb.ac.i n,Electronics & Communication,28.369230769230768,86.7,63.4,Premium,Excellent,Not Ranked
Inderprastha Engineering College,ELECTRICAL AND ELECTRONICS ENGINEERING,Ghaziabad,Uttar Pradesh,"Dr APJ Abdul Kalam Technical University, Lucknow",386555.5555555556,0.0,,Private,Yes,Yes,www.ipec.org.in,Electronics & Communication,31.344444444444438,86.7,64.6,Premium,Excellent,Not Ranked
Ajay Kumar Garg Engineering College,ELECTRICAL AND ELECTRONICS ENGINEERING,Ghaziabad,Uttar Pradesh,"Dr APJ Abdul Kalam Technical University, Lucknow",378875.0,2.79,,Private,Yes,Yes,www.akgec.org,Electronics & Communication,32.1125,71.2,55.6,Premium,Good,Not Ranked
Noida Institute of Engineering and Technology,ELECTRICAL AND ELECTRONICS ENGINEERING,Greater Noida,Uttar Pradesh,"Dr APJ Abdul Kalam Technical University, Lucknow",340291.6666666667,3.23,101.0,Private,Yes,Yes,www.niet.co.in,Electronics & Communication,35.97083333333333,68.9,55.7,Premium,Good,Top 200
Galgotias College of Engineering and Technology,ELECTRICAL AND ELECTRONICS ENGINEERING,Greater Noida,Uttar Pradesh,"Dr APJ Abdul Kalam Technical University, Lucknow",433900.0,0.0,,Private,Yes,Yes,www.galgotiacoll ege.,Electronics & Communication,26.61,86.7,62.7,Premium,Excellent,Not Ranked
IMS Engineering College,ELECTRICAL AND ELECTRONICS ENGINEERING,Ghaziabad,Uttar Pradesh,"Dr APJ Abdul Kalam Technical University, Lucknow",454818.1818181818,0.0,,Private,Yes,Yes,www.imsec.ac.in,Electronics & Communication,24.518181818181816,86.7,61.8,Premium,Excellent,Not Ranked
ABES Engineering College,ELECTRICAL AND ELECTRONICS ENGINEERING,Ghaziabad,Uttar Pradesh,"Dr APJ Abdul Kalam Technical University, Lucknow",356857.14285714284,2.75,,Private,Yes,Yes,www.abes.ac.in,Electronics & Communication,34.31428571428572,70.8,56.2,Premium,Good,Not Ranked
KIET Group of Institutions,ELECTRICAL AND ELECTRONICS ENGINEERING,Ghaziabad,Uttar Pradesh,"Dr APJ Abdul Kalam Technical University, Lucknow",372421.0526315789,0.0,,Private,Yes,Yes,www.kiet.edu,Electronics & Communication,32.75789473684211,86.7,65.1,Premium,Excellent,Not Ranked
Galgotias College of Engineering and Technology,ELECTRICAL ENGINEERING,Greater Noida,Uttar Pradesh,"Dr APJ Abdul Kalam Technical University, Lucknow",433900.0,0.0,,Private,Yes,Yes,www.galgotiacoll ege.,Electrical & Power,26.61,86.7,62.7,Premium,Excellent,Not Ranked
JSS Academy of Technical Education,ELECTRICAL ENGINEERING,Noida,Uttar Pradesh,"Dr APJ Abdul Kalam Technical University, Lucknow",416307.6923076923,0.0,,Private,Yes,Yes,www.jssateb.ac.i n,Electrical & Power,28.369230769230768,86.7,63.4,Premium,Excellent,Not Ranked
IMS Engineering College,ELECTRONICS & COMMUNICATION ENGG,Ghaziabad,Uttar Pradesh,"Dr APJ Abdul Kalam Technical University, Lucknow",454818.1818181818,0.0,,Private,Yes,Yes,www.imsec.ac.in,Electronics & Communication,24.518181818181816,86.7,61.8,Premium,Excellent,Not Ranked
KIET Group of Institutions,ELECTRONICS & COMMUNICATION ENGG,Ghaziabad,Uttar Pradesh,"Dr APJ Abdul Kalam Technical University, Lucknow",372421.0526315789,0.0,,Private,Yes,Yes,www.kiet.edu,Electronics & Communication,32.75789473684211,86.7,65.1,Premium,Excellent,Not Ranked
Ajay Kumar Garg Engineering College,ELECTRONICS & COMMUNICATION ENGG,Ghaziabad,Uttar Pradesh,"Dr APJ Abdul Kalam Technical University, Lucknow",378875.0,2.79,,Private,Yes,Yes,www.akgec.org,Electronics & Communication,32.1125,71.2,55.6,Premium,Good,Not Ranked
Galgotias College of Engineering and Technology,ELECTRONICS & COMMUNICATION ENGG,Greater Noida,Uttar Pradesh,"Dr APJ Abdul Kalam Technical University, Lucknow",433900.0,0.0,,Private,Yes,Yes,www.galgotiacoll ege.,Electronics & Communication,26.61,86.7,62.7,Premium,Excellent,Not Ranked
ABES Engineering College,ELECTRONICS & COMMUNICATION ENGG,Ghaziabad,Uttar Pradesh,"Dr APJ Abdul Kalam Technical University, Lucknow",356857.14285714284,2.75,,Private,Yes,Yes,www.abes.ac.in,Electronics & Communication,34.31428571428572,70.8,56.2,Premium,Good,Not Ranked
Inderprastha Engineering College,ELECTRONICS & COMMUNICATION ENGG,Ghaziabad,Uttar Pradesh,"Dr APJ Abdul Kalam Technical University, Lucknow",386555.5555555556,0.0,,Private,Yes,Yes,www.ipec.org.in,Electronics & Communication,31.344444444444438,86.7,64.6,Premium,Excellent,Not Ranked
Noida Institute of Engineering and Technology,ELECTRONICS & COMMUNICATION ENGG,Greater Noida,Uttar Pradesh,"Dr APJ Abdul Kalam Technical University, Lucknow",340291.6666666667,3.23,101.0,Private,Yes,Yes,www.niet.co.in,Electronics & Communication,35.97083333333333,68.9,55.7,Premium,Good,Top 200
IMS Engineering College,ELECTRONICS & COMMUNICATION ENGINEERING,Ghaziabad,Uttar Pradesh,"Dr APJ Abdul Kalam Technical University, Lucknow",454818.1818181818,0.0,,Private,Yes,Yes,www.imsec.ac.in,Electronics & Communication,24.518181818181816,86.7,61.8,Premium,Excellent,Not Ranked
JSS Academy of Technical Education,ELECTRONICS AND COMMUNICATIONS ENGINEERING,Noida,Uttar Pradesh,"Dr APJ Abdul Kalam Technical University, Lucknow",416307.6923076923,0.0,,Private,Yes,Yes,www.jssateb.ac.i n,Electronics & Communication,28.369230769230768,86.7,63.4,Premium,Excellent,Not Ranked
KIET Group of Institutions,ELECTRONICS AND INSTRUMENTATION ENGINEERING,Ghaziabad,Uttar Pradesh,"Dr APJ Abdul Kalam Technical University, Lucknow",372421.0526315789,0.0,,Private,Yes,Yes,www.kiet.edu,Electronics & Communication,32.75789473684211,86.7,65.1,Premium,Excellent,Not Ranked
Ajay Kumar Garg Engineering College,ELECTRONICS AND INSTRUMENTATION ENGINEERING,Ghaziabad,Uttar Pradesh,"Dr APJ Abdul Kalam Technical University, Lucknow",378875.0,2.79,,Private,Yes,Yes,www.akgec.org,Electronics & Communication,32.1125,71.2,55.6,Premium,Good,Not Ranked
Galgotias College of Engineering and Technology,ELECTRONICS AND INSTRUMENTATION ENGINEERING,Greater Noida,Uttar Pradesh,"Dr APJ Abdul Kalam Technical University, Lucknow",433900.0,0.0,,Private,Yes,Yes,www.galgotiacoll ege.,Electronics & Communication,26.61,86.7,62.7,Premium,Excellent,Not Ranked
Ajay Kumar Garg Engineering College,INFORMATION TECHNOLOGY,Ghaziabad,Uttar Pradesh,"Dr APJ Abdul Kalam Technical University, Lucknow",378875.0,2.79,,Private,Yes,Yes,www.akgec.org,Computer Science & IT,32.1125,71.2,55.6,Premium,Good,Not Ranked
Noida Institute of Engineering and Technology,INFORMATION TECHNOLOGY,Greater Noida,Uttar Pradesh,"Dr APJ Abdul Kalam Technical University, Lucknow",340291.6666666667,3.23,101.0,Private,Yes,Yes,www.niet.co.in,Computer Science & IT,35.97083333333333,68.9,55.7,Premium,Good,Top 200
JSS Academy of Technical Education,INFORMATION TECHNOLOGY,Noida,Uttar Pradesh,"Dr APJ Abdul Kalam Technical University, Lucknow",416307.6923076923,0.0,,Private,Yes,Yes,www.jssateb.ac.i n,Computer Science & IT,28.369230769230768,86.7,63.4,Premium,Excellent,Not Ranked
Galgotias College of Engineering and Technology,INFORMATION TECHNOLOGY,Greater Noida,Uttar Pradesh,"Dr APJ Abdul Kalam Technical University, Lucknow",433900.0,0.0,,Private,Yes,Yes,www.galgotiacoll ege.,Computer Science & IT,26.61,86.7,62.7,Premium,Excellent,Not Ranked
IMS Engineering College,INFORMATION TECHNOLOGY,Ghaziabad,Uttar Pradesh,"Dr APJ Abdul Kalam Technical University, Lucknow",454818.1818181818,0.0,,Private,Yes,Yes,www.imsec.ac.in,Computer Science & IT,24.518181818181816,86.7,61.8,Premium,Excellent,Not Ranked
Inderprastha Engineering College,INFORMATION TECHNOLOGY,Ghaziabad,Uttar Pradesh,"Dr APJ Abdul Kalam Technical University, Lucknow",386555.5555555556,0.0,,Private,Yes,Yes,www.ipec.org.in,Computer Science & IT,31.344444444444438,86.7,64.6,Premium,Excellent,Not Ranked
KIET Group of Institutions,INFORMATION TECHNOLOGY,Ghaziabad,Uttar Pradesh,"Dr APJ Abdul Kalam Technical University, Lucknow",372421.0526315789,0.0,,Private,Yes,Yes,www.kiet.edu,Computer Science & IT,32.75789473684211,86.7,65.1,Premium,Excellent,Not Ranked
ABES Engineering College,INFORMATION TECHNOLOGY,Ghaziabad,Uttar Pradesh,"Dr APJ Abdul Kalam Technical University, Lucknow",356857.14285714284,2.75,,Private,Yes,Yes,www.abes.ac.in,Computer Science & IT,34.31428571428572,70.8,56.2,Premium,Good,Not Ranked
JSS Academy of Technical Education,INSTRUMENTATION AND CONTROL ENGINEERING,Noida,Uttar Pradesh,"Dr APJ Abdul Kalam Technical University, Lucknow",416307.6923076923,0.0,,Private,Yes,Yes,www.jssateb.ac.i n,Other Engineering,28.369230769230768,86.7,63.4,Premium,Excellent,Not Ranked
IMS Engineering College,MECHANICAL ENGINEERING,Ghaziabad,Uttar Pradesh,"Dr APJ Abdul Kalam Technical University, Lucknow",454818.1818181818,0.0,,Private,Yes,Yes,www.imsec.ac.in,Mechanical Engineering,24.518181818181816,86.7,61.8,Premium,Excellent,Not Ranked
Inderprastha Engineering College,MECHANICAL ENGINEERING,Ghaziabad,Uttar Pradesh,"Dr APJ Abdul Kalam Technical University, Lucknow",386555.5555555556,0.0,,Private,Yes,Yes,www.ipec.org.in,Mechanical Engineering,31.344444444444438,86.7,64.6,Premium,Excellent,Not Ranked
KIET Group of Institutions,MECHANICAL ENGINEERING,Ghaziabad,Uttar Pradesh,"Dr APJ Abdul Kalam Technical University, Lucknow",372421.0526315789,0.0,,Private,Yes,Yes,www.kiet.edu,Mechanical Engineering,32.75789473684211,86.7,65.1,Premium,Excellent,Not Ranked
Ajay Kumar Garg Engineering College,MECHANICAL ENGINEERING,Ghaziabad,Uttar Pradesh,"Dr APJ Abdul Kalam Technical University, Lucknow",378875.0,2.79,,Private,Yes,Yes,www.akgec.org,Mechanical Engineering,32.1125,71.2,55.6,Premium,Good,Not Ranked
JSS Academy of Technical Education,MECHANICAL ENGINEERING,Noida,Uttar Pradesh,"Dr APJ Abdul Kalam Technical University, Lucknow",416307.6923076923,0.0,,Private,Yes,Yes,www.jssateb.ac.i n,Mechanical Engineering,28.369230769230768,86.7,63.4,Premium,Excellent,Not Ranked
Galgotias College of Engineering and Technology,MECHANICAL ENGINEERING,Greater Noida,Uttar Pradesh,"Dr APJ Abdul Kalam Technical University, Lucknow",433900.0,0.0,,Private,Yes,Yes,www.galgotiacoll ege.,Mechanical Engineering,26.61,86.7,62.7,Premium,Excellent,Not Ranked
IMS Engineering College,MECHANICAL ENGINEERING,Ghaziabad,Uttar Pradesh,"Dr APJ Abdul Kalam Technical University, Lucknow",454818.1818181818,0.0,,Private,Yes,Yes,www.imsec.ac.in,Mechanical Engineering,24.518181818181816,86.7,61.8,Premium,Excellent,Not Ranked
ABES Engineering College,MECHANICAL ENGINEERING,Ghaziabad,Uttar Pradesh,"Dr APJ Abdul Kalam Technical University, Lucknow",356857.14285714284,2.75,,Private,Yes,Yes,www.abes.ac.in,Mechanical Engineering,34.31428571428572,70.8,56.2,Premium,Good,Not Ranked
Noida Institute of Engineering and Technology,MECHANICAL ENGINEERING,Greater Noida,Uttar Pradesh,"Dr APJ Abdul Kalam Technical University, Lucknow",340291.6666666667,3.23,101.0,Private,Yes,Yes,www.niet.co.in,Mechanical Engineering,35.97083333333333,68.9,55.7,Premium,Good,Top 200
Park College of Technology,AGRICULTURAL ENGINEERING,Karumathampatti,Tamil Nadu,"Anna University, Chennai",200000.0,0.0,,Government,No,No,www.gbpuat- tech.ac.i,Agriculture & Food Tech,60.0,20.0,36.0,Affordable,Below Average,Not Ranked
College of Engineering Roorkee,APPLIED ELECTRONICS AND INSTRUMENTATION ENGINEERING,Roorkee,Uttarakhand,"Uttarakhand Technical University, Dehradun",397750.0,0.0,,Private,No,No,www.coer.ac.in,Electronics & Communication,30.225,20.0,24.1,Premium,Below Average,Not Ranked
Park College of Technology,CIVIL ENGINEERING,Karumathampatti,Tamil Nadu,"Anna University, Chennai",200000.0,0.0,,Government,No,No,www.gbpuat- tech.ac.i,Civil Engineering,60.0,20.0,36.0,Affordable,Below Average,Not Ranked
Bishamber Sahai Institute of Technology,CIVIL ENGINEERING,Roorkee,Uttarakhand,"Uttarakhand Technical University, Dehradun",120000.0,0.0,,Private,No,No,"www.bsigrouprke
 .com",Civil Engineering,76.0,20.0,42.4,Affordable,Below Average,Not Ranked
College of Engineering Roorkee,CIVIL ENGINEERING,Roorkee,Uttarakhand,"Uttarakhand Technical University, Dehradun",397750.0,0.0,,Private,No,No,www.coer.ac.in,Civil Engineering,30.225,20.0,24.1,Premium,Below Average,Not Ranked
Park College of Technology,COMPUTER ENGINEERING,Karumathampatti,Tamil Nadu,"Anna University, Chennai",200000.0,0.0,,Government,No,No,www.gbpuat- tech.ac.i,Computer Science & IT,60.0,20.0,36.0,Affordable,Below Average,Not Ranked
College of Engineering Roorkee,COMPUTER SCIENCE AND ENGINEERING,Roorkee,Uttarakhand,"Uttarakhand Technical University, Dehradun",397750.0,0.0,,Private,No,No,www.coer.ac.in,Computer Science & IT,30.225,20.0,24.1,Premium,Below Average,Not Ranked
College of Engineering Roorkee,ELECTRICAL AND ELECTRONICS ENGINEERING,Roorkee,Uttarakhand,"Uttarakhand Technical University, Dehradun",397750.0,0.0,,Private,No,No,www.coer.ac.in,Electronics & Communication,30.225,20.0,24.1,Premium,Below Average,Not Ranked
Park College of Technology,ELECTRICAL ENGINEERING,Karumathampatti,Tamil Nadu,"Anna University, Chennai",200000.0,0.0,,Government,No,No,www.gbpuat- tech.ac.i,Electrical & Power,60.0,20.0,36.0,Affordable,Below Average,Not Ranked
Bishamber Sahai Institute of Technology,ELECTRICAL ENGINEERING,Roorkee,Uttarakhand,"Uttarakhand Technical University, Dehradun",120000.0,0.0,,Private,No,No,"www.bsigrouprke
 .com",Electrical & Power,76.0,20.0,42.4,Affordable,Below Average,Not Ranked
Park College of Technology,ELECTRONICS & COMMUNICATION ENGG,Karumathampatti,Tamil Nadu,"Anna University, Chennai",200000.0,0.0,,Government,No,No,www.gbpuat- tech.ac.i,Electronics & Communication,60.0,20.0,36.0,Affordable,Below Average,Not Ranked
Bishamber Sahai Institute of Technology,ELECTRONICS & COMMUNICATION ENGG,Roorkee,Uttarakhand,"Uttarakhand Technical University, Dehradun",120000.0,0.0,,Private,No,No,"www.bsigrouprke
 .com",Electronics & Communication,76.0,20.0,42.4,Affordable,Below Average,Not Ranked
College of Engineering Roorkee,ELECTRONICS AND TELECOMMUNICATIONS ENGINEERING,Roorkee,Uttarakhand,"Uttarakhand Technical University, Dehradun",397750.0,0.0,,Private,No,No,www.coer.ac.in,Electronics & Communication,30.225,20.0,24.1,Premium,Below Average,Not Ranked
Park College of Technology,INDUSTRIAL AND PRODUCTION ENGINEERING,Karumathampatti,Tamil Nadu,"Anna University, Chennai",200000.0,0.0,,Government,No,No,www.gbpuat- tech.ac.i,Mechanical Engineering,60.0,20.0,36.0,Affordable,Below Average,Not Ranked
Park College of Technology,INFORMATION TECHNOLOGY,Karumathampatti,Tamil Nadu,"Anna University, Chennai",200000.0,0.0,,Government,No,No,www.gbpuat- tech.ac.i,Computer Science & IT,60.0,20.0,36.0,Affordable,Below Average,Not Ranked
Bishamber Sahai Institute of Technology,INFORMATION TECHNOLOGY,Roorkee,Uttarakhand,"Uttarakhand Technical University, Dehradun",120000.0,0.0,,Private,No,No,"www.bsigrouprke
 .com",Computer Science & IT,76.0,20.0,42.4,Affordable,Below Average,Not Ranked
College of Engineering Roorkee,INFORMATION TECHNOLOGY,Roorkee,Uttarakhand,"Uttarakhand Technical University, Dehradun",397750.0,0.0,,Private,No,No,www.coer.ac.in,Computer Science & IT,30.225,20.0,24.1,Premium,Below Average,Not Ranked
Bishamber Sahai Institute of Technology,MECHANICAL AND AUTOMATION ENGINEERING,Roorkee,Uttarakhand,"Uttarakhand Technical University, Dehradun",120000.0,0.0,,Private,No,No,"www.bsigrouprke
 .com",Mechanical Engineering,76.0,20.0,42.4,Affordable,Below Average,Not Ranked
Park College of Technology,MECHANICAL ENGINEERING,Karumathampatti,Tamil Nadu,"Anna University, Chennai",200000.0,0.0,,Government,No,No,www.gbpuat- tech.ac.i,Mechanical Engineering,60.0,20.0,36.0,Affordable,Below Average,Not Ranked
College of Engineering Roorkee,MECHANICAL ENGINEERING,Roorkee,Uttarakhand,"Uttarakhand Technical University, Dehradun",397750.0,0.0,,Private,No,No,www.coer.ac.in,Mechanical Engineering,30.225,20.0,24.1,Premium,Below Average,Not Ranked
College of Engineering Roorkee,PLASTIC AND POLYMER ENGINEERING,Roorkee,Uttarakhand,"Uttarakhand Technical University, Dehradun",397750.0,0.0,,Private,No,No,www.coer.ac.in,Other Engineering,30.225,20.0,24.1,Premium,Below Average,Not Ranked
Haldia Institute of Technology,APPLIED ELECTRONICS AND INSTRUMENTATION ENGINEERING,Haldia,West Bengal,"Maulana Abul Kalam Azad University of Technology, Kolkata",284000.0,3.31,,Private,No,No,www.hithaldia.in,Electronics & Communication,43.2,43.1,43.1,Moderate,Average,Not Ranked
RCC Institute of Information Technology,APPLIED ELECTRONICS AND INSTRUMENTATION ENGINEERING,Kolkata,West Bengal,"Maulana Abul Kalam Azad University of Technology, Kolkata",269555.5555555556,0.0,,Government,No,Not Available,www.rcciit.org,Electronics & Communication,46.088888888888874,33.3,38.4,Moderate,Below Average,Not Ranked
Academy of Technology,APPLIED ELECTRONICS AND INSTRUMENTATION ENGINEERING,Hooghly,West Bengal,"Maulana Abul Kalam Azad University of Technology, Kolkata",300461.53846153844,0.0,,Private,No,No,www.aot.edu.in,Electronics & Communication,39.95384615384616,20.0,28.0,Premium,Below Average,Not Ranked
Gurukula Institute of Technology,APPLIED ELECTRONICS AND INSTRUMENTATION ENGINEERING,Jamujhari,Odisha,"Biju Patnaik University of Technology, Rourkela",157666.66666666666,0.0,,Private - Autonomous,No,No,www.gnit.ac.in,Electronics & Communication,68.46666666666667,20.0,39.4,Affordable,Below Average,Not Ranked
Asansol Engineering College,APPLIED ELECTRONICS AND INSTRUMENTATION ENGINEERING,Asansol,West Bengal,"Maulana Abul Kalam Azad University of Technology, Kolkata",264500.0,0.0,,Private,No,No,www.aecwb.edu.i n,Electronics & Communication,47.1,20.0,30.8,Moderate,Below Average,Not Ranked
Netaji Subhash Engineering College,APPLIED ELECTRONICS AND INSTRUMENTATION ENGINEERING,Garia,West Bengal,"Maulana Abul Kalam Azad University of Technology, Kolkata",307388.8888888889,0.0,,Private,No,Not Available,www.nsecollege. org,Electronics & Communication,39.26111111111111,20.0,27.7,Premium,Below Average,Not Ranked
Netaji Subhash Engineering College,BIOMEDICAL ENGINEERING,Garia,West Bengal,"Maulana Abul Kalam Azad University of Technology, Kolkata",307388.8888888889,0.0,,Private,No,Not Available,www.nsecollege. org,Chemical & Biotechnology,39.26111111111111,20.0,27.7,Premium,Below Average,Not Ranked
Haldia Institute of Technology,BIOTECHNOLOGY,Haldia,West Bengal,"Maulana Abul Kalam Azad University of Technology, Kolkata",284000.0,3.31,,Private,No,No,www.hithaldia.in,Chemical & Biotechnology,43.2,43.1,43.1,Moderate,Average,Not Ranked
Bengal Institute of Technology,BIOTECHNOLOGY,Kolkata,West Bengal,"Maulana Abul Kalam Azad University of Technology, Kolkata",288000.0,0.0,,Private,No,Not Available,"www.bitcollege.o rg,",Chemical & Biotechnology,42.4,20.0,29.0,Moderate,Below Average,Not Ranked
Haldia Institute of Technology,CHEMICAL ENGINEERING,Haldia,West Bengal,"Maulana Abul Kalam Azad University of Technology, Kolkata",284000.0,3.31,,Private,No,No,www.hithaldia.in,Chemical & Biotechnology,43.2,43.1,43.1,Moderate,Average,Not Ranked
Jadavpur University,CHEMICAL ENGINEERING,Kolkata,West Bengal,Not Available,0.0,0.0,12.0,Government,No,Not Available,www.jaduniv.edu,Chemical & Biotechnology,,64.6,64.6,Not Available,Good,Top 50
Hooghly Engineering and Technology College,CIVIL ENGINEERING,Hooghly,West Bengal,"Maulana Abul Kalam Azad University of Technology, Kolkata",380000.0,0.0,,Private,No,No,www.hetc.ac.in,Civil Engineering,32.0,20.0,24.8,Premium,Below Average,Not Ranked
Haldia Institute of Technology,CIVIL ENGINEERING,Haldia,West Bengal,"Maulana Abul Kalam Azad University of Technology, Kolkata",284000.0,3.31,,Private,No,No,www.hithaldia.in,Civil Engineering,43.2,43.1,43.1,Moderate,Average,Not Ranked
Jadavpur University,CIVIL ENGINEERING,Kolkata,West Bengal,Not Available,0.0,0.0,12.0,Government,No,Not Available,www.jaduniv.edu,Civil Engineering,,64.6,64.6,Not Available,Good,Top 50
Asansol Engineering College,CIVIL ENGINEERING,Asansol,West Bengal,"Maulana Abul Kalam Azad University of Technology, Kolkata",264500.0,0.0,,Private,No,No,www.aecwb.edu.i n,Civil Engineering,47.1,20.0,30.8,Moderate,Below Average,Not Ranked
Netaji Subhash Engineering College,CIVIL ENGINEERING,Garia,West Bengal,"Maulana Abul Kalam Azad University of Technology, Kolkata",307388.8888888889,0.0,,Private,No,Not Available,www.nsecollege. org,Civil Engineering,39.26111111111111,20.0,27.7,Premium,Below Average,Not Ranked
Jadavpur University,COMPUTER SCIENCE & ENGINEERING,Kolkata,West Bengal,Not Available,0.0,0.0,12.0,Government,No,Not Available,www.jaduniv.edu,Computer Science & IT,,64.6,64.6,Not Available,Good,Top 50
Bengal Institute of Technology,COMPUTER SCIENCE AND ENGINEERING,Kolkata,West Bengal,"Maulana Abul Kalam Azad University of Technology, Kolkata",288000.0,0.0,,Private,No,Not Available,"www.bitcollege.o rg,",Computer Science & IT,42.4,20.0,29.0,Moderate,Below Average,Not Ranked
Hooghly Engineering and Technology College,COMPUTER SCIENCE AND ENGINEERING,Hooghly,West Bengal,"Maulana Abul Kalam Azad University of Technology, Kolkata",380000.0,0.0,,Private,No,No,www.hetc.ac.in,Computer Science & IT,32.0,20.0,24.8,Premium,Below Average,Not Ranked
Haldia Institute of Technology,COMPUTER SCIENCE AND ENGINEERING,Haldia,West Bengal,"Maulana Abul Kalam Azad University of Technology, Kolkata",284000.0,3.31,,Private,No,No,www.hithaldia.in,Computer Science & IT,43.2,43.1,43.1,Moderate,Average,Not Ranked
RCC Institute of Information Technology,COMPUTER SCIENCE AND ENGINEERING,Kolkata,West Bengal,"Maulana Abul Kalam Azad University of Technology, Kolkata",269555.5555555556,0.0,,Government,No,Not Available,www.rcciit.org,Computer Science & IT,46.088888888888874,33.3,38.4,Moderate,Below Average,Not Ranked
Academy of Technology,COMPUTER SCIENCE AND ENGINEERING,Hooghly,West Bengal,"Maulana Abul Kalam Azad University of Technology, Kolkata",300461.53846153844,0.0,,Private,No,No,www.aot.edu.in,Computer Science & IT,39.95384615384616,20.0,28.0,Premium,Below Average,Not Ranked
Gurukula Institute of Technology,COMPUTER SCIENCE AND ENGINEERING,Jamujhari,Odisha,"Biju Patnaik University of Technology, Rourkela",157666.66666666666,0.0,,Private - Autonomous,No,No,www.gnit.ac.in,Computer Science & IT,68.46666666666667,20.0,39.4,Affordable,Below Average,Not Ranked
Asansol Engineering College,COMPUTER SCIENCE AND ENGINEERING,Asansol,West Bengal,"Maulana Abul Kalam Azad University of Technology, Kolkata",264500.0,0.0,,Private,No,No,www.aecwb.edu.i n,Computer Science & IT,47.1,20.0,30.8,Moderate,Below Average,Not Ranked
Netaji Subhash Engineering College,COMPUTER SCIENCE AND ENGINEERING,Garia,West Bengal,"Maulana Abul Kalam Azad University of Technology, Kolkata",307388.8888888889,0.0,,Private,No,Not Available,www.nsecollege. org,Computer Science & IT,39.26111111111111,20.0,27.7,Premium,Below Average,Not Ranked
BP Poddar Institute of Management and Technology,COMPUTER SCIENCE AND ENGINEERING,Kolkata,West Bengal,"Maulana Abul Kalam Azad University of Technology, Kolkata",315285.71428571426,0.0,,Private,No,No,www.bppimt.ac.i n,Computer Science & IT,38.471428571428575,20.0,27.4,Premium,Below Average,Not Ranked
Jadavpur University,CONSTRUCTION ENGINEERING,Kolkata,West Bengal,Not Available,0.0,0.0,12.0,Government,No,Not Available,www.jaduniv.edu,Civil Engineering,,64.6,64.6,Not Available,Good,Top 50
RCC Institute of Information Technology,ELECTRICAL ENGINEERING,Kolkata,West Bengal,"Maulana Abul Kalam Azad University of Technology, Kolkata",269555.5555555556,0.0,,Government,No,Not Available,www.rcciit.org,Electrical & Power,46.088888888888874,33.3,38.4,Moderate,Below Average,Not Ranked
BP Poddar Institute of Management and Technology,ELECTRICAL ENGINEERING,Kolkata,West Bengal,"Maulana Abul Kalam Azad University of Technology, Kolkata",315285.71428571426,0.0,,Private,No,No,www.bppimt.ac.i n,Electrical & Power,38.471428571428575,20.0,27.4,Premium,Below Average,Not Ranked
Hooghly Engineering and Technology College,ELECTRICAL ENGINEERING,Hooghly,West Bengal,"Maulana Abul Kalam Azad University of Technology, Kolkata",380000.0,0.0,,Private,No,No,www.hetc.ac.in,Electrical & Power,32.0,20.0,24.8,Premium,Below Average,Not Ranked
Haldia Institute of Technology,ELECTRICAL ENGINEERING,Haldia,West Bengal,"Maulana Abul Kalam Azad University of Technology, Kolkata",284000.0,3.31,,Private,No,No,www.hithaldia.in,Electrical & Power,43.2,43.1,43.1,Moderate,Average,Not Ranked
Academy of Technology,ELECTRICAL ENGINEERING,Hooghly,West Bengal,"Maulana Abul Kalam Azad University of Technology, Kolkata",300461.53846153844,0.0,,Private,No,No,www.aot.edu.in,Electrical & Power,39.95384615384616,20.0,28.0,Premium,Below Average,Not Ranked
Jadavpur University,ELECTRICAL ENGINEERING,Kolkata,West Bengal,Not Available,0.0,0.0,12.0,Government,No,Not Available,www.jaduniv.edu,Electrical & Power,,64.6,64.6,Not Available,Good,Top 50
Gurukula Institute of Technology,ELECTRICAL ENGINEERING,Jamujhari,Odisha,"Biju Patnaik University of Technology, Rourkela",157666.66666666666,0.0,,Private - Autonomous,No,No,www.gnit.ac.in,Electrical & Power,68.46666666666667,20.0,39.4,Affordable,Below Average,Not Ranked
Asansol Engineering College,ELECTRICAL ENGINEERING,Asansol,West Bengal,"Maulana Abul Kalam Azad University of Technology, Kolkata",264500.0,0.0,,Private,No,No,www.aecwb.edu.i n,Electrical & Power,47.1,20.0,30.8,Moderate,Below Average,Not Ranked
Netaji Subhash Engineering College,ELECTRICAL ENGINEERING,Garia,West Bengal,"Maulana Abul Kalam Azad University of Technology, Kolkata",307388.8888888889,0.0,,Private,No,Not Available,www.nsecollege. org,Electrical & Power,39.26111111111111,20.0,27.7,Premium,Below Average,Not Ranked
Haldia Institute of Technology,ELECTRONICS & COMMUNICATION ENGG,Haldia,West Bengal,"Maulana Abul Kalam Azad University of Technology, Kolkata",284000.0,3.31,,Private,No,No,www.hithaldia.in,Electronics & Communication,43.2,43.1,43.1,Moderate,Average,Not Ranked
RCC Institute of Information Technology,ELECTRONICS & COMMUNICATION ENGG,Kolkata,West Bengal,"Maulana Abul Kalam Azad University of Technology, Kolkata",269555.5555555556,0.0,,Government,No,Not Available,www.rcciit.org,Electronics & Communication,46.088888888888874,33.3,38.4,Moderate,Below Average,Not Ranked
Gurukula Institute of Technology,ELECTRONICS & COMMUNICATION ENGG,Jamujhari,Odisha,"Biju Patnaik University of Technology, Rourkela",157666.66666666666,0.0,,Private - Autonomous,No,No,www.gnit.ac.in,Electronics & Communication,68.46666666666667,20.0,39.4,Affordable,Below Average,Not Ranked
Netaji Subhash Engineering College,ELECTRONICS & COMMUNICATION ENGG,Garia,West Bengal,"Maulana Abul Kalam Azad University of Technology, Kolkata",307388.8888888889,0.0,,Private,No,Not Available,www.nsecollege. org,Electronics & Communication,39.26111111111111,20.0,27.7,Premium,Below Average,Not Ranked
BP Poddar Institute of Management and Technology,ELECTRONICS & COMMUNICATION ENGG,Kolkata,West Bengal,"Maulana Abul Kalam Azad University of Technology, Kolkata",315285.71428571426,0.0,,Private,No,No,www.bppimt.ac.i n,Electronics & Communication,38.471428571428575,20.0,27.4,Premium,Below Average,Not Ranked
Hooghly Engineering and Technology College,ELECTRONICS & TELE- COMMUNICATION ENGINEERING,Hooghly,West Bengal,"Maulana Abul Kalam Azad University of Technology, Kolkata",380000.0,0.0,,Private,No,No,www.hetc.ac.in,Electronics & Communication,32.0,20.0,24.8,Premium,Below Average,Not Ranked
Jadavpur University,ELECTRONICS & TELE- COMMUNICATION ENGINEERING,Kolkata,West Bengal,Not Available,0.0,0.0,12.0,Government,No,Not Available,www.jaduniv.edu,Electronics & Communication,,64.6,64.6,Not Available,Good,Top 50
Bengal Institute of Technology,ELECTRONICS AND COMMUNICATIONS ENGINEERING,Kolkata,West Bengal,"Maulana Abul Kalam Azad University of Technology, Kolkata",288000.0,0.0,,Private,No,Not Available,"www.bitcollege.o rg,",Electronics & Communication,42.4,20.0,29.0,Moderate,Below Average,Not Ranked
Academy of Technology,ELECTRONICS AND COMMUNICATIONS ENGINEERING,Hooghly,West Bengal,"Maulana Abul Kalam Azad University of Technology, Kolkata",300461.53846153844,0.0,,Private,No,No,www.aot.edu.in,Electronics & Communication,39.95384615384616,20.0,28.0,Premium,Below Average,Not Ranked
Asansol Engineering College,ELECTRONICS AND COMMUNICATIONS ENGINEERING,Asansol,West Bengal,"Maulana Abul Kalam Azad University of Technology, Kolkata",264500.0,0.0,,Private,No,No,www.aecwb.edu.i n,Electronics & Communication,47.1,20.0,30.8,Moderate,Below Average,Not Ranked
Jadavpur University,FOOD ENGINEERING AND TECHNOLOGY,Kolkata,West Bengal,Not Available,0.0,0.0,12.0,Government,No,Not Available,www.jaduniv.edu,Agriculture & Food Tech,,64.6,64.6,Not Available,Good,Top 50
Haldia Institute of Technology,FOOD TECHNOLOGY,Haldia,West Bengal,"Maulana Abul Kalam Azad University of Technology, Kolkata",284000.0,3.31,,Private,No,No,www.hithaldia.in,Agriculture & Food Tech,43.2,43.1,43.1,Moderate,Average,Not Ranked
Gurukula Institute of Technology,FOOD TECHNOLOGY,Jamujhari,Odisha,"Biju Patnaik University of Technology, Rourkela",157666.66666666666,0.0,,Private - Autonomous,No,No,www.gnit.ac.in,Agriculture & Food Tech,68.46666666666667,20.0,39.4,Affordable,Below Average,Not Ranked
Haldia Institute of Technology,INFORMATION TECHNOLOGY,Haldia,West Bengal,"Maulana Abul Kalam Azad University of Technology, Kolkata",284000.0,3.31,,Private,No,No,www.hithaldia.in,Computer Science & IT,43.2,43.1,43.1,Moderate,Average,Not Ranked
Academy of Technology,INFORMATION TECHNOLOGY,Hooghly,West Bengal,"Maulana Abul Kalam Azad University of Technology, Kolkata",300461.53846153844,0.0,,Private,No,No,www.aot.edu.in,Computer Science & IT,39.95384615384616,20.0,28.0,Premium,Below Average,Not Ranked
Bengal Institute of Technology,INFORMATION TECHNOLOGY,Kolkata,West Bengal,"Maulana Abul Kalam Azad University of Technology, Kolkata",288000.0,0.0,,Private,No,Not Available,"www.bitcollege.o rg,",Computer Science & IT,42.4,20.0,29.0,Moderate,Below Average,Not Ranked
Gurukula Institute of Technology,INFORMATION TECHNOLOGY,Jamujhari,Odisha,"Biju Patnaik University of Technology, Rourkela",157666.66666666666,0.0,,Private - Autonomous,No,No,www.gnit.ac.in,Computer Science & IT,68.46666666666667,20.0,39.4,Affordable,Below Average,Not Ranked
BP Poddar Institute of Management and Technology,INFORMATION TECHNOLOGY,Kolkata,West Bengal,"Maulana Abul Kalam Azad University of Technology, Kolkata",315285.71428571426,0.0,,Private,No,No,www.bppimt.ac.i n,Computer Science & IT,38.471428571428575,20.0,27.4,Premium,Below Average,Not Ranked
RCC Institute of Information Technology,INFORMATION TECHNOLOGY,Kolkata,West Bengal,"Maulana Abul Kalam Azad University of Technology, Kolkata",269555.5555555556,0.0,,Government,No,Not Available,www.rcciit.org,Computer Science & IT,46.088888888888874,33.3,38.4,Moderate,Below Average,Not Ranked
Jadavpur University,INFORMATION TECHNOLOGY,Kolkata,West Bengal,Not Available,0.0,0.0,12.0,Government,No,Not Available,www.jaduniv.edu,Computer Science & IT,,64.6,64.6,Not Available,Good,Top 50
Asansol Engineering College,INFORMATION TECHNOLOGY,Asansol,West Bengal,"Maulana Abul Kalam Azad University of Technology, Kolkata",264500.0,0.0,,Private,No,No,www.aecwb.edu.i n,Computer Science & IT,47.1,20.0,30.8,Moderate,Below Average,Not Ranked
Netaji Subhash Engineering College,INFORMATION TECHNOLOGY,Garia,West Bengal,"Maulana Abul Kalam Azad University of Technology, Kolkata",307388.8888888889,0.0,,Private,No,Not Available,www.nsecollege. org,Computer Science & IT,39.26111111111111,20.0,27.7,Premium,Below Average,Not Ranked
Jadavpur University,INSTRUMENTATION & ELECTRONICS,Kolkata,West Bengal,Not Available,0.0,0.0,12.0,Government,No,Not Available,www.jaduniv.edu,Electronics & Communication,,64.6,64.6,Not Available,Good,Top 50
Haldia Institute of Technology,INSTRUMENTATION AND CONTROL ENGINEERING,Haldia,West Bengal,"Maulana Abul Kalam Azad University of Technology, Kolkata",284000.0,3.31,,Private,No,No,www.hithaldia.in,Other Engineering,43.2,43.1,43.1,Moderate,Average,Not Ranked
Hooghly Engineering and Technology College,MECHANICAL ENGINEERING,Hooghly,West Bengal,"Maulana Abul Kalam Azad University of Technology, Kolkata",380000.0,0.0,,Private,No,No,www.hetc.ac.in,Mechanical Engineering,32.0,20.0,24.8,Premium,Below Average,Not Ranked
Haldia Institute of Technology,MECHANICAL ENGINEERING,Haldia,West Bengal,"Maulana Abul Kalam Azad University of Technology, Kolkata",284000.0,3.31,,Private,No,No,www.hithaldia.in,Mechanical Engineering,43.2,43.1,43.1,Moderate,Average,Not Ranked
Academy of Technology,MECHANICAL ENGINEERING,Hooghly,West Bengal,"Maulana Abul Kalam Azad University of Technology, Kolkata",300461.53846153844,0.0,,Private,No,No,www.aot.edu.in,Mechanical Engineering,39.95384615384616,20.0,28.0,Premium,Below Average,Not Ranked
Jadavpur University,MECHANICAL ENGINEERING,Kolkata,West Bengal,Not Available,0.0,0.0,12.0,Government,No,Not Available,www.jaduniv.edu,Mechanical Engineering,,64.6,64.6,Not Available,Good,Top 50
Asansol Engineering College,MECHANICAL ENGINEERING,Asansol,West Bengal,"Maulana Abul Kalam Azad University of Technology, Kolkata",264500.0,0.0,,Private,No,No,www.aecwb.edu.i n,Mechanical Engineering,47.1,20.0,30.8,Moderate,Below Average,Not Ranked
Netaji Subhash Engineering College,MECHANICAL ENGINEERING,Garia,West Bengal,"Maulana Abul Kalam Azad University of Technology, Kolkata",307388.8888888889,0.0,,Private,No,Not Available,www.nsecollege. org,Mechanical Engineering,39.26111111111111,20.0,27.7,Premium,Below Average,Not Ranked
Jadavpur University,METALLURGICAL ENGINEERING,Kolkata,West Bengal,Not Available,0.0,0.0,12.0,Government,No,Not Available,www.jaduniv.edu,Mining & Metallurgy,,64.6,64.6,Not Available,Good,Top 50
Jadavpur University,POWER ENGINEERING,Kolkata,West Bengal,Not Available,0.0,0.0,12.0,Government,No,Not Available,www.jaduniv.edu,Electrical & Power,,64.6,64.6,Not Available,Good,Top 50
Jadavpur University,PRINTING TECHNOLOGY,Kolkata,West Bengal,Not Available,0.0,0.0,12.0,Government,No,Not Available,www.jaduniv.edu,Other Engineering,,64.6,64.6,Not Available,Good,Top 50
Haldia Institute of Technology,PRODUCTION ENGINEERING,Haldia,West Bengal,"Maulana Abul Kalam Azad University of Technology, Kolkata",284000.0,3.31,,Private,No,No,www.hithaldia.in,Mechanical Engineering,43.2,43.1,43.1,Moderate,Average,Not Ranked
Jadavpur University,PRODUCTION ENGINEERING,Kolkata,West Bengal,Not Available,0.0,0.0,12.0,Government,No,Not Available,www.jaduniv.edu,Mechanical Engineering,,64.6,64.6,Not Available,Good,Top 50
Heritage Institute of Technology,APPLIED ELECTRONICS AND INSTRUMENTATION ENGINEERING,Kolkata,West Bengal,"Maulana Abul Kalam Azad University of Technology, Kolkata",326320.0,2.76,,Private - Autonomous,Yes,Yes,www.heritageit.e du,Electronics & Communication,37.368,70.9,57.5,Premium,Good,Not Ranked
Gopalan College of Engineering and Management,APPLIED ELECTRONICS AND INSTRUMENTATION ENGINEERING,Bengaluru,Karnataka,"Visvesvaraya Technological University, Belagavi",149000.0,0.0,,Private,Yes,Yes,www.cemkolagha t.org,Electronics & Communication,70.2,86.7,80.1,Affordable,Excellent,Not Ranked
Dr. BC Roy Engineering College,APPLIED ELECTRONICS AND INSTRUMENTATION ENGINEERING,Durgapur,West Bengal,"Maulana Abul Kalam Azad University of Technology, Kolkata",280187.5,0.0,,Private,Yes,Yes,www.bcrec.ac.in,Electronics & Communication,43.9625,86.7,69.6,Moderate,Excellent,Not Ranked
MCKV Institute of Engineering,AUTOMOBILE ENGINEERING,Howrah,West Bengal,"Maulana Abul Kalam Azad University of Technology, Kolkata",294857.14285714284,0.0,,Private,Yes,Yes,www.mckvie.edu. in,Mechanical Engineering,41.02857142857143,86.7,68.4,Moderate,Excellent,Not Ranked
Heritage Institute of Technology,BIOTECHNOLOGY,Kolkata,West Bengal,"Maulana Abul Kalam Azad University of Technology, Kolkata",326320.0,2.76,,Private - Autonomous,Yes,Yes,www.heritageit.e du,Chemical & Biotechnology,37.368,70.9,57.5,Premium,Good,Not Ranked
Heritage Institute of Technology,CHEMICAL ENGINEERING,Kolkata,West Bengal,"Maulana Abul Kalam Azad University of Technology, Kolkata",326320.0,2.76,,Private - Autonomous,Yes,Yes,www.heritageit.e du,Chemical & Biotechnology,37.368,70.9,57.5,Premium,Good,Not Ranked
Bengal College of Engineering and Technology,CIVIL ENGINEERING,Durgapur,West Bengal,"Maulana Abul Kalam Azad University of Technology, Kolkata",318900.0,0.0,,Private,Yes,Yes,www.bcetdgp.ac.i n,Civil Engineering,38.11,86.7,67.3,Premium,Excellent,Not Ranked
Heritage Institute of Technology,CIVIL ENGINEERING,Kolkata,West Bengal,"Maulana Abul Kalam Azad University of Technology, Kolkata",326320.0,2.76,,Private - Autonomous,Yes,Yes,www.heritageit.e du,Civil Engineering,37.368,70.9,57.5,Premium,Good,Not Ranked
Dr. BC Roy Engineering College,CIVIL ENGINEERING,Durgapur,West Bengal,"Maulana Abul Kalam Azad University of Technology, Kolkata",280187.5,0.0,,Private,Yes,Yes,www.bcrec.ac.in,Civil Engineering,43.9625,86.7,69.6,Moderate,Excellent,Not Ranked
Narula Institute of Technology,CIVIL ENGINEERING,Kolkata,West Bengal,"Maulana Abul Kalam Azad University of Technology, Kolkata",281368.4210526316,2.43,,Private - Autonomous,Yes,Yes,www.nit.ac.in,Civil Engineering,43.72631578947369,67.6,58.1,Moderate,Good,Not Ranked
MCKV Institute of Engineering,COMPUTER SCIENCE AND ENGINEERING,Howrah,West Bengal,"Maulana Abul Kalam Azad University of Technology, Kolkata",294857.14285714284,0.0,,Private,Yes,Yes,www.mckvie.edu. in,Computer Science & IT,41.02857142857143,86.7,68.4,Moderate,Excellent,Not Ranked
Gopalan College of Engineering and Management,COMPUTER SCIENCE AND ENGINEERING,Bengaluru,Karnataka,"Visvesvaraya Technological University, Belagavi",149000.0,0.0,,Private,Yes,Yes,www.cemkolagha t.org,Computer Science & IT,70.2,86.7,80.1,Affordable,Excellent,Not Ranked
Dr. BC Roy Engineering College,COMPUTER SCIENCE AND ENGINEERING,Durgapur,West Bengal,"Maulana Abul Kalam Azad University of Technology, Kolkata",280187.5,0.0,,Private,Yes,Yes,www.bcrec.ac.in,Computer Science & IT,43.9625,86.7,69.6,Moderate,Excellent,Not Ranked
Narula Institute of Technology,COMPUTER SCIENCE AND ENGINEERING,Kolkata,West Bengal,"Maulana Abul Kalam Azad University of Technology, Kolkata",281368.4210526316,2.43,,Private - Autonomous,Yes,Yes,www.nit.ac.in,Computer Science & IT,43.72631578947369,67.6,58.1,Moderate,Good,Not Ranked
Heritage Institute of Technology,COMPUTER SCIENCE AND ENGINEERING,Kolkata,West Bengal,"Maulana Abul Kalam Azad University of Technology, Kolkata",326320.0,2.76,,Private - Autonomous,Yes,Yes,www.heritageit.e du,Computer Science & IT,37.368,70.9,57.5,Premium,Good,Not Ranked
Bengal College of Engineering and Technology,COMPUTER SCIENCE AND ENGINEERING,Durgapur,West Bengal,"Maulana Abul Kalam Azad University of Technology, Kolkata",318900.0,0.0,,Private,Yes,Yes,www.bcetdgp.ac.i n,Computer Science & IT,38.11,86.7,67.3,Premium,Excellent,Not Ranked
Institute of Engineering and Management,COMPUTER SCIENCE AND ENGINEERING,Kolkata,West Bengal,"Maulana Abul Kalam Azad University of Technology, Kolkata",468500.0,3.25,151.0,Private,Yes,Yes,www.iemcal.com,Computer Science & IT,23.15,65.2,48.4,Premium,Good,Top 200
Bengal College of Engineering and Technology,ELECTRICAL AND ELECTRONICS ENGINEERING,Durgapur,West Bengal,"Maulana Abul Kalam Azad University of Technology, Kolkata",318900.0,0.0,,Private,Yes,Yes,www.bcetdgp.ac.i n,Electronics & Communication,38.11,86.7,67.3,Premium,Excellent,Not Ranked
Institute of Engineering and Management,ELECTRICAL AND ELECTRONICS ENGINEERING,Kolkata,West Bengal,"Maulana Abul Kalam Azad University of Technology, Kolkata",468500.0,3.25,151.0,Private,Yes,Yes,www.iemcal.com,Electronics & Communication,23.15,65.2,48.4,Premium,Good,Top 200
Heritage Institute of Technology,ELECTRICAL ENGINEERING,Kolkata,West Bengal,"Maulana Abul Kalam Azad University of Technology, Kolkata",326320.0,2.76,,Private - Autonomous,Yes,Yes,www.heritageit.e du,Electrical & Power,37.368,70.9,57.5,Premium,Good,Not Ranked
Bengal College of Engineering and Technology,ELECTRICAL ENGINEERING,Durgapur,West Bengal,"Maulana Abul Kalam Azad University of Technology, Kolkata",318900.0,0.0,,Private,Yes,Yes,www.bcetdgp.ac.i n,Electrical & Power,38.11,86.7,67.3,Premium,Excellent,Not Ranked
MCKV Institute of Engineering,ELECTRICAL ENGINEERING,Howrah,West Bengal,"Maulana Abul Kalam Azad University of Technology, Kolkata",294857.14285714284,0.0,,Private,Yes,Yes,www.mckvie.edu. in,Electrical & Power,41.02857142857143,86.7,68.4,Moderate,Excellent,Not Ranked
Gopalan College of Engineering and Management,ELECTRICAL ENGINEERING,Bengaluru,Karnataka,"Visvesvaraya Technological University, Belagavi",149000.0,0.0,,Private,Yes,Yes,www.cemkolagha t.org,Electrical & Power,70.2,86.7,80.1,Affordable,Excellent,Not Ranked
Institute of Engineering and Management,ELECTRICAL ENGINEERING,Kolkata,West Bengal,"Maulana Abul Kalam Azad University of Technology, Kolkata",468500.0,3.25,151.0,Private,Yes,Yes,www.iemcal.com,Electrical & Power,23.15,65.2,48.4,Premium,Good,Top 200
Dr. BC Roy Engineering College,ELECTRICAL ENGINEERING,Durgapur,West Bengal,"Maulana Abul Kalam Azad University of Technology, Kolkata",280187.5,0.0,,Private,Yes,Yes,www.bcrec.ac.in,Electrical & Power,43.9625,86.7,69.6,Moderate,Excellent,Not Ranked
Narula Institute of Technology,ELECTRICAL ENGINEERING,Kolkata,West Bengal,"Maulana Abul Kalam Azad University of Technology, Kolkata",281368.4210526316,2.43,,Private - Autonomous,Yes,Yes,www.nit.ac.in,Electrical & Power,43.72631578947369,67.6,58.1,Moderate,Good,Not Ranked
MCKV Institute of Engineering,ELECTRONICS & COMMUNICATION ENGG,Howrah,West Bengal,"Maulana Abul Kalam Azad University of Technology, Kolkata",294857.14285714284,0.0,,Private,Yes,Yes,www.mckvie.edu. in,Electronics & Communication,41.02857142857143,86.7,68.4,Moderate,Excellent,Not Ranked
Gopalan College of Engineering and Management,ELECTRONICS & COMMUNICATION ENGG,Bengaluru,Karnataka,"Visvesvaraya Technological University, Belagavi",149000.0,0.0,,Private,Yes,Yes,www.cemkolagha t.org,Electronics & Communication,70.2,86.7,80.1,Affordable,Excellent,Not Ranked
Dr. BC Roy Engineering College,ELECTRONICS & COMMUNICATION ENGG,Durgapur,West Bengal,"Maulana Abul Kalam Azad University of Technology, Kolkata",280187.5,0.0,,Private,Yes,Yes,www.bcrec.ac.in,Electronics & Communication,43.9625,86.7,69.6,Moderate,Excellent,Not Ranked
Bengal College of Engineering and Technology,ELECTRONICS AND COMMUNICATIONS ENGINEERING,Durgapur,West Bengal,"Maulana Abul Kalam Azad University of Technology, Kolkata",318900.0,0.0,,Private,Yes,Yes,www.bcetdgp.ac.i n,Electronics & Communication,38.11,86.7,67.3,Premium,Excellent,Not Ranked
Narula Institute of Technology,ELECTRONICS AND COMMUNICATIONS ENGINEERING,Kolkata,West Bengal,"Maulana Abul Kalam Azad University of Technology, Kolkata",281368.4210526316,2.43,,Private - Autonomous,Yes,Yes,www.nit.ac.in,Electronics & Communication,43.72631578947369,67.6,58.1,Moderate,Good,Not Ranked
Heritage Institute of Technology,ELECTRONICS AND COMMUNICATIONS ENGINEERING,Kolkata,West Bengal,"Maulana Abul Kalam Azad University of Technology, Kolkata",326320.0,2.76,,Private - Autonomous,Yes,Yes,www.heritageit.e du,Electronics & Communication,37.368,70.9,57.5,Premium,Good,Not Ranked
Institute of Engineering and Management,ELECTRONICS AND COMMUNICATIONS ENGINEERING,Kolkata,West Bengal,"Maulana Abul Kalam Azad University of Technology, Kolkata",468500.0,3.25,151.0,Private,Yes,Yes,www.iemcal.com,Electronics & Communication,23.15,65.2,48.4,Premium,Good,Top 200
Narula Institute of Technology,ELECTRONICS AND INSTRUMENTATION ENGINEERING,Kolkata,West Bengal,"Maulana Abul Kalam Azad University of Technology, Kolkata",281368.4210526316,2.43,,Private - Autonomous,Yes,Yes,www.nit.ac.in,Electronics & Communication,43.72631578947369,67.6,58.1,Moderate,Good,Not Ranked
Heritage Institute of Technology,INFORMATION TECHNOLOGY,Kolkata,West Bengal,"Maulana Abul Kalam Azad University of Technology, Kolkata",326320.0,2.76,,Private - Autonomous,Yes,Yes,www.heritageit.e du,Computer Science & IT,37.368,70.9,57.5,Premium,Good,Not Ranked
MCKV Institute of Engineering,INFORMATION TECHNOLOGY,Howrah,West Bengal,"Maulana Abul Kalam Azad University of Technology, Kolkata",294857.14285714284,0.0,,Private,Yes,Yes,www.mckvie.edu. in,Computer Science & IT,41.02857142857143,86.7,68.4,Moderate,Excellent,Not Ranked
Gopalan College of Engineering and Management,INFORMATION TECHNOLOGY,Bengaluru,Karnataka,"Visvesvaraya Technological University, Belagavi",149000.0,0.0,,Private,Yes,Yes,www.cemkolagha t.org,Computer Science & IT,70.2,86.7,80.1,Affordable,Excellent,Not Ranked
Dr. BC Roy Engineering College,INFORMATION TECHNOLOGY,Durgapur,West Bengal,"Maulana Abul Kalam Azad University of Technology, Kolkata",280187.5,0.0,,Private,Yes,Yes,www.bcrec.ac.in,Computer Science & IT,43.9625,86.7,69.6,Moderate,Excellent,Not Ranked
Narula Institute of Technology,INFORMATION TECHNOLOGY,Kolkata,West Bengal,"Maulana Abul Kalam Azad University of Technology, Kolkata",281368.4210526316,2.43,,Private - Autonomous,Yes,Yes,www.nit.ac.in,Computer Science & IT,43.72631578947369,67.6,58.1,Moderate,Good,Not Ranked
Bengal College of Engineering and Technology,INFORMATION TECHNOLOGY,Durgapur,West Bengal,"Maulana Abul Kalam Azad University of Technology, Kolkata",318900.0,0.0,,Private,Yes,Yes,www.bcetdgp.ac.i n,Computer Science & IT,38.11,86.7,67.3,Premium,Excellent,Not Ranked
Institute of Engineering and Management,INFORMATION TECHNOLOGY,Kolkata,West Bengal,"Maulana Abul Kalam Azad University of Technology, Kolkata",468500.0,3.25,151.0,Private,Yes,Yes,www.iemcal.com,Computer Science & IT,23.15,65.2,48.4,Premium,Good,Top 200
MCKV Institute of Engineering,MECHANICAL ENGINEERING,Howrah,West Bengal,"Maulana Abul Kalam Azad University of Technology, Kolkata",294857.14285714284,0.0,,Private,Yes,Yes,www.mckvie.edu. in,Mechanical Engineering,41.02857142857143,86.7,68.4,Moderate,Excellent,Not Ranked
Institute of Engineering and Management,MECHANICAL ENGINEERING,Kolkata,West Bengal,"Maulana Abul Kalam Azad University of Technology, Kolkata",468500.0,3.25,151.0,Private,Yes,Yes,www.iemcal.com,Mechanical Engineering,23.15,65.2,48.4,Premium,Good,Top 200
Gopalan College of Engineering and Management,MECHANICAL ENGINEERING,Bengaluru,Karnataka,"Visvesvaraya Technological University, Belagavi",149000.0,0.0,,Private,Yes,Yes,www.cemkolagha t.org,Mechanical Engineering,70.2,86.7,80.1,Affordable,Excellent,Not Ranked
Narula Institute of Technology,MECHANICAL ENGINEERING,Kolkata,West Bengal,"Maulana Abul Kalam Azad University of Technology, Kolkata",281368.4210526316,2.43,,Private - Autonomous,Yes,Yes,www.nit.ac.in,Mechanical Engineering,43.72631578947369,67.6,58.1,Moderate,Good,Not Ranked
Heritage Institute of Technology,MECHANICAL ENGINEERING,Kolkata,West Bengal,"Maulana Abul Kalam Azad University of Technology, Kolkata",326320.0,2.76,,Private - Autonomous,Yes,Yes,www.heritageit.e du,Mechanical Engineering,37.368,70.9,57.5,Premium,Good,Not Ranked
Bengal College of Engineering and Technology,MECHANICAL ENGINEERING,Durgapur,West Bengal,"Maulana Abul Kalam Azad University of Technology, Kolkata",318900.0,0.0,,Private,Yes,Yes,www.bcetdgp.ac.i n,Mechanical Engineering,38.11,86.7,67.3,Premium,Excellent,Not Ranked
Dr. BC Roy Engineering College,MECHANICAL ENGINEERING,Durgapur,West Bengal,"Maulana Abul Kalam Azad University of Technology, Kolkata",280187.5,0.0,,Private,Yes,Yes,www.bcrec.ac.in,Mechanical Engineering,43.9625,86.7,69.6,Moderate,Excellent,Not Ranked
